상영일자,상영관,1회,2회,3회,4회,5회,6회,7회,좌석수
2019-03-26,01관,"22:00,  킹콩(필름)",,,,,,,89
2019-03-26,02관,"22:00,  킹콩(필름)",,,,,,,47
2019-03-27,01관,"12:00,  캡틴 마블(디지털)",,,,,,,89
2019-03-27,02관,"22:00,  킹콩(필름)",,,,,,,47
2019-03-28,01관,,,,,,"23:58,  캡틴 마블(디지털)",,89
2019-03-29,01관,,,,"21:00,  악질경찰(디지털),  6,000원",,"23:59,  돈(디지털),  6,000원",,89
2019-03-29,02관,,,,"19:25,  돈(디지털),  6,000원","21:40,  캡틴 마블(디지털),  6,000원",,,47
2019-03-30,01관,"10:15,  돈(디지털),  6,000원","13:00,  돈(디지털),  6,000원","15:15,  악질경찰(디지털),  6,000원","17:40,  돈(디지털),  6,000원","19:50,  악질경찰(디지털),  6,000원","22:15,  돈(디지털),  6,000원",,89
2019-03-30,02관,"10:30,  캡틴 마블(디지털),  6,000원","13:10,  캡틴 마블(디지털),  6,000원","15:40,  캡틴 마블(디지털),  6,000원","18:05,  캡틴 마블(디지털),  6,000원","20:40,  캡틴 마블(디지털),  6,000원",,,47
2019-03-31,01관,"10:15,  돈(디지털),  6,000원","13:00,  돈(디지털),  6,000원","15:15,  악질경찰(디지털),  6,000원","17:40,  돈(디지털),  6,000원","19:50,  악질경찰(디지털),  6,000원","22:15,  돈(디지털),  6,000원",,89
2019-03-31,02관,"10:30,  캡틴 마블(디지털),  6,000원","13:10,  캡틴 마블(디지털),  6,000원","15:40,  캡틴 마블(디지털),  6,000원","18:05,  캡틴 마블(디지털),  6,000원","20:40,  캡틴 마블(디지털),  6,000원",,,47
2019-04-01,01관,"09:50,  돈(디지털),  6,000원","12:05,  악질경찰(디지털)","14:35,  돈(디지털),  6,000원","16:50,  악질경찰(디지털),  6,000원","19:20,  돈(디지털),  6,000원","21:35,  악질경찰(디지털)",,89
2019-04-01,02관,"10:30,  캡틴 마블(디지털),  6,000원","12:50,  캡틴 마블(디지털)","15:45,  악질경찰(디지털),  6,000원","18:30,  캡틴 마블(디지털),  6,000원","20:50,  악질경찰(디지털),  6,000원",,,47
2019-04-02,01관,"09:50,  돈(디지털)","12:05,  악질경찰(디지털)","14:35,  돈(디지털),  6,000원","16:50,  악질경찰(디지털),  6,000원","19:20,  돈(디지털),  6,000원","21:35,  악질경찰(디지털)",,89
2019-04-02,02관,"10:30,  캡틴 마블(디지털)","12:50,  캡틴 마블(디지털),  6,000원",,"18:30,  캡틴 마블(디지털)","20:50,  악질경찰(디지털),  6,000원",,,47
2019-04-03,01관,"10:25,  생일(디지털),  6,000원","13:00,  돈(디지털),  6,000원","15:15,  덤보(디지털더빙),  6,000원","17:25,  생일(디지털),  6,000원","19:40,  덤보(디지털더빙),  6,000원","21:50,  돈(디지털),  6,000원",,89
2019-04-03,02관,"09:40,  악질경찰(디지털)","12:10,  악질경찰(디지털),  6,000원","14:40,  악질경찰(디지털)","17:10,  악질경찰(디지털)","19:40,  악질경찰(디지털),  6,000원","22:10,  악질경찰(디지털)",,47
2019-04-04,01관,"10:25,  생일(디지털),  6,000원","13:00,  돈(디지털)","15:15,  덤보(디지털더빙),  6,000원","17:25,  생일(디지털),  6,000원","19:40,  덤보(디지털더빙),  6,000원","21:50,  돈(디지털)",,89
2019-04-04,02관,"09:40,  악질경찰(디지털),  6,000원","12:10,  악질경찰(디지털)","14:40,  악질경찰(디지털),  6,000원","17:10,  악질경찰(디지털)","19:40,  악질경찰(디지털)","22:10,  악질경찰(디지털)",,47
2019-04-05,01관,"10:00,  덤보(디지털더빙)","12:05,  덤보(디지털더빙)","14:20,  돈(디지털)","16:30,  돈(디지털)","18:50,  덤보(디지털더빙),  6,000원","21:00,  돈(디지털),  6,000원",,89
2019-04-05,02관,"10:25,  생일(디지털),  6,000원","12:40,  캡틴 마블(디지털)","15:00,  생일(디지털)","17:20,  생일(디지털),  6,000원","19:35,  생일(디지털),  6,000원","21:50,  생일(디지털)",,47
2019-04-06,01관,"10:00,  덤보(디지털더빙),  6,000원","12:05,  덤보(디지털더빙),  6,000원","14:20,  돈(디지털)","16:30,  돈(디지털),  6,000원","18:50,  덤보(디지털더빙),  6,000원","21:00,  돈(디지털),  6,000원",,89
2019-04-06,02관,"10:25,  생일(디지털)","12:40,  캡틴 마블(디지털),  6,000원","15:00,  생일(디지털),  6,000원","17:20,  생일(디지털),  6,000원","19:35,  생일(디지털),  6,000원","21:50,  생일(디지털),  6,000원",,47
2019-04-07,01관,"10:00,  덤보(디지털더빙)","12:05,  덤보(디지털더빙),  6,000원","14:20,  돈(디지털),  6,000원","16:30,  돈(디지털),  6,000원","18:50,  덤보(디지털더빙),  6,000원","21:00,  돈(디지털),  6,000원",,89
2019-04-07,02관,"10:25,  생일(디지털),  6,000원","12:40,  캡틴 마블(디지털),  6,000원","15:00,  생일(디지털),  6,000원","17:20,  생일(디지털),  6,000원","19:35,  생일(디지털),  6,000원","21:50,  생일(디지털),  6,000원",,47
2019-04-08,01관,"10:00,  덤보(디지털더빙)","12:05,  덤보(디지털더빙)","14:20,  돈(디지털),  6,000원","16:30,  돈(디지털)","18:50,  덤보(디지털더빙),  6,000원","21:00,  돈(디지털),  6,000원",,89
2019-04-08,02관,"10:25,  생일(디지털)","12:40,  캡틴 마블(디지털),  6,000원","15:00,  생일(디지털)","17:20,  생일(디지털),  6,000원","19:35,  생일(디지털),  6,000원","21:50,  생일(디지털)",,47
2019-04-09,01관,"10:00,  덤보(디지털더빙)","12:05,  덤보(디지털더빙)","14:20,  돈(디지털),  6,000원","16:30,  돈(디지털),  6,000원","18:50,  덤보(디지털더빙),  6,000원","21:00,  돈(디지털)",,89
2019-04-09,02관,"10:25,  생일(디지털),  6,000원","12:40,  캡틴 마블(디지털),  6,000원","15:00,  생일(디지털),  6,000원","17:20,  생일(디지털),  6,000원","19:35,  생일(디지털),  6,000원","21:50,  생일(디지털)",,47
2019-04-10,01관,"10:00,  덤보(디지털더빙)","12:05,  덤보(디지털더빙)","14:20,  돈(디지털),  6,000원","16:30,  돈(디지털)","18:50,  덤보(디지털더빙),  6,000원","21:00,  돈(디지털),  6,000원",,89
2019-04-10,02관,"10:25,  생일(디지털),  6,000원","12:40,  생일(디지털)","15:00,  생일(디지털),  6,000원","17:20,  생일(디지털)","19:35,  생일(디지털),  6,000원","21:50,  생일(디지털)",,47
2019-04-11,01관,"10:10,  헬보이(디지털)","13:00,  돈(디지털),  6,000원","15:30,  헬보이(디지털)","18:20,  헬보이(디지털),  6,000원","20:50,  돈(디지털),  6,000원",,,89
2019-04-11,02관,"10:30,  생일(디지털),  6,000원","13:10,  덤보(디지털더빙),  6,000원","15:40,  덤보(디지털더빙)","18:30,  생일(디지털)","21:10,  생일(디지털),  6,000원",,,47
2019-04-12,01관,"10:10,  헬보이(디지털),  6,000원","13:00,  돈(디지털)","15:30,  헬보이(디지털),  6,000원","18:20,  헬보이(디지털)","20:50,  돈(디지털),  6,000원",,,89
2019-04-12,02관,"10:30,  생일(디지털),  6,000원","13:10,  덤보(디지털더빙)","15:40,  덤보(디지털더빙),  6,000원","18:30,  생일(디지털),  6,000원","21:10,  생일(디지털)",,,47
2019-04-13,01관,"09:50,  헬보이(디지털)","12:10,  돈(디지털),  6,000원","14:25,  헬보이(디지털)","16:50,  돈(디지털),  6,000원","19:00,  헬보이(디지털),  6,000원","21:20,  돈(디지털),  6,000원",,89
2019-04-13,02관,"09:40,  덤보(디지털더빙),  6,000원","11:45,  생일(디지털),  6,000원","14:00,  덤보(디지털더빙),  6,000원","16:10,  생일(디지털),  6,000원","18:40,  생일(디지털)","21:00,  생일(디지털),  6,000원",,47
2019-04-14,01관,"09:50,  헬보이(디지털)","12:10,  돈(디지털),  6,000원","14:25,  헬보이(디지털),  6,000원","16:50,  돈(디지털),  6,000원","19:00,  헬보이(디지털),  6,000원","21:20,  돈(디지털),  6,000원",,89
2019-04-14,02관,"09:40,  덤보(디지털더빙)","11:45,  생일(디지털),  6,000원","14:00,  덤보(디지털더빙),  6,000원","16:10,  생일(디지털),  6,000원","18:40,  생일(디지털)","21:00,  생일(디지털),  6,000원",,47
2019-04-15,01관,,,"14:15,  덤보(디지털더빙),  6,000원","16:20,  헬보이(디지털),  6,000원","18:40,  헬보이(디지털),  6,000원","21:00,  헬보이(디지털)",,89
2019-04-15,02관,,,"14:10,  돈(디지털)","16:15,  생일(디지털),  6,000원","18:30,  돈(디지털)","20:50,  생일(디지털),  6,000원",,47
2019-04-16,01관,"10:00,  헬보이(디지털)","13:00,  덤보(디지털더빙)","15:40,  덤보(디지털더빙)","18:30,  헬보이(디지털)","20:50,  헬보이(디지털)",,,89
2019-04-16,02관,"10:20,  생일(디지털),  6,000원","13:10,  생일(디지털),  6,000원","16:00,  돈(디지털),  6,000원","18:35,  돈(디지털),  6,000원","21:05,  생일(디지털),  6,000원",,,47
2019-04-17,01관,"10:00,  헬보이(디지털),  6,000원","13:00,  덤보(디지털더빙)","15:40,  덤보(디지털더빙)","18:30,  헬보이(디지털),  6,000원","20:50,  헬보이(디지털)",,,89
2019-04-17,02관,"10:20,  생일(디지털),  6,000원","13:10,  생일(디지털),  6,000원","16:00,  돈(디지털),  6,000원","18:35,  돈(디지털),  6,000원","21:05,  생일(디지털),  6,000원",,,47
2019-04-18,01관,"10:20,  스탈린이 죽었다!(디지털)","13:00,  스탈린이 죽었다!(디지털)","15:30,  헬보이(디지털)","18:30,  스탈린이 죽었다!(디지털)","20:40,  헬보이(디지털),  6,000원",,,89
2019-04-18,02관,"10:00,  생일(디지털)","13:30,  덤보(디지털더빙)","15:50,  덤보(디지털더빙)","18:25,  돈(디지털)","21:00,  스탈린이 죽었다!(디지털),  6,000원",,,47
2019-04-19,01관,"10:25,  스탈린이 죽었다!(디지털),  6,000원",,,"17:00,  스탈린이 죽었다!(디지털),  6,000원","19:00,  헬보이(디지털),  6,000원","21:30,  스탈린이 죽었다!(디지털)",,89
2019-04-19,02관,"10:00,  덤보(디지털더빙)",,,"19:00,  생일(디지털),  6,000원","21:10,  돈(디지털),  6,000원","23:59,  돈(디지털),  6,000원",,47
2019-04-20,01관,"09:50,  스탈린이 죽었다!(디지털)","12:00,  헬보이(디지털)","14:20,  스탈린이 죽었다!(디지털)","16:20,  헬보이(디지털),  6,000원","18:50,  스탈린이 죽었다!(디지털)","21:05,  헬보이(디지털)",,89
2019-04-20,02관,"10:00,  덤보(디지털더빙)","12:10,  덤보(디지털더빙)","14:20,  덤보(디지털더빙),  6,000원","16:30,  생일(디지털),  6,000원","18:45,  생일(디지털),  6,000원","21:00,  돈(디지털),  6,000원",,47
2019-04-21,01관,"09:50,  스탈린이 죽었다!(디지털)","12:00,  헬보이(디지털)","14:20,  스탈린이 죽었다!(디지털)","16:20,  헬보이(디지털),  6,000원","18:50,  스탈린이 죽었다!(디지털)","21:05,  헬보이(디지털),  6,000원",,89
2019-04-21,02관,"10:00,  덤보(디지털더빙),  6,000원","12:10,  덤보(디지털더빙),  6,000원","14:20,  덤보(디지털더빙),  6,000원","16:30,  생일(디지털),  6,000원","18:45,  생일(디지털),  6,000원","21:00,  돈(디지털),  6,000원",,47
2019-04-22,01관,"10:30,  생일(디지털),  6,000원","13:00,  돈(디지털),  6,000원","15:30,  생일(디지털)","18:40,  돈(디지털)","21:00,  생일(디지털),  6,000원",,,89
2019-04-22,02관,"10:00,  스탈린이 죽었다!(디지털)","12:00,  스탈린이 죽었다!(디지털)","14:00,  덤보(디지털더빙)","16:20,  덤보(디지털더빙),  6,000원","18:45,  헬보이(디지털)","21:00,  헬보이(디지털),  6,000원",,47
2019-04-23,01관,"10:30,  생일(디지털)","13:00,  돈(디지털),  6,000원","15:30,  생일(디지털),  6,000원","18:40,  돈(디지털),  6,000원","21:00,  생일(디지털),  6,000원",,,89
2019-04-23,02관,"10:00,  스탈린이 죽었다!(디지털)","12:00,  스탈린이 죽었다!(디지털)","14:00,  덤보(디지털더빙)","16:20,  덤보(디지털더빙)","18:45,  헬보이(디지털)","21:00,  헬보이(디지털),  6,000원",,47
2019-04-24,01관,"09:50,  어벤져스: 엔드게임(디지털),  6,000원","13:10,  어벤져스: 엔드게임(디지털),  6,000원","16:30,  어벤져스: 엔드게임(디지털),  6,000원","19:50,  어벤져스: 엔드게임(디지털),  6,000원",,,,89
2019-04-24,02관,"10:00,  스탈린이 죽었다!(디지털)","12:15,  헬보이(디지털)","15:00,  덤보(디지털더빙)","18:30,  덤보(디지털더빙),  6,000원","20:30,  어벤져스: 엔드게임(디지털),  6,000원",,,47
2019-04-25,01관,"09:50,  어벤져스: 엔드게임(디지털),  6,000원","13:10,  어벤져스: 엔드게임(디지털),  6,000원","16:30,  어벤져스: 엔드게임(디지털),  6,000원","19:50,  어벤져스: 엔드게임(디지털),  6,000원",,,,89
2019-04-25,02관,"10:00,  스탈린이 죽었다!(디지털)","12:15,  헬보이(디지털)","15:00,  덤보(디지털더빙)","18:30,  덤보(디지털더빙)","20:30,  어벤져스: 엔드게임(디지털),  6,000원",,,47
2019-04-26,01관,"09:30,  어벤져스: 엔드게임(디지털),  6,000원","13:00,  어벤져스: 엔드게임(디지털),  6,000원","16:20,  어벤져스: 엔드게임(디지털),  6,000원","19:40,  어벤져스: 엔드게임(디지털),  6,000원",,,,89
2019-04-26,02관,"09:50,  스탈린이 죽었다!(디지털)","12:00,  어벤져스: 엔드게임(디지털),  6,000원","15:20,  덤보(디지털더빙)","17:30,  헬보이(디지털),  6,000원","20:00,  어벤져스: 엔드게임(디지털),  6,000원",,,47
2019-04-27,01관,"09:30,  어벤져스: 엔드게임(디지털),  6,000원","13:00,  어벤져스: 엔드게임(디지털),  6,000원","16:20,  어벤져스: 엔드게임(디지털),  6,000원","19:40,  어벤져스: 엔드게임(디지털),  6,000원",,,,89
2019-04-27,02관,"09:50,  스탈린이 죽었다!(디지털)","12:00,  어벤져스: 엔드게임(디지털),  6,000원","15:20,  덤보(디지털더빙),  6,000원","17:30,  헬보이(디지털),  6,000원","20:00,  어벤져스: 엔드게임(디지털),  6,000원",,,47
2019-04-28,01관,"09:30,  어벤져스: 엔드게임(디지털),  6,000원","13:00,  어벤져스: 엔드게임(디지털),  6,000원","16:20,  어벤져스: 엔드게임(디지털),  6,000원","19:40,  어벤져스: 엔드게임(디지털),  6,000원",,,,89
2019-04-28,02관,"09:50,  스탈린이 죽었다!(디지털),  6,000원","12:00,  어벤져스: 엔드게임(디지털),  6,000원","15:20,  덤보(디지털더빙),  6,000원","17:30,  헬보이(디지털)","20:00,  어벤져스: 엔드게임(디지털),  6,000원",,,47
2019-04-29,01관,"09:50,  어벤져스: 엔드게임(디지털),  6,000원","13:00,  어벤져스: 엔드게임(디지털),  6,000원","16:15,  스탈린이 죽었다!(디지털)","18:30,  어벤져스: 엔드게임(디지털),  6,000원","21:50,  스탈린이 죽었다!(디지털)",,,89
2019-04-29,02관,"10:30,  덤보(디지털더빙)","12:40,  덤보(디지털더빙)","14:40,  어벤져스: 엔드게임(디지털),  6,000원","18:00,  어벤져스: 엔드게임(디지털),  6,000원","21:15,  헬보이(디지털),  6,000원",,,47
2019-04-30,01관,"09:50,  어벤져스: 엔드게임(디지털),  6,000원","13:00,  어벤져스: 엔드게임(디지털),  6,000원","16:15,  스탈린이 죽었다!(디지털)","18:30,  어벤져스: 엔드게임(디지털),  6,000원","21:50,  스탈린이 죽었다!(디지털)",,,89
2019-04-30,02관,"10:30,  덤보(디지털더빙)","12:40,  덤보(디지털더빙),  6,000원","14:40,  어벤져스: 엔드게임(디지털),  6,000원","18:00,  어벤져스: 엔드게임(디지털),  6,000원","21:15,  헬보이(디지털)",,,47
2019-05-01,01관,,"14:30,  어벤져스: 엔드게임(디지털),  6,000원","18:00,  어벤져스: 엔드게임(디지털),  6,000원","21:20,  헬보이(디지털)",,,,89
2019-05-01,02관,,"14:00,  어글리 돌(디지털),  6,000원","15:40,  나의 특별한 형제(디지털),  6,000원","18:30,  어벤져스: 엔드게임(디지털),  6,000원","21:50,  나의 특별한 형제(디지털),  6,000원",,,47
2019-05-02,01관,,"14:30,  어벤져스: 엔드게임(디지털),  6,000원","18:00,  어벤져스: 엔드게임(디지털),  6,000원","21:20,  헬보이(디지털),  6,000원",,,"24:45,  어벤져스: 엔드게임(디지털),  6,000원",89
2019-05-02,02관,,"13:30,  어글리 돌(디지털),  6,000원","15:30,  나의 특별한 형제(디지털),  6,000원","18:25,  나의 특별한 형제(디지털),  6,000원","20:35,  어벤져스: 엔드게임(디지털),  6,000원",,"24:45,  어벤져스: 엔드게임(디지털),  6,000원",47
2019-05-03,01관,"10:30,  어벤져스: 엔드게임(디지털),  6,000원","14:00,  어벤져스: 엔드게임(디지털),  6,000원","18:00,  어벤져스: 엔드게임(디지털),  6,000원","21:20,  나의 특별한 형제(디지털),  6,000원",,,,89
2019-05-03,02관,"10:00,  나의 특별한 형제(디지털),  6,000원","12:10,  나의 특별한 형제(디지털),  6,000원","14:30,  어글리 돌(디지털),  6,000원","16:15,  어글리 돌(디지털),  6,000원","18:25,  나의 특별한 형제(디지털),  6,000원","20:35,  어벤져스: 엔드게임(디지털),  6,000원",,47
2019-05-04,01관,"09:30,  어벤져스: 엔드게임(디지털),  6,000원","12:55,  어벤져스: 엔드게임(디지털),  6,000원","16:20,  어벤져스: 엔드게임(디지털),  6,000원","19:45,  어벤져스: 엔드게임(디지털),  6,000원",,,,89
2019-05-04,02관,"10:00,  어글리 돌(디지털더빙)","11:45,  명탐정 피카츄(디지털더빙),  6,000원","13:55,  어글리 돌(디지털더빙),  6,000원","15:45,  명탐정 피카츄(디지털더빙),  6,000원","17:50,  나의 특별한 형제(디지털),  6,000원","20:15,  어벤져스: 엔드게임(디지털),  6,000원",,47
2019-05-05,01관,"09:30,  어벤져스: 엔드게임(디지털),  6,000원","12:55,  어벤져스: 엔드게임(디지털),  6,000원","16:20,  어벤져스: 엔드게임(디지털),  6,000원","19:45,  어벤져스: 엔드게임(디지털),  6,000원",,,,89
2019-05-05,02관,"10:00,  어글리 돌(디지털더빙)","11:45,  명탐정 피카츄(디지털더빙),  6,000원","13:55,  어글리 돌(디지털더빙),  6,000원","15:45,  명탐정 피카츄(디지털더빙),  6,000원","17:50,  나의 특별한 형제(디지털),  6,000원","20:15,  어벤져스: 엔드게임(디지털),  6,000원",,47
2019-05-06,01관,"09:30,  어벤져스: 엔드게임(디지털),  6,000원","12:55,  어벤져스: 엔드게임(디지털),  6,000원","16:20,  어벤져스: 엔드게임(디지털),  6,000원","19:45,  어벤져스: 엔드게임(디지털),  6,000원",,,,89
2019-05-06,02관,"10:00,  어글리 돌(디지털더빙),  6,000원","11:45,  명탐정 피카츄(디지털더빙),  6,000원","13:55,  어글리 돌(디지털더빙),  6,000원","15:45,  명탐정 피카츄(디지털더빙),  6,000원","17:50,  나의 특별한 형제(디지털),  6,000원","20:15,  어벤져스: 엔드게임(디지털),  6,000원",,47
2019-05-07,01관,"10:30,  어벤져스: 엔드게임(디지털),  6,000원","14:00,  어벤져스: 엔드게임(디지털),  6,000원","18:10,  어벤져스: 엔드게임(디지털),  6,000원","21:30,  나의 특별한 형제(디지털),  6,000원",,,,89
2019-05-07,02관,,"11:00,  어글리 돌(디지털더빙)","12:45,  나의 특별한 형제(디지털),  6,000원","15:00,  어벤져스: 엔드게임(디지털),  6,000원","18:20,  나의 특별한 형제(디지털),  6,000원","20:30,  어벤져스: 엔드게임(디지털),  6,000원",,47
2019-05-08,01관,"10:30,  어벤져스: 엔드게임(디지털),  6,000원","14:00,  어벤져스: 엔드게임(디지털),  6,000원","18:10,  어벤져스: 엔드게임(디지털),  6,000원","21:30,  나의 특별한 형제(디지털),  6,000원",,,,89
2019-05-08,02관,"09:45,  어글리 돌(디지털더빙)","11:30,  나의 특별한 형제(디지털)","13:45,  어글리 돌(디지털더빙),  6,000원","15:30,  나의 특별한 형제(디지털),  6,000원","18:00,  나의 특별한 형제(디지털),  6,000원","20:15,  어벤져스: 엔드게임(디지털),  6,000원",,47
2019-05-09,01관,"10:30,  어벤져스: 엔드게임(디지털),  6,000원","14:00,  어벤져스: 엔드게임(디지털),  6,000원","18:10,  어벤져스: 엔드게임(디지털),  6,000원","21:30,  걸캅스(디지털),  6,000원",,,,89
2019-05-09,02관,"09:40,  나의 특별한 형제(디지털),  6,000원","11:50,  명탐정 피카츄(디지털더빙)","13:50,  어글리 돌(디지털더빙),  6,000원","15:40,  나의 특별한 형제(디지털)","18:20,  걸캅스(디지털),  6,000원","20:15,  어벤져스: 엔드게임(디지털),  6,000원",,47
2019-05-10,01관,"10:30,  어벤져스: 엔드게임(디지털),  6,000원","14:00,  어벤져스: 엔드게임(디지털),  6,000원","18:10,  어벤져스: 엔드게임(디지털),  6,000원","21:30,  걸캅스(디지털),  6,000원",,,,89
2019-05-10,02관,"09:40,  나의 특별한 형제(디지털),  6,000원","11:50,  명탐정 피카츄(디지털더빙)","13:50,  어글리 돌(디지털더빙),  6,000원","15:40,  나의 특별한 형제(디지털),  6,000원","18:20,  걸캅스(디지털),  6,000원","20:15,  어벤져스: 엔드게임(디지털),  6,000원",,47
2019-05-11,01관,"10:00,  걸캅스(디지털),  6,000원","12:05,  나의 특별한 형제(디지털),  6,000원","14:20,  어벤져스: 엔드게임(디지털),  6,000원","17:45,  나의 특별한 형제(디지털),  6,000원","20:00,  어벤져스: 엔드게임(디지털),  6,000원",,,89
2019-05-11,02관,"10:15,  어글리 돌(디지털더빙),  6,000원","11:55,  걸캅스(디지털),  6,000원","14:05,  어글리 돌(디지털더빙),  6,000원","16:00,  명탐정 피카츄(디지털더빙),  6,000원","18:00,  어벤져스: 엔드게임(디지털),  6,000원","21:30,  걸캅스(디지털),  6,000원",,47
2019-05-12,01관,"10:00,  걸캅스(디지털),  6,000원","12:05,  나의 특별한 형제(디지털),  6,000원","14:20,  어벤져스: 엔드게임(디지털),  6,000원","17:45,  나의 특별한 형제(디지털),  6,000원","20:00,  어벤져스: 엔드게임(디지털),  6,000원",,,89
2019-05-12,02관,"10:15,  어글리 돌(디지털더빙)","11:55,  걸캅스(디지털),  6,000원","14:05,  어글리 돌(디지털더빙),  6,000원","16:00,  명탐정 피카츄(디지털더빙),  6,000원","18:00,  어벤져스: 엔드게임(디지털),  6,000원","21:30,  걸캅스(디지털),  6,000원",,47
2019-05-13,01관,"10:00,  걸캅스(디지털),  6,000원","12:05,  나의 특별한 형제(디지털)","14:20,  어벤져스: 엔드게임(디지털),  6,000원","17:45,  나의 특별한 형제(디지털)","20:00,  어벤져스: 엔드게임(디지털),  6,000원",,,89
2019-05-13,02관,"10:15,  어글리 돌(디지털더빙)","11:55,  걸캅스(디지털),  6,000원","14:05,  어글리 돌(디지털더빙),  6,000원","16:00,  명탐정 피카츄(디지털더빙),  6,000원","18:00,  어벤져스: 엔드게임(디지털),  6,000원","21:30,  걸캅스(디지털),  6,000원",,47
2019-05-14,01관,"09:50,  걸캅스(디지털),  6,000원","11:55,  나의 특별한 형제(디지털)","14:00,  나의 특별한 형제(디지털)",,,"21:45,  걸캅스(디지털),  6,000원","23:59,  어벤져스: 엔드게임(디지털),  6,000원",89
2019-05-14,02관,"10:00,  어글리 돌(디지털더빙)","11:45,  명탐정 피카츄(디지털더빙)","13:50,  어벤져스: 엔드게임(디지털),  6,000원","17:30,  걸캅스(디지털)","20:00,  어벤져스: 엔드게임(디지털),  6,000원",,,47
2019-05-15,01관,"09:50,  악인전(디지털),  6,000원","12:00,  배심원들(디지털),  6,000원","14:10,  악인전(디지털),  6,000원","16:20,  배심원들(디지털),  6,000원","18:30,  악인전(디지털),  6,000원","20:40,  배심원들(디지털),  6,000원",,89
2019-05-15,02관,"10:10,  나의 특별한 형제(디지털),  6,000원","12:20,  걸캅스(디지털),  6,000원","14:30,  어글리 돌(디지털더빙)","16:10,  명탐정 피카츄(디지털더빙),  6,000원","18:20,  걸캅스(디지털),  6,000원","20:20,  어벤져스: 엔드게임(디지털),  6,000원",,47
2019-05-16,01관,"09:50,  악인전(디지털),  6,000원","12:00,  배심원들(디지털),  6,000원","14:10,  악인전(디지털),  6,000원","16:20,  배심원들(디지털)","18:30,  악인전(디지털),  6,000원","20:40,  배심원들(디지털),  6,000원",,89
2019-05-16,02관,"10:10,  나의 특별한 형제(디지털)","12:20,  걸캅스(디지털),  6,000원","14:30,  어글리 돌(디지털더빙)","16:10,  명탐정 피카츄(디지털더빙)","18:20,  걸캅스(디지털)","20:20,  어벤져스: 엔드게임(디지털),  6,000원",,47
2019-05-17,01관,"09:50,  악인전(디지털),  6,000원","12:00,  배심원들(디지털),  6,000원","14:10,  악인전(디지털),  6,000원","16:20,  배심원들(디지털)","18:30,  악인전(디지털),  6,000원","20:40,  배심원들(디지털),  6,000원",,89
2019-05-17,02관,"10:10,  나의 특별한 형제(디지털),  6,000원","12:20,  걸캅스(디지털)","14:30,  어글리 돌(디지털더빙)","16:10,  명탐정 피카츄(디지털더빙)","18:20,  걸캅스(디지털),  6,000원","20:20,  어벤져스: 엔드게임(디지털),  6,000원",,47
2019-05-18,01관,"10:30,  악인전(디지털),  6,000원","12:40,  어벤져스: 엔드게임(디지털),  6,000원","16:00,  배심원들(디지털),  6,000원","18:10,  악인전(디지털),  6,000원","20:20,  어벤져스: 엔드게임(디지털),  6,000원",,,89
2019-05-18,02관,"09:40,  나의 특별한 형제(디지털)","11:50,  걸캅스(디지털),  6,000원","13:50,  어글리 돌(디지털더빙),  6,000원","15:30,  명탐정 피카츄(디지털더빙),  6,000원","17:35,  배심원들(디지털),  6,000원","19:50,  걸캅스(디지털),  6,000원","21:50,  악인전(디지털),  6,000원",47
2019-05-19,01관,"10:30,  악인전(디지털),  6,000원","12:40,  어벤져스: 엔드게임(디지털),  6,000원","16:00,  배심원들(디지털),  6,000원","18:10,  악인전(디지털),  6,000원","20:20,  어벤져스: 엔드게임(디지털),  6,000원",,,89
2019-05-19,02관,"09:40,  나의 특별한 형제(디지털),  6,000원","11:50,  걸캅스(디지털),  6,000원","13:50,  어글리 돌(디지털더빙),  6,000원","15:30,  명탐정 피카츄(디지털더빙),  6,000원","17:35,  배심원들(디지털),  6,000원","19:50,  걸캅스(디지털),  6,000원","21:50,  악인전(디지털),  6,000원",47
2019-05-20,01관,"09:50,  악인전(디지털),  6,000원","12:00,  배심원들(디지털),  6,000원","14:10,  악인전(디지털),  6,000원","16:20,  배심원들(디지털),  6,000원","18:30,  악인전(디지털),  6,000원","20:40,  배심원들(디지털),  6,000원",,89
2019-05-20,02관,"10:10,  나의 특별한 형제(디지털)","12:20,  걸캅스(디지털),  6,000원","14:30,  어글리 돌(디지털더빙)","16:10,  명탐정 피카츄(디지털더빙),  6,000원","18:20,  걸캅스(디지털),  6,000원","20:20,  어벤져스: 엔드게임(디지털),  6,000원",,47
2019-05-21,01관,"10:30,  배심원들(디지털)","12:40,  악인전(디지털),  6,000원","15:30,  배심원들(디지털),  6,000원","18:30,  악인전(디지털),  6,000원","20:40,  배심원들(디지털),  6,000원",,,89
2019-05-21,02관,"10:10,  나의 특별한 형제(디지털),  6,000원","12:20,  걸캅스(디지털),  6,000원","14:30,  어글리 돌(디지털더빙)","16:10,  명탐정 피카츄(디지털더빙),  6,000원","18:20,  걸캅스(디지털),  6,000원","20:20,  어벤져스: 엔드게임(디지털),  6,000원",,47
2019-05-22,01관,"10:30,  악인전(디지털),  6,000원","15:00,  어벤져스: 엔드게임(디지털),  6,000원","18:15,  악인전(디지털),  6,000원","20:20,  어벤져스: 엔드게임(디지털),  6,000원",,,,89
2019-05-22,02관,"10:00,  걸캅스(디지털)","13:00,  나의 특별한 형제(디지털),  6,000원","15:40,  명탐정 피카츄(디지털더빙),  6,000원","18:10,  배심원들(디지털),  6,000원","20:30,  걸캅스(디지털),  6,000원",,,47
2019-05-23,01관,"09:50,  명탐정 피카츄(디지털더빙)","11:50,  어벤져스: 엔드게임(디지털),  6,000원","15:20,  알라딘(디지털더빙),  6,000원","18:10,  알라딘(디지털),  6,000원","21:00,  알라딘(디지털),  6,000원",,,89
2019-05-23,02관,"09:55,  악인전(디지털),  6,000원","12:00,  어린 의뢰인(디지털),  6,000원","14:10,  배심원들(디지털),  6,000원","16:25,  악인전(디지털),  6,000원","18:30,  어린 의뢰인(디지털),  6,000원","21:00,  악인전(디지털),  6,000원",,47
2019-05-24,01관,"09:50,  명탐정 피카츄(디지털더빙)","11:50,  어벤져스: 엔드게임(디지털),  6,000원","15:20,  알라딘(디지털더빙),  6,000원","18:10,  알라딘(디지털),  6,000원","21:00,  알라딘(디지털),  6,000원",,,89
2019-05-24,02관,"09:55,  배심원들(디지털),  6,000원","12:00,  어린 의뢰인(디지털)","14:10,  배심원들(디지털)","16:25,  악인전(디지털),  6,000원","18:30,  어린 의뢰인(디지털),  6,000원","21:00,  악인전(디지털),  6,000원",,47
2019-05-25,01관,"09:40,  악인전(디지털),  6,000원","11:45,  어벤져스: 엔드게임(디지털),  6,000원","15:05,  알라딘(디지털더빙),  6,000원","17:35,  알라딘(디지털),  6,000원","20:05,  배심원들(디지털),  6,000원","22:15,  악인전(디지털),  6,000원",,89
2019-05-25,02관,"10:30,  알라딘(디지털더빙),  6,000원","13:10,  어린 의뢰인(디지털),  6,000원","15:25,  명탐정 피카츄(디지털더빙),  6,000원","17:30,  어벤져스: 엔드게임(디지털),  6,000원","20:50,  어린 의뢰인(디지털),  6,000원",,,47
2019-05-26,01관,"09:40,  악인전(디지털),  6,000원","11:45,  어벤져스: 엔드게임(디지털),  6,000원","15:05,  알라딘(디지털더빙),  6,000원","17:35,  알라딘(디지털),  6,000원","20:05,  배심원들(디지털),  6,000원","22:15,  악인전(디지털),  6,000원",,89
2019-05-26,02관,"10:40,  알라딘(디지털더빙),  6,000원","13:10,  어린 의뢰인(디지털),  6,000원","15:25,  명탐정 피카츄(디지털더빙),  6,000원","17:30,  어벤져스: 엔드게임(디지털),  6,000원","20:50,  어린 의뢰인(디지털),  6,000원",,,47
2019-05-27,01관,"09:50,  명탐정 피카츄(디지털더빙)","11:50,  어벤져스: 엔드게임(디지털),  6,000원","15:20,  알라딘(디지털더빙)","18:10,  알라딘(디지털),  6,000원","21:00,  알라딘(디지털),  6,000원",,,89
2019-05-27,02관,"09:55,  배심원들(디지털)","12:00,  어린 의뢰인(디지털)","14:10,  배심원들(디지털),  6,000원","16:25,  악인전(디지털),  6,000원","18:30,  어린 의뢰인(디지털),  6,000원","21:00,  악인전(디지털),  6,000원",,47
2019-05-28,01관,"09:50,  명탐정 피카츄(디지털더빙)","11:50,  어벤져스: 엔드게임(디지털)","15:20,  알라딘(디지털더빙),  6,000원","18:10,  알라딘(디지털),  6,000원","21:00,  알라딘(디지털),  6,000원",,,89
2019-05-28,02관,"09:55,  배심원들(디지털)","12:00,  어린 의뢰인(디지털),  6,000원","14:10,  배심원들(디지털),  6,000원","16:25,  악인전(디지털),  6,000원","18:30,  어린 의뢰인(디지털),  6,000원","21:00,  악인전(디지털),  6,000원",,47
2019-05-29,01관,"09:50,  명탐정 피카츄(디지털더빙)","12:00,  알라딘(디지털더빙),  6,000원","14:30,  어벤져스: 엔드게임(디지털),  6,000원","18:10,  알라딘(디지털),  6,000원","21:00,  악인전(디지털),  6,000원",,,89
2019-05-29,02관,"09:55,  배심원들(디지털)","12:00,  어린 의뢰인(디지털)","14:10,  배심원들(디지털),  6,000원","16:25,  악인전(디지털),  6,000원","18:30,  악인전(디지털),  6,000원","21:00,  어린 의뢰인(디지털),  6,000원",,47
2019-05-30,01관,"10:00,  고질라: 킹 오브 몬스터(디지털),  6,000원","12:30,  기생충(디지털),  6,000원","15:30,  고질라: 킹 오브 몬스터(디지털)","18:20,  기생충(디지털),  6,000원","21:30,  기생충(디지털),  6,000원",,,89
2019-05-30,02관,"11:00,  기생충(디지털),  6,000원","13:35,  어벤져스: 엔드게임(디지털),  6,000원","17:00,  알라딘(디지털더빙),  6,000원","19:30,  악인전(디지털),  6,000원","21:50,  어린 의뢰인(디지털),  6,000원",,,47
2019-05-31,01관,"10:00,  고질라: 킹 오브 몬스터(디지털),  6,000원","12:30,  기생충(디지털),  6,000원","15:30,  고질라: 킹 오브 몬스터(디지털),  6,000원","18:20,  기생충(디지털),  6,000원","21:30,  기생충(디지털),  6,000원",,,89
2019-05-31,02관,"10:30,  어린 의뢰인(디지털)","12:40,  어벤져스: 엔드게임(디지털),  6,000원","16:00,  알라딘(디지털더빙),  6,000원","18:30,  고질라: 킹 오브 몬스터(디지털),  6,000원","21:00,  악인전(디지털),  6,000원",,,47
2019-06-01,01관,"09:50,  기생충(디지털),  6,000원","12:20,  악인전(디지털),  6,000원","14:30,  고질라: 킹 오브 몬스터(디지털),  6,000원","17:00,  기생충(디지털),  6,000원","19:30,  기생충(디지털),  6,000원","22:00,  기생충(디지털),  6,000원",,89
2019-06-01,02관,"10:30,  어린 의뢰인(디지털)","12:40,  어벤져스: 엔드게임(디지털),  6,000원","16:00,  알라딘(디지털더빙),  6,000원","18:30,  악인전(디지털),  6,000원","20:40,  기생충(디지털),  6,000원",,,47
2019-06-02,01관,"09:50,  기생충(디지털),  6,000원","12:20,  악인전(디지털),  6,000원","14:30,  고질라: 킹 오브 몬스터(디지털),  6,000원","17:00,  기생충(디지털),  6,000원","19:30,  기생충(디지털),  6,000원","22:00,  기생충(디지털),  6,000원",,89
2019-06-02,02관,"10:30,  어린 의뢰인(디지털),  6,000원","12:40,  어벤져스: 엔드게임(디지털),  6,000원","16:00,  알라딘(디지털더빙),  6,000원","18:30,  악인전(디지털),  6,000원","20:40,  기생충(디지털),  6,000원",,,47
2019-06-03,01관,,"12:30,  기생충(디지털),  6,000원","15:05,  고질라: 킹 오브 몬스터(디지털),  6,000원","18:00,  기생충(디지털),  6,000원","21:30,  고질라: 킹 오브 몬스터(디지털),  6,000원",,,89
2019-06-03,02관,,"12:40,  어린 의뢰인(디지털),  6,000원","14:50,  알라딘(디지털더빙),  6,000원","17:15,  기생충(디지털),  6,000원","19:45,  악인전(디지털),  6,000원","21:45,  기생충(디지털),  6,000원",,47
2019-06-04,01관,"10:00,  어린 의뢰인(디지털)","12:30,  기생충(디지털),  6,000원","15:30,  고질라: 킹 오브 몬스터(디지털),  6,000원","18:20,  기생충(디지털),  6,000원","21:30,  기생충(디지털),  6,000원",,,89
2019-06-04,02관,"09:50,  기생충(디지털),  6,000원","12:20,  어린 의뢰인(디지털)","14:30,  알라딘(디지털더빙),  6,000원","16:55,  고질라: 킹 오브 몬스터(디지털)","19:30,  기생충(디지털),  6,000원","22:00,  악인전(디지털)",,47
2019-06-05,01관,"10:00,  고질라: 킹 오브 몬스터(디지털),  6,000원","12:30,  기생충(디지털),  6,000원","15:30,  기생충(디지털),  6,000원","18:50,  기생충(디지털),  0원","21:45,  기생충(디지털),  6,000원",,,89
2019-06-05,02관,"09:40,  어린 의뢰인(디지털)","12:00,  어린 의뢰인(디지털)","14:20,  알라딘(디지털더빙),  6,000원","16:50,  엑스맨: 다크 피닉스(디지털),  6,000원","19:00,  로켓맨(디지털),  6,000원","21:30,  엑스맨: 다크 피닉스(디지털),  6,000원",,47
2019-06-06,01관,"09:30,  기생충(디지털),  6,000원","12:00,  어린 의뢰인(디지털),  6,000원","14:10,  기생충(디지털),  6,000원","16:40,  기생충(디지털),  6,000원","19:10,  기생충(디지털),  6,000원","21:40,  기생충(디지털),  6,000원",,89
2019-06-06,02관,"09:25,  고질라: 킹 오브 몬스터(디지털),  6,000원","11:55,  알라딘(디지털더빙),  6,000원","14:25,  알라딘(디지털더빙),  6,000원","16:55,  로켓맨(디지털),  6,000원","19:20,  엑스맨: 다크 피닉스(디지털),  6,000원","21:50,  엑스맨: 다크 피닉스(디지털),  6,000원",,47
2019-06-07,01관,"09:30,  기생충(디지털),  6,000원","12:00,  어린 의뢰인(디지털),  6,000원","14:10,  기생충(디지털),  6,000원","16:40,  기생충(디지털),  6,000원","19:10,  기생충(디지털),  6,000원","21:40,  기생충(디지털),  6,000원",,89
2019-06-07,02관,"09:40,  어린 의뢰인(디지털)","11:45,  고질라: 킹 오브 몬스터(디지털),  6,000원","14:25,  알라딘(디지털더빙),  6,000원","16:50,  엑스맨: 다크 피닉스(디지털),  6,000원","19:10,  로켓맨(디지털),  6,000원","21:50,  엑스맨: 다크 피닉스(디지털),  6,000원",,47
2019-06-08,01관,"09:30,  기생충(디지털),  6,000원","12:00,  어린 의뢰인(디지털),  6,000원","14:10,  기생충(디지털),  6,000원","16:40,  알라딘(디지털),  6,000원","19:10,  기생충(디지털),  6,000원","21:40,  기생충(디지털),  6,000원",,89
2019-06-08,02관,"09:25,  고질라: 킹 오브 몬스터(디지털),  6,000원","11:55,  알라딘(디지털더빙),  6,000원","14:25,  알라딘(디지털더빙),  6,000원","16:55,  로켓맨(디지털)","19:20,  엑스맨: 다크 피닉스(디지털),  6,000원","21:50,  엑스맨: 다크 피닉스(디지털),  6,000원",,47
2019-06-09,01관,"09:30,  어린 의뢰인(디지털)","11:40,  기생충(디지털),  6,000원","14:10,  알라딘(디지털),  6,000원","16:40,  기생충(디지털),  6,000원","19:10,  알라딘(디지털),  6,000원","21:40,  기생충(디지털),  6,000원",,89
2019-06-09,02관,"09:25,  고질라: 킹 오브 몬스터(디지털)","11:55,  알라딘(디지털더빙),  6,000원","14:25,  알라딘(디지털더빙),  6,000원","16:55,  로켓맨(디지털),  6,000원","19:20,  엑스맨: 다크 피닉스(디지털),  6,000원","21:50,  엑스맨: 다크 피닉스(디지털),  6,000원",,47
2019-06-10,01관,"09:45,  기생충(디지털),  6,000원","12:20,  엑스맨: 다크 피닉스(디지털)","14:35,  기생충(디지털),  6,000원","17:05,  기생충(디지털),  6,000원","19:40,  기생충(디지털),  6,000원","22:10,  엑스맨: 다크 피닉스(디지털),  6,000원",,89
2019-06-10,02관,"10:30,  고질라: 킹 오브 몬스터(디지털)","13:00,  로켓맨(디지털),  6,000원","15:30,  알라딘(디지털더빙),  6,000원","18:30,  알라딘(디지털),  6,000원","21:20,  로켓맨(디지털),  6,000원",,,47
2019-06-11,01관,"09:45,  기생충(디지털),  6,000원","12:20,  엑스맨: 다크 피닉스(디지털),  6,000원","14:35,  기생충(디지털),  6,000원","17:05,  기생충(디지털),  6,000원","19:40,  기생충(디지털),  6,000원","22:10,  엑스맨: 다크 피닉스(디지털)",,89
2019-06-11,02관,"10:00,  고질라: 킹 오브 몬스터(디지털),  6,000원","12:30,  알라딘(디지털더빙),  6,000원","15:00,  기생충(디지털),  6,000원","18:30,  알라딘(디지털),  6,000원","21:20,  로켓맨(디지털)",,,47
2019-06-12,01관,"09:40,  기생충(디지털),  6,000원","12:15,  엑스맨: 다크 피닉스(디지털),  6,000원","14:30,  기생충(디지털),  6,000원","17:00,  맨 인 블랙: 인터내셔널(디지털),  6,000원","19:30,  기생충(디지털),  6,000원","22:00,  맨 인 블랙: 인터내셔널(디지털),  6,000원",,89
2019-06-12,02관,"10:00,  고질라: 킹 오브 몬스터(디지털)","12:40,  로켓맨(디지털),  6,000원","15:00,  알라딘(디지털더빙),  6,000원","18:30,  알라딘(디지털),  6,000원","21:40,  엑스맨: 다크 피닉스(디지털),  6,000원",,,47
2019-06-13,01관,"09:40,  알라딘(디지털더빙),  6,000원","12:10,  기생충(디지털),  6,000원","14:40,  기생충(디지털),  6,000원","17:10,  맨 인 블랙: 인터내셔널(디지털),  6,000원","19:30,  기생충(디지털),  6,000원","22:00,  맨 인 블랙: 인터내셔널(디지털),  6,000원",,89
2019-06-13,02관,"10:00,  고질라: 킹 오브 몬스터(디지털)","12:40,  로켓맨(디지털),  6,000원","15:00,  알라딘(디지털더빙),  6,000원","18:30,  알라딘(디지털),  6,000원","21:40,  엑스맨: 다크 피닉스(디지털),  6,000원",,,47
2019-06-14,01관,"09:40,  기생충(디지털),  6,000원","12:10,  기생충(디지털),  6,000원","14:35,  맨 인 블랙: 인터내셔널(디지털),  6,000원","16:45,  알라딘(디지털),  6,000원","19:15,  기생충(디지털),  6,000원","21:45,  기생충(디지털),  6,000원",,89
2019-06-14,02관,"10:00,  고질라: 킹 오브 몬스터(디지털),  6,000원","12:30,  로켓맨(디지털),  6,000원","15:00,  알라딘(디지털더빙)","17:30,  맨 인 블랙: 인터내셔널(디지털),  6,000원","19:40,  맨 인 블랙: 인터내셔널(디지털),  6,000원","22:00,  엑스맨: 다크 피닉스(디지털),  6,000원",,47
2019-06-15,01관,"09:40,  기생충(디지털),  6,000원","12:10,  기생충(디지털),  6,000원","14:35,  맨 인 블랙: 인터내셔널(디지털),  6,000원","16:45,  알라딘(디지털),  6,000원","19:15,  기생충(디지털),  6,000원","21:45,  기생충(디지털),  6,000원",,89
2019-06-15,02관,"10:00,  고질라: 킹 오브 몬스터(디지털),  6,000원","12:30,  로켓맨(디지털),  6,000원","15:00,  알라딘(디지털더빙),  6,000원","17:30,  맨 인 블랙: 인터내셔널(디지털),  6,000원","19:40,  맨 인 블랙: 인터내셔널(디지털),  6,000원","22:00,  엑스맨: 다크 피닉스(디지털),  6,000원",,47
2019-06-16,01관,"09:40,  기생충(디지털),  6,000원","12:10,  기생충(디지털),  6,000원","14:35,  맨 인 블랙: 인터내셔널(디지털),  6,000원","16:45,  알라딘(디지털),  6,000원","19:15,  기생충(디지털),  6,000원","21:45,  기생충(디지털),  6,000원",,89
2019-06-16,02관,"10:00,  고질라: 킹 오브 몬스터(디지털)","12:30,  로켓맨(디지털),  6,000원","15:00,  알라딘(디지털더빙),  6,000원","17:30,  맨 인 블랙: 인터내셔널(디지털),  6,000원","19:40,  맨 인 블랙: 인터내셔널(디지털),  6,000원","22:00,  엑스맨: 다크 피닉스(디지털),  6,000원",,47
2019-06-17,01관,"09:40,  기생충(디지털),  6,000원","12:15,  맨 인 블랙: 인터내셔널(디지털),  6,000원","14:30,  기생충(디지털),  6,000원","17:00,  엑스맨: 다크 피닉스(디지털)","19:30,  맨 인 블랙: 인터내셔널(디지털),  6,000원","21:40,  기생충(디지털),  6,000원",,89
2019-06-17,02관,"10:00,  로켓맨(디지털)","13:00,  알라딘(디지털더빙),  6,000원","16:00,  알라딘(디지털),  6,000원","19:00,  기생충(디지털),  6,000원","21:25,  고질라: 킹 오브 몬스터(디지털),  6,000원",,,47
2019-06-18,01관,"09:40,  기생충(디지털),  6,000원","12:15,  엑스맨: 다크 피닉스(디지털),  6,000원","14:30,  기생충(디지털),  6,000원","17:00,  맨 인 블랙: 인터내셔널(디지털),  6,000원","19:30,  기생충(디지털),  6,000원","22:00,  맨 인 블랙: 인터내셔널(디지털),  6,000원",,89
2019-06-18,02관,"10:00,  고질라: 킹 오브 몬스터(디지털),  6,000원","12:40,  로켓맨(디지털),  6,000원","15:00,  알라딘(디지털더빙),  6,000원","18:30,  알라딘(디지털),  6,000원","21:40,  엑스맨: 다크 피닉스(디지털),  6,000원",,,47
2019-06-19,01관,"09:40,  기생충(디지털),  6,000원","12:15,  엑스맨: 다크 피닉스(디지털),  6,000원","14:30,  기생충(디지털),  6,000원","17:00,  맨 인 블랙: 인터내셔널(디지털),  6,000원","19:30,  기생충(디지털),  6,000원","22:00,  맨 인 블랙: 인터내셔널(디지털)",,89
2019-06-19,02관,"10:00,  고질라: 킹 오브 몬스터(디지털),  6,000원","12:40,  로켓맨(디지털)","15:00,  알라딘(디지털더빙),  6,000원","18:30,  알라딘(디지털),  6,000원","21:40,  엑스맨: 다크 피닉스(디지털),  6,000원",,,47
2019-06-20,01관,"10:30,  맨 인 블랙: 인터내셔널(디지털),  6,000원","12:40,  엑스맨: 다크 피닉스(디지털),  6,000원","15:00,  기생충(디지털),  6,000원","17:30,  알라딘(디지털),  6,000원","20:00,  토이 스토리 4(디지털),  6,000원","22:00,  토이 스토리 4(디지털),  6,000원",,89
2019-06-20,02관,"09:40,  고질라: 킹 오브 몬스터(디지털)","12:10,  로켓맨(디지털),  6,000원","14:20,  알라딘(디지털더빙),  6,000원","16:50,  토이 스토리 4(디지털더빙),  6,000원","19:00,  기생충(디지털),  0원","22:10,  맨 인 블랙: 인터내셔널(디지털),  6,000원",,47
2019-06-21,01관,"09:40,  토이 스토리 4(디지털),  6,000원","11:40,  토이 스토리 4(디지털),  6,000원","13:40,  토이 스토리 4(디지털),  6,000원","15:40,  토이 스토리 4(디지털더빙),  6,000원","17:40,  토이 스토리 4(디지털),  6,000원","19:40,  토이 스토리 4(디지털),  6,000원","21:40,  기생충(디지털),  6,000원",89
2019-06-21,02관,"09:50,  고질라: 킹 오브 몬스터(디지털)","12:15,  로켓맨(디지털),  6,000원","14:30,  알라딘(디지털더빙),  6,000원","17:00,  기생충(디지털),  6,000원","19:30,  알라딘(디지털),  6,000원","22:00,  맨 인 블랙: 인터내셔널(디지털),  6,000원",,47
2019-06-22,01관,"09:40,  토이 스토리 4(디지털),  6,000원","11:40,  토이 스토리 4(디지털),  6,000원","13:40,  토이 스토리 4(디지털더빙),  6,000원","15:40,  토이 스토리 4(디지털더빙),  6,000원","17:40,  토이 스토리 4(디지털),  6,000원","19:40,  토이 스토리 4(디지털),  6,000원","21:40,  기생충(디지털),  6,000원",89
2019-06-22,02관,"09:50,  고질라: 킹 오브 몬스터(디지털)","12:15,  로켓맨(디지털),  6,000원","14:30,  알라딘(디지털더빙),  6,000원","17:00,  기생충(디지털),  6,000원","19:30,  알라딘(디지털),  6,000원","22:00,  맨 인 블랙: 인터내셔널(디지털),  6,000원",,47
2019-06-23,01관,"09:40,  토이 스토리 4(디지털),  6,000원","11:40,  토이 스토리 4(디지털),  6,000원","13:40,  토이 스토리 4(디지털더빙),  6,000원","15:40,  토이 스토리 4(디지털더빙),  6,000원","17:40,  토이 스토리 4(디지털),  6,000원","19:40,  토이 스토리 4(디지털),  6,000원","21:40,  기생충(디지털),  6,000원",89
2019-06-23,02관,"09:50,  고질라: 킹 오브 몬스터(디지털),  6,000원","12:15,  로켓맨(디지털),  6,000원","14:30,  알라딘(디지털더빙),  6,000원","17:00,  기생충(디지털),  6,000원","19:30,  알라딘(디지털),  6,000원","22:00,  맨 인 블랙: 인터내셔널(디지털)",,47
2019-06-24,01관,"09:40,  토이 스토리 4(디지털),  6,000원","11:40,  토이 스토리 4(디지털),  6,000원","13:40,  토이 스토리 4(디지털더빙),  6,000원","15:40,  토이 스토리 4(디지털더빙),  6,000원","17:40,  토이 스토리 4(디지털),  6,000원","19:40,  토이 스토리 4(디지털),  6,000원","21:40,  기생충(디지털),  6,000원",89
2019-06-24,02관,"10:20,  토이 스토리 4(디지털더빙),  6,000원","12:15,  맨 인 블랙: 인터내셔널(디지털)","14:30,  알라딘(디지털더빙),  6,000원","17:00,  기생충(디지털),  6,000원","19:30,  알라딘(디지털),  6,000원","22:00,  맨 인 블랙: 인터내셔널(디지털),  6,000원",,47
2019-06-25,01관,"09:40,  토이 스토리 4(디지털)","11:40,  토이 스토리 4(디지털)","13:40,  토이 스토리 4(디지털더빙),  6,000원","15:40,  토이 스토리 4(디지털더빙),  6,000원","17:40,  토이 스토리 4(디지털),  6,000원","19:40,  토이 스토리 4(디지털),  6,000원","21:40,  기생충(디지털),  6,000원",89
2019-06-25,02관,,"11:00,  로켓맨(디지털)","13:30,  알라딘(디지털더빙),  6,000원","16:20,  기생충(디지털),  6,000원","19:10,  천로역정: 천국을 찾아서(디지털),  6,000원","22:00,  맨 인 블랙: 인터내셔널(디지털)",,47
2019-06-26,01관,"10:30,  맨 인 블랙: 인터내셔널(디지털)","12:40,  존 윅 3: 파라벨룸(디지털),  6,000원","15:20,  토이 스토리 4(디지털더빙),  6,000원","17:30,  토이 스토리 4(디지털),  6,000원","19:30,  존 윅 3: 파라벨룸(디지털),  6,000원","22:10,  토이 스토리 4(디지털),  6,000원",,89
2019-06-26,02관,,"11:00,  로켓맨(디지털)","13:30,  알라딘(디지털더빙),  6,000원","16:00,  기생충(디지털),  6,000원","19:00,  알라딘(디지털),  6,000원","21:30,  기생충(디지털),  6,000원",,47
2019-06-27,01관,"10:30,  토이 스토리 4(디지털),  6,000원","12:40,  존 윅 3: 파라벨룸(디지털),  6,000원","15:20,  토이 스토리 4(디지털더빙),  6,000원","17:30,  토이 스토리 4(디지털),  6,000원","19:30,  존 윅 3: 파라벨룸(디지털),  6,000원","22:10,  토이 스토리 4(디지털),  6,000원",,89
2019-06-27,02관,"09:35,  맨 인 블랙: 인터내셔널(디지털)","11:45,  로켓맨(디지털),  6,000원","14:00,  알라딘(디지털더빙)","16:30,  기생충(디지털),  6,000원","19:00,  알라딘(디지털),  6,000원","21:30,  기생충(디지털),  6,000원",,47
2019-06-28,01관,"10:20,  토이 스토리 4(디지털),  6,000원","12:20,  존 윅 3: 파라벨룸(디지털),  6,000원","15:00,  토이 스토리 4(디지털더빙),  6,000원","17:00,  토이 스토리 4(디지털),  6,000원","19:00,  존 윅 3: 파라벨룸(디지털),  6,000원","21:40,  기생충(디지털),  6,000원",,89
2019-06-28,02관,"09:35,  맨 인 블랙: 인터내셔널(디지털),  6,000원","11:45,  로켓맨(디지털),  6,000원","14:00,  알라딘(디지털더빙),  6,000원","16:30,  기생충(디지털),  6,000원","19:00,  천로역정: 천국을 찾아서(디지털더빙),  6,000원","21:30,  알라딘(디지털),  6,000원",,47
2019-06-29,01관,"10:00,  토이 스토리 4(디지털),  6,000원","12:20,  존 윅 3: 파라벨룸(디지털),  6,000원","15:00,  토이 스토리 4(디지털더빙),  6,000원","17:10,  토이 스토리 4(디지털더빙),  6,000원","19:40,  존 윅 3: 파라벨룸(디지털),  6,000원","22:10,  토이 스토리 4(디지털),  6,000원",,89
2019-06-29,02관,"09:40,  로켓맨(디지털),  6,000원","11:50,  기생충(디지털),  6,000원","14:20,  알라딘(디지털더빙),  6,000원","16:50,  알라딘(디지털),  6,000원","19:20,  토이 스토리 4(디지털),  6,000원","21:30,  알라딘(디지털),  6,000원",,47
2019-06-30,01관,"10:00,  토이 스토리 4(디지털),  6,000원","12:20,  존 윅 3: 파라벨룸(디지털),  6,000원","15:00,  토이 스토리 4(디지털더빙),  6,000원","17:10,  토이 스토리 4(디지털더빙),  6,000원","19:40,  존 윅 3: 파라벨룸(디지털),  6,000원","22:10,  토이 스토리 4(디지털),  6,000원",,89
2019-06-30,02관,"09:40,  로켓맨(디지털),  6,000원","11:50,  기생충(디지털),  6,000원","14:20,  알라딘(디지털더빙),  6,000원","16:50,  알라딘(디지털),  6,000원","19:20,  토이 스토리 4(디지털),  6,000원","21:30,  알라딘(디지털),  6,000원",,47
2019-07-01,01관,"10:30,  토이 스토리 4(디지털),  0원","12:40,  존 윅 3: 파라벨룸(디지털),  6,000원","15:20,  토이 스토리 4(디지털더빙),  6,000원","17:30,  토이 스토리 4(디지털),  6,000원","19:30,  존 윅 3: 파라벨룸(디지털),  6,000원","22:10,  토이 스토리 4(디지털)",,89
2019-07-01,02관,"09:30,  알라딘(디지털)","11:45,  알라딘(디지털더빙)","14:15,  알라딘(디지털더빙),  6,000원","16:40,  기생충(디지털),  6,000원","19:10,  알라딘(디지털),  6,000원","21:40,  알라딘(디지털),  6,000원",,47
2019-07-02,01관,"10:00,  토이 스토리 4(디지털더빙),  6,000원","12:30,  스파이더맨: 파 프롬 홈(디지털),  6,000원","15:00,  존 윅 3: 파라벨룸(디지털),  6,000원","17:30,  토이 스토리 4(디지털),  6,000원","19:30,  스파이더맨: 파 프롬 홈(디지털),  6,000원","22:00,  존 윅 3: 파라벨룸(디지털),  6,000원",,89
2019-07-02,02관,"10:00,  토이 스토리 4(디지털더빙),  6,000원","12:10,  알라딘(디지털더빙),  6,000원","14:40,  토이 스토리 4(디지털더빙)","16:40,  기생충(디지털),  6,000원","19:20,  알라딘(디지털),  6,000원","21:50,  스파이더맨: 파 프롬 홈(디지털),  6,000원",,47
2019-07-03,01관,"10:00,  토이 스토리 4(디지털더빙),  6,000원","12:30,  스파이더맨: 파 프롬 홈(디지털),  6,000원","15:00,  존 윅 3: 파라벨룸(디지털),  6,000원","17:30,  토이 스토리 4(디지털),  6,000원","19:30,  스파이더맨: 파 프롬 홈(디지털),  6,000원","22:00,  존 윅 3: 파라벨룸(디지털),  6,000원",,89
2019-07-03,02관,"10:00,  토이 스토리 4(디지털더빙),  6,000원","12:10,  알라딘(디지털더빙),  6,000원","14:40,  토이 스토리 4(디지털더빙),  6,000원","16:40,  기생충(디지털),  6,000원","19:20,  알라딘(디지털),  6,000원","21:50,  스파이더맨: 파 프롬 홈(디지털),  6,000원",,47
2019-07-04,01관,"10:20,  스파이더맨: 파 프롬 홈(디지털),  6,000원","13:00,  토이 스토리 4(디지털더빙)","15:00,  토이 스토리 4(디지털),  6,000원","17:00,  존 윅 3: 파라벨룸(디지털),  6,000원","19:30,  스파이더맨: 파 프롬 홈(디지털),  6,000원","22:00,  스파이더맨: 파 프롬 홈(디지털),  6,000원",,89
2019-07-04,02관,"09:40,  알라딘(디지털),  6,000원","12:10,  스파이더맨: 파 프롬 홈(디지털),  6,000원","14:40,  토이 스토리 4(디지털더빙),  6,000원","16:40,  알라딘(디지털더빙),  6,000원","19:10,  존 윅 3: 파라벨룸(디지털),  6,000원","21:40,  기생충(디지털),  6,000원",,47
2019-07-05,01관,"10:00,  스파이더맨: 파 프롬 홈(디지털),  6,000원","12:30,  알라딘(디지털더빙),  6,000원","15:00,  토이 스토리 4(디지털),  6,000원","17:00,  존 윅 3: 파라벨룸(디지털)","19:30,  스파이더맨: 파 프롬 홈(디지털),  6,000원","22:00,  스파이더맨: 파 프롬 홈(디지털),  6,000원",,89
2019-07-05,02관,"09:40,  기생충(디지털),  6,000원","12:10,  스파이더맨: 파 프롬 홈(디지털)","14:40,  토이 스토리 4(디지털더빙),  6,000원","16:40,  알라딘(디지털),  6,000원","19:10,  존 윅 3: 파라벨룸(디지털)","21:40,  존 윅 3: 파라벨룸(디지털),  6,000원",,47
2019-07-06,01관,"10:00,  스파이더맨: 파 프롬 홈(디지털),  6,000원","12:40,  알라딘(디지털더빙),  6,000원","15:10,  토이 스토리 4(디지털더빙),  6,000원","17:10,  알라딘(디지털),  6,000원","19:40,  스파이더맨: 파 프롬 홈(디지털),  6,000원","22:10,  스파이더맨: 파 프롬 홈(디지털),  6,000원",,89
2019-07-06,02관,"09:40,  기생충(디지털),  6,000원","12:10,  존 윅 3: 파라벨룸(디지털),  6,000원","14:40,  토이 스토리 4(디지털),  6,000원","16:40,  토이 스토리 4(디지털),  6,000원","19:00,  스파이더맨: 파 프롬 홈(디지털),  6,000원","21:40,  알라딘(디지털),  6,000원",,47
2019-07-07,01관,"10:00,  스파이더맨: 파 프롬 홈(디지털),  6,000원","12:40,  알라딘(디지털더빙),  6,000원","15:10,  토이 스토리 4(디지털더빙),  6,000원","17:10,  알라딘(디지털),  6,000원","19:40,  스파이더맨: 파 프롬 홈(디지털),  6,000원","22:10,  스파이더맨: 파 프롬 홈(디지털),  6,000원",,89
2019-07-07,02관,"09:40,  기생충(디지털),  6,000원","12:10,  존 윅 3: 파라벨룸(디지털),  6,000원","14:40,  토이 스토리 4(디지털),  6,000원","16:40,  천로역정: 천국을 찾아서(디지털더빙),  6,000원","19:00,  스파이더맨: 파 프롬 홈(디지털),  6,000원","21:40,  알라딘(디지털),  6,000원",,47
2019-07-08,01관,"10:00,  스파이더맨: 파 프롬 홈(디지털),  6,000원","13:20,  스파이더맨: 파 프롬 홈(디지털),  6,000원","16:00,  스파이더맨: 파 프롬 홈(디지털),  6,000원","19:00,  스파이더맨: 파 프롬 홈(디지털),  6,000원","21:40,  스파이더맨: 파 프롬 홈(디지털),  6,000원",,,89
2019-07-08,02관,"10:30,  토이 스토리 4(디지털더빙),  6,000원","13:00,  토이 스토리 4(디지털),  6,000원","15:40,  토이 스토리 4(디지털더빙),  6,000원","18:40,  알라딘(디지털),  6,000원","21:10,  존 윅 3: 파라벨룸(디지털),  6,000원",,,47
2019-07-09,01관,"10:00,  스파이더맨: 파 프롬 홈(디지털)","13:20,  스파이더맨: 파 프롬 홈(디지털),  6,000원","16:00,  스파이더맨: 파 프롬 홈(디지털),  6,000원","19:00,  스파이더맨: 파 프롬 홈(디지털),  6,000원","21:40,  스파이더맨: 파 프롬 홈(디지털),  6,000원",,,89
2019-07-09,02관,"10:30,  토이 스토리 4(디지털더빙),  6,000원","13:00,  토이 스토리 4(디지털),  6,000원","15:40,  토이 스토리 4(디지털더빙),  6,000원","18:40,  알라딘(디지털),  6,000원","21:10,  존 윅 3: 파라벨룸(디지털),  6,000원",,,47
2019-07-10,01관,"10:00,  스파이더맨: 파 프롬 홈(디지털),  6,000원","13:20,  존 윅 3: 파라벨룸(디지털)","16:20,  토이 스토리 4(디지털더빙),  6,000원","19:00,  스파이더맨: 파 프롬 홈(디지털),  6,000원","21:40,  스파이더맨: 파 프롬 홈(디지털),  6,000원",,,89
2019-07-10,02관,"10:30,  기방도령(디지털),  6,000원","13:00,  기방도령(디지털),  6,000원","15:50,  기방도령(디지털),  6,000원","18:30,  기방도령(디지털),  6,000원","21:10,  기방도령(디지털),  6,000원",,,47
2019-07-11,01관,"10:00,  스파이더맨: 파 프롬 홈(디지털),  6,000원","13:20,  존 윅 3: 파라벨룸(디지털),  6,000원","16:20,  토이 스토리 4(디지털더빙),  6,000원","19:00,  스파이더맨: 파 프롬 홈(디지털),  6,000원","21:40,  스파이더맨: 파 프롬 홈(디지털),  6,000원",,,89
2019-07-11,02관,"10:30,  기방도령(디지털),  6,000원","13:00,  기방도령(디지털),  6,000원","15:50,  기방도령(디지털),  6,000원","18:30,  기방도령(디지털),  6,000원","21:10,  기방도령(디지털),  6,000원",,,47
2019-07-12,01관,"10:30,  천로역정: 천국을 찾아서(디지털더빙),  6,000원","13:20,  존 윅 3: 파라벨룸(디지털),  6,000원","16:20,  토이 스토리 4(디지털더빙),  6,000원","19:00,  스파이더맨: 파 프롬 홈(디지털),  6,000원","21:40,  스파이더맨: 파 프롬 홈(디지털),  6,000원",,,89
2019-07-12,02관,"10:00,  알라딘(디지털더빙),  6,000원","13:00,  기방도령(디지털),  6,000원","15:50,  존 윅 3: 파라벨룸(디지털)","18:30,  기방도령(디지털),  6,000원","21:10,  알라딘(디지털),  6,000원",,,47
2019-07-13,01관,"10:00,  스파이더맨: 파 프롬 홈(디지털),  6,000원","12:30,  존 윅 3: 파라벨룸(디지털),  6,000원","15:00,  토이 스토리 4(디지털더빙),  6,000원","17:00,  스파이더맨: 파 프롬 홈(디지털),  6,000원","19:30,  스파이더맨: 파 프롬 홈(디지털),  6,000원","22:00,  스파이더맨: 파 프롬 홈(디지털),  6,000원",,89
2019-07-13,02관,"09:40,  기방도령(디지털),  6,000원","12:00,  기방도령(디지털),  6,000원","14:10,  알라딘(디지털),  6,000원","16:40,  천로역정: 천국을 찾아서(디지털더빙),  6,000원","19:00,  기방도령(디지털),  6,000원","21:10,  알라딘(디지털),  6,000원",,47
2019-07-14,01관,"10:00,  스파이더맨: 파 프롬 홈(디지털),  6,000원","12:30,  존 윅 3: 파라벨룸(디지털),  6,000원","15:00,  토이 스토리 4(디지털더빙),  6,000원","17:00,  스파이더맨: 파 프롬 홈(디지털),  6,000원","19:30,  스파이더맨: 파 프롬 홈(디지털),  6,000원","22:00,  스파이더맨: 파 프롬 홈(디지털),  6,000원",,89
2019-07-14,02관,"09:40,  기방도령(디지털),  6,000원","12:00,  기방도령(디지털),  6,000원","14:10,  알라딘(디지털),  6,000원","16:40,  천로역정: 천국을 찾아서(디지털더빙),  6,000원","19:00,  기방도령(디지털),  6,000원","21:10,  알라딘(디지털),  6,000원",,47
2019-07-15,01관,"10:00,  스파이더맨: 파 프롬 홈(디지털),  6,000원","13:20,  존 윅 3: 파라벨룸(디지털),  6,000원","16:20,  토이 스토리 4(디지털더빙),  6,000원","19:00,  스파이더맨: 파 프롬 홈(디지털),  6,000원","21:40,  스파이더맨: 파 프롬 홈(디지털),  6,000원",,,89
2019-07-15,02관,"10:30,  기방도령(디지털)","13:00,  기방도령(디지털),  6,000원","15:50,  기방도령(디지털),  6,000원","18:30,  기방도령(디지털),  6,000원","21:10,  기방도령(디지털),  6,000원",,,47
2019-07-16,01관,"10:00,  스파이더맨: 파 프롬 홈(디지털),  6,000원","12:30,  스파이더맨: 파 프롬 홈(디지털),  6,000원","15:00,  토이 스토리 4(디지털더빙),  6,000원","17:00,  스파이더맨: 파 프롬 홈(디지털),  6,000원","19:30,  스파이더맨: 파 프롬 홈(디지털),  6,000원","22:00,  스파이더맨: 파 프롬 홈(디지털),  6,000원",,89
2019-07-16,02관,"09:50,  기방도령(디지털)","12:00,  기방도령(디지털),  6,000원","14:05,  존 윅 3: 파라벨룸(디지털),  6,000원","16:40,  토이 스토리 4(디지털),  6,000원","19:00,  천로역정: 천국을 찾아서(디지털더빙),  6,000원","21:40,  기방도령(디지털),  6,000원",,47
2019-07-17,01관,"10:00,  라이온 킹(디지털더빙),  6,000원","12:30,  스파이더맨: 파 프롬 홈(디지털),  6,000원","15:00,  라이온 킹(디지털더빙),  6,000원","17:20,  토이 스토리 4(디지털더빙),  6,000원","19:20,  스파이더맨: 파 프롬 홈(디지털),  6,000원","21:45,  스파이더맨: 파 프롬 홈(디지털),  6,000원",,89
2019-07-17,02관,"10:30,  기방도령(디지털),  6,000원","13:00,  기방도령(디지털),  6,000원","15:50,  스파이더맨: 파 프롬 홈(디지털),  6,000원","19:00,  라이온 킹(디지털),  6,000원","21:40,  라이온 킹(디지털),  6,000원",,,47
2019-07-18,01관,"10:00,  라이온 킹(디지털더빙),  6,000원","12:30,  스파이더맨: 파 프롬 홈(디지털),  6,000원","15:00,  라이온 킹(디지털더빙),  6,000원","17:20,  토이 스토리 4(디지털더빙),  6,000원","19:20,  스파이더맨: 파 프롬 홈(디지털),  6,000원","21:45,  스파이더맨: 파 프롬 홈(디지털),  6,000원",,89
2019-07-18,02관,"09:50,  스파이더맨: 파 프롬 홈(디지털),  6,000원","13:00,  기방도령(디지털),  6,000원","15:50,  스파이더맨: 파 프롬 홈(디지털),  6,000원","19:00,  라이온 킹(디지털),  6,000원","21:40,  라이온 킹(디지털),  6,000원",,,47
2019-07-19,01관,"09:40,  라이온 킹(디지털더빙),  6,000원","12:40,  라이온 킹(디지털더빙),  6,000원","15:00,  라이온 킹(디지털더빙),  6,000원","17:20,  토이 스토리 4(디지털더빙),  6,000원","19:20,  스파이더맨: 파 프롬 홈(디지털),  6,000원","21:50,  알라딘(디지털),  6,000원",,89
2019-07-19,02관,"10:00,  스파이더맨: 파 프롬 홈(디지털),  6,000원","12:30,  기방도령(디지털),  6,000원","14:35,  알라딘(디지털),  6,000원","17:00,  알라딘(디지털),  6,000원","19:40,  라이온 킹(디지털),  6,000원","22:00,  라이온 킹(디지털),  6,000원",,47
2019-07-20,01관,"09:50,  라이온 킹(디지털더빙),  6,000원","12:10,  스파이더맨: 파 프롬 홈(디지털),  6,000원","14:40,  라이온 킹(디지털더빙),  6,000원","17:00,  알라딘(디지털더빙),  6,000원","19:45,  라이온 킹(디지털),  6,000원","22:10,  라이온 킹(디지털),  6,000원",,89
2019-07-20,02관,"10:20,  스파이더맨: 파 프롬 홈(디지털),  6,000원","13:00,  기방도령(디지털),  6,000원","15:10,  토이 스토리 4(디지털더빙),  6,000원","17:20,  천로역정: 천국을 찾아서(디지털더빙),  6,000원","19:30,  알라딘(디지털),  6,000원","22:00,  알라딘(디지털),  6,000원",,47
2019-07-21,01관,"09:10,  라이온 킹(디지털더빙),  6,000원","11:30,  스파이더맨: 파 프롬 홈(디지털),  6,000원","14:00,  천로역정: 천국을 찾아서(디지털더빙),  6,000원","16:30,  천로역정: 천국을 찾아서(디지털더빙),  6,000원","19:20,  라이온 킹(디지털),  6,000원","22:00,  라이온 킹(디지털),  6,000원",,89
2019-07-21,02관,"09:30,  스파이더맨: 파 프롬 홈(디지털),  6,000원","12:00,  토이 스토리 4(디지털더빙),  6,000원","14:00,  천로역정: 천국을 찾아서(디지털더빙),  6,000원","16:30,  천로역정: 천국을 찾아서(디지털더빙),  6,000원","19:00,  스파이더맨: 파 프롬 홈(디지털),  6,000원","21:30,  알라딘(디지털),  6,000원",,47
2019-07-22,01관,"10:00,  토이 스토리 4(디지털더빙),  6,000원","12:20,  라이온 킹(디지털),  6,000원","14:40,  라이온 킹(디지털더빙),  6,000원","17:00,  라이온 킹(디지털더빙),  6,000원","19:20,  라이온 킹(디지털),  6,000원","21:40,  라이온 킹(디지털),  6,000원",,89
2019-07-22,02관,"10:30,  라이온 킹(디지털더빙),  6,000원","13:00,  기방도령(디지털),  6,000원","15:50,  스파이더맨: 파 프롬 홈(디지털),  6,000원","18:40,  알라딘(디지털),  6,000원","21:10,  알라딘(디지털),  6,000원",,,47
2019-07-23,01관,"10:00,  라이온 킹(디지털더빙),  6,000원","12:20,  라이온 킹(디지털),  6,000원","14:40,  라이온 킹(디지털더빙),  6,000원","17:00,  라이온 킹(디지털더빙),  6,000원","19:20,  라이온 킹(디지털),  6,000원","21:40,  라이온 킹(디지털),  6,000원",,89
2019-07-23,02관,"10:30,  기방도령(디지털),  6,000원","13:00,  기방도령(디지털),  6,000원","15:50,  스파이더맨: 파 프롬 홈(디지털),  6,000원","18:40,  알라딘(디지털),  6,000원","21:10,  알라딘(디지털),  6,000원",,,47
2019-07-24,01관,"10:30,  나랏말싸미(디지털),  6,000원","13:20,  나랏말싸미(디지털),  6,000원","16:20,  나랏말싸미(디지털),  6,000원","19:00,  나랏말싸미(디지털),  6,000원","21:10,  나랏말싸미(디지털),  6,000원",,,89
2019-07-24,02관,"10:00,  명탐정 코난: 감청의 권(디지털)","12:10,  명탐정 코난: 감청의 권(디지털),  6,000원","14:20,  라이온 킹(디지털더빙),  6,000원","16:40,  스파이더맨: 파 프롬 홈(디지털),  6,000원","19:10,  라이온 킹(디지털),  6,000원","21:30,  알라딘(디지털),  6,000원",,47
2019-07-25,01관,,"11:00,  나랏말싸미(디지털)","14:00,  나랏말싸미(디지털),  6,000원","16:20,  나랏말싸미(디지털),  6,000원","19:00,  나랏말싸미(디지털),  6,000원","21:10,  나랏말싸미(디지털),  6,000원",,89
2019-07-25,02관,"10:00,  명탐정 코난: 감청의 권(디지털),  6,000원","12:10,  명탐정 코난: 감청의 권(디지털),  6,000원","14:20,  라이온 킹(디지털더빙),  6,000원","16:40,  스파이더맨: 파 프롬 홈(디지털),  6,000원","19:10,  라이온 킹(디지털),  6,000원","21:30,  알라딘(디지털),  6,000원",,47
2019-07-26,01관,"09:40,  라이온 킹(디지털더빙),  6,000원","12:00,  나랏말싸미(디지털),  6,000원","14:30,  토이 스토리 4(디지털더빙),  6,000원","17:00,  알라딘(디지털더빙),  6,000원","19:30,  나랏말싸미(디지털),  6,000원","21:50,  라이온 킹(디지털),  6,000원",,89
2019-07-26,02관,"10:00,  명탐정 코난: 감청의 권(디지털),  6,000원","12:10,  명탐정 코난: 감청의 권(디지털),  6,000원","14:20,  라이온 킹(디지털더빙),  6,000원","16:40,  스파이더맨: 파 프롬 홈(디지털),  6,000원","19:10,  라이온 킹(디지털),  6,000원","21:30,  알라딘(디지털),  6,000원",,47
2019-07-27,01관,"09:40,  라이온 킹(디지털더빙),  6,000원","12:00,  나랏말싸미(디지털),  6,000원","14:30,  라이온 킹(디지털더빙),  6,000원","17:00,  알라딘(디지털더빙),  6,000원","19:50,  나랏말싸미(디지털),  6,000원","22:10,  라이온 킹(디지털),  6,000원",,89
2019-07-27,02관,"10:00,  스파이더맨: 파 프롬 홈(디지털),  6,000원","12:30,  명탐정 코난: 감청의 권(디지털),  6,000원","14:40,  스파이더맨: 파 프롬 홈(디지털),  6,000원","17:20,  명탐정 코난: 감청의 권(디지털),  6,000원","19:30,  라이온 킹(디지털더빙),  6,000원","21:50,  알라딘(디지털),  6,000원",,47
2019-07-28,01관,"09:00,  라이온 킹(디지털),  6,000원","11:20,  나랏말싸미(디지털),  6,000원","14:00,  천로역정: 천국을 찾아서(디지털더빙),  6,000원","17:00,  라이온 킹(디지털더빙),  6,000원","19:40,  나랏말싸미(디지털),  6,000원","22:00,  라이온 킹(디지털),  6,000원",,89
2019-07-28,02관,"09:20,  스파이더맨: 파 프롬 홈(디지털),  6,000원","11:50,  명탐정 코난: 감청의 권(디지털)","14:00,  천로역정: 천국을 찾아서(디지털더빙),  6,000원","16:40,  스파이더맨: 파 프롬 홈(디지털),  6,000원","19:10,  알라딘(디지털더빙),  6,000원","21:40,  알라딘(디지털),  6,000원",,47
2019-07-29,01관,"10:00,  나랏말싸미(디지털)","12:20,  알라딘(디지털),  6,000원","14:50,  라이온 킹(디지털더빙),  6,000원","17:10,  라이온 킹(디지털),  6,000원","19:30,  나랏말싸미(디지털),  6,000원","21:40,  알라딘(디지털),  6,000원",,89
2019-07-29,02관,"10:20,  라이온 킹(디지털)","12:40,  명탐정 코난: 감청의 권(디지털)","14:50,  스파이더맨: 파 프롬 홈(디지털),  6,000원","17:30,  나랏말싸미(디지털),  6,000원","20:00,  알라딘(디지털더빙),  6,000원",,,47
2019-07-30,01관,"10:00,  나랏말싸미(디지털),  6,000원","12:20,  알라딘(디지털),  6,000원","14:50,  라이온 킹(디지털더빙),  6,000원","17:10,  라이온 킹(디지털),  6,000원","19:30,  나랏말싸미(디지털),  6,000원","21:40,  알라딘(디지털),  6,000원",,89
2019-07-30,02관,"10:20,  라이온 킹(디지털),  6,000원","12:40,  명탐정 코난: 감청의 권(디지털),  6,000원","14:50,  스파이더맨: 파 프롬 홈(디지털),  6,000원","17:30,  나랏말싸미(디지털),  6,000원","20:00,  알라딘(디지털더빙),  6,000원",,,47
2019-07-31,01관,"09:50,  사자(디지털),  6,000원","12:20,  나랏말싸미(디지털),  6,000원","14:30,  사자(디지털),  6,000원","17:00,  나랏말싸미(디지털),  6,000원","19:10,  사자(디지털),  6,000원","22:00,  엑시트(디지털),  6,000원",,89
2019-07-31,02관,"10:30,  스파이더맨: 파 프롬 홈(디지털),  6,000원","13:00,  사자(디지털),  6,000원","15:30,  마이펫의 이중생활 2(디지털더빙),  6,000원","17:20,  알라딘(디지털),  6,000원","19:50,  마이펫의 이중생활 2(디지털더빙),  6,000원","21:40,  라이온 킹(디지털),  6,000원",,47
2019-08-01,01관,"10:00,  사자(디지털),  6,000원","12:30,  나랏말싸미(디지털),  6,000원","14:40,  사자(디지털),  6,000원","17:10,  엑시트(디지털),  6,000원","19:20,  사자(디지털),  6,000원","22:10,  엑시트(디지털),  6,000원",,89
2019-08-01,02관,"10:30,  마이펫의 이중생활 2(디지털),  6,000원","13:00,  알라딘(디지털더빙),  6,000원","15:30,  마이펫의 이중생활 2(디지털),  6,000원","17:20,  라이온 킹(디지털더빙),  6,000원","19:50,  엑시트(디지털),  6,000원","21:55,  라이온 킹(디지털),  6,000원",,47
2019-08-02,01관,"09:50,  나랏말싸미(디지털),  6,000원","12:00,  라이온 킹(디지털),  6,000원","14:20,  사자(디지털),  6,000원","16:50,  엑시트(디지털),  6,000원","18:55,  엑시트(디지털),  6,000원","21:10,  사자(디지털),  6,000원",,89
2019-08-02,02관,"10:20,  사자(디지털),  6,000원","12:50,  알라딘(디지털더빙),  6,000원","15:20,  마이펫의 이중생활 2(디지털더빙),  6,000원","17:05,  엑시트(디지털),  6,000원","19:10,  라이온 킹(디지털더빙),  6,000원","21:30,  엑시트(디지털),  6,000원",,47
2019-08-03,01관,"09:50,  엑시트(디지털),  6,000원","11:55,  라이온 킹(디지털더빙),  6,000원","14:10,  엑시트(디지털),  6,000원","16:15,  엑시트(디지털),  6,000원","18:30,  사자(디지털),  6,000원","21:00,  사자(디지털),  6,000원",,89
2019-08-03,02관,"10:20,  마이펫의 이중생활 2(디지털더빙),  6,000원","12:15,  라이온 킹(디지털더빙),  6,000원","14:40,  알라딘(디지털더빙),  6,000원","17:10,  마이펫의 이중생활 2(디지털더빙),  6,000원","19:00,  사자(디지털),  6,000원","21:30,  엑시트(디지털),  6,000원",,47
2019-08-04,01관,"10:00,  엑시트(디지털),  6,000원","12:10,  나랏말싸미(디지털),  6,000원","14:30,  라이온 킹(디지털더빙),  6,000원","16:50,  엑시트(디지털),  6,000원","18:55,  사자(디지털),  6,000원","21:25,  엑시트(디지털),  6,000원",,89
2019-08-04,02관,"10:20,  마이펫의 이중생활 2(디지털더빙),  6,000원","12:40,  라이온 킹(디지털더빙),  6,000원","15:00,  알라딘(디지털더빙),  6,000원","17:30,  마이펫의 이중생활 2(디지털더빙),  6,000원","19:15,  사자(디지털),  6,000원","21:45,  엑시트(디지털),  6,000원",,47
2019-08-05,01관,"10:00,  엑시트(디지털),  6,000원","12:10,  나랏말싸미(디지털),  6,000원","14:30,  라이온 킹(디지털더빙),  6,000원","16:50,  엑시트(디지털),  6,000원","18:55,  사자(디지털),  6,000원","21:25,  엑시트(디지털),  6,000원",,89
2019-08-05,02관,"10:20,  마이펫의 이중생활 2(디지털더빙),  6,000원","12:40,  라이온 킹(디지털더빙),  6,000원","15:00,  마이펫의 이중생활 2(디지털더빙),  6,000원","17:10,  마이펫의 이중생활 2(디지털더빙),  6,000원","19:10,  사자(디지털),  6,000원","21:40,  엑시트(디지털),  6,000원",,47
2019-08-06,01관,"10:00,  엑시트(디지털),  6,000원","12:10,  나랏말싸미(디지털),  6,000원","14:30,  라이온 킹(디지털더빙),  6,000원","16:50,  엑시트(디지털),  6,000원","18:55,  사자(디지털),  6,000원","21:25,  엑시트(디지털),  6,000원",,89
2019-08-06,02관,"10:20,  마이펫의 이중생활 2(디지털더빙),  6,000원","12:40,  라이온 킹(디지털더빙),  6,000원","15:00,  마이펫의 이중생활 2(디지털더빙),  6,000원","17:10,  마이펫의 이중생활 2(디지털더빙),  6,000원","19:10,  사자(디지털)","21:40,  엑시트(디지털),  6,000원",,47
2019-08-07,01관,"09:50,  봉오동 전투(디지털),  6,000원","12:25,  나랏말싸미(디지털),  6,000원","14:35,  사자(디지털),  6,000원","17:05,  엑시트(디지털),  6,000원","19:10,  봉오동 전투(디지털),  6,000원","21:45,  사자(디지털),  6,000원",,89
2019-08-07,02관,"10:30,  엑시트(디지털),  6,000원","12:35,  라이온 킹(디지털더빙),  6,000원","14:50,  마이펫의 이중생활 2(디지털더빙),  6,000원","16:50,  마이펫의 이중생활 2(디지털더빙),  6,000원","18:50,  봉오동 전투(디지털),  6,000원","21:30,  엑시트(디지털),  6,000원",,47
2019-08-08,01관,"09:50,  봉오동 전투(디지털),  6,000원","12:25,  나랏말싸미(디지털),  6,000원","14:35,  사자(디지털),  6,000원","17:05,  엑시트(디지털),  6,000원","19:10,  봉오동 전투(디지털),  6,000원","21:45,  사자(디지털),  6,000원",,89
2019-08-08,02관,"10:30,  엑시트(디지털),  6,000원","12:35,  라이온 킹(디지털더빙),  6,000원","14:50,  마이펫의 이중생활 2(디지털더빙),  6,000원","16:50,  마이펫의 이중생활 2(디지털더빙)","18:50,  봉오동 전투(디지털),  6,000원","21:30,  엑시트(디지털),  6,000원",,47
2019-08-09,01관,"09:50,  봉오동 전투(디지털),  6,000원","12:25,  엑시트(디지털),  6,000원","14:35,  사자(디지털),  6,000원","17:05,  엑시트(디지털),  6,000원","19:10,  봉오동 전투(디지털),  6,000원","21:45,  사자(디지털),  6,000원",,89
2019-08-09,02관,"10:30,  엑시트(디지털),  6,000원","12:35,  라이온 킹(디지털더빙),  6,000원","14:50,  마이펫의 이중생활 2(디지털더빙),  6,000원","16:50,  마이펫의 이중생활 2(디지털더빙),  6,000원","18:50,  봉오동 전투(디지털),  6,000원","21:30,  엑시트(디지털),  6,000원",,47
2019-08-10,01관,"09:50,  봉오동 전투(디지털),  6,000원","12:25,  엑시트(디지털),  6,000원","14:35,  사자(디지털),  6,000원","17:05,  엑시트(디지털),  6,000원","19:10,  봉오동 전투(디지털),  6,000원","21:45,  사자(디지털),  6,000원",,89
2019-08-10,02관,"10:40,  엑시트(디지털),  6,000원","12:45,  라이온 킹(디지털더빙),  6,000원","15:00,  마이펫의 이중생활 2(디지털더빙),  6,000원","16:50,  마이펫의 이중생활 2(디지털더빙),  6,000원","18:50,  봉오동 전투(디지털),  6,000원","21:25,  엑시트(디지털),  6,000원",,47
2019-08-11,01관,"09:50,  봉오동 전투(디지털),  6,000원","12:25,  엑시트(디지털),  6,000원","14:35,  사자(디지털),  6,000원","17:05,  엑시트(디지털),  6,000원","19:10,  봉오동 전투(디지털),  6,000원","21:45,  엑시트(디지털),  6,000원",,89
2019-08-11,02관,"10:40,  엑시트(디지털),  6,000원","12:45,  라이온 킹(디지털더빙),  6,000원","15:00,  마이펫의 이중생활 2(디지털더빙),  6,000원","16:50,  마이펫의 이중생활 2(디지털더빙),  6,000원","18:50,  봉오동 전투(디지털),  6,000원","21:25,  엑시트(디지털),  6,000원",,47
2019-08-12,01관,"09:50,  봉오동 전투(디지털),  6,000원","12:25,  엑시트(디지털),  6,000원","14:30,  사자(디지털),  6,000원","17:05,  엑시트(디지털),  6,000원","19:10,  봉오동 전투(디지털),  6,000원","21:45,  사자(디지털),  6,000원",,89
2019-08-12,02관,"10:20,  라이온 킹(디지털더빙),  6,000원","12:40,  마이펫의 이중생활 2(디지털더빙),  6,000원","14:50,  라이온 킹(디지털더빙),  6,000원","17:20,  엑시트(디지털),  6,000원","19:30,  마이펫의 이중생활 2(디지털더빙),  6,000원","21:25,  엑시트(디지털),  6,000원",,47
2019-08-13,01관,"09:50,  봉오동 전투(디지털),  6,000원","12:25,  엑시트(디지털),  6,000원","14:30,  사자(디지털),  6,000원","17:05,  엑시트(디지털),  6,000원","19:10,  봉오동 전투(디지털),  6,000원","21:45,  사자(디지털),  6,000원",,89
2019-08-13,02관,"10:20,  라이온 킹(디지털더빙)","12:40,  마이펫의 이중생활 2(디지털더빙),  6,000원","14:50,  라이온 킹(디지털더빙),  6,000원","17:20,  엑시트(디지털),  6,000원","19:30,  마이펫의 이중생활 2(디지털더빙),  6,000원","21:25,  엑시트(디지털),  6,000원",,47
2019-08-14,01관,"10:10,  봉오동 전투(디지털),  6,000원","13:00,  엑시트(디지털),  6,000원","15:05,  분노의 질주: 홉스&쇼(디지털),  6,000원","17:40,  엑시트(디지털),  6,000원","19:40,  분노의 질주: 홉스&쇼(디지털),  6,000원","22:15,  엑시트(디지털),  6,000원",,89
2019-08-14,02관,"10:30,  사자(디지털),  6,000원","13:30,  마이펫의 이중생활 2(디지털더빙),  6,000원","15:15,  봉오동 전투(디지털),  6,000원","17:50,  원더랜드(디지털더빙),  6,000원","20:00,  원더랜드(디지털더빙),  6,000원","21:45,  엑시트(디지털),  6,000원",,47
2019-08-15,01관,"09:50,  봉오동 전투(디지털),  6,000원","12:25,  엑시트(디지털),  6,000원","14:30,  분노의 질주: 홉스&쇼(디지털),  6,000원","17:05,  봉오동 전투(디지털),  6,000원","19:40,  분노의 질주: 홉스&쇼(디지털),  6,000원","22:15,  엑시트(디지털),  6,000원",,89
2019-08-15,02관,"10:20,  원더랜드(디지털더빙),  6,000원","12:05,  사자(디지털),  6,000원","14:50,  마이펫의 이중생활 2(디지털더빙),  6,000원","16:35,  엑시트(디지털),  6,000원","18:50,  원더랜드(디지털더빙),  6,000원","20:35,  봉오동 전투(디지털),  6,000원",,47
2019-08-16,01관,"10:30,  마이펫의 이중생활 2(디지털더빙),  6,000원","12:25,  엑시트(디지털),  6,000원","14:30,  분노의 질주: 홉스&쇼(디지털),  6,000원","17:05,  봉오동 전투(디지털),  6,000원","19:40,  분노의 질주: 홉스&쇼(디지털),  6,000원","22:15,  엑시트(디지털),  6,000원",,89
2019-08-16,02관,"10:10,  원더랜드(디지털더빙),  6,000원","12:05,  사자(디지털)","14:45,  원더랜드(디지털더빙),  6,000원","16:35,  엑시트(디지털),  6,000원","18:50,  원더랜드(디지털더빙),  6,000원","20:35,  봉오동 전투(디지털),  6,000원",,47
2019-08-17,01관,"10:00,  엑시트(디지털),  6,000원","12:10,  원더랜드(디지털더빙),  6,000원","13:55,  분노의 질주: 홉스&쇼(디지털),  6,000원","16:35,  봉오동 전투(디지털),  6,000원","19:20,  분노의 질주: 홉스&쇼(디지털),  6,000원","22:00,  엑시트(디지털),  6,000원",,89
2019-08-17,02관,"10:30,  원더랜드(디지털더빙),  6,000원","12:25,  마이펫의 이중생활 2(디지털더빙),  6,000원","14:15,  분노의 질주: 홉스&쇼(디지털),  6,000원","16:55,  엑시트(디지털),  6,000원","19:00,  원더랜드(디지털더빙),  6,000원","20:55,  분노의 질주: 홉스&쇼(디지털),  6,000원",,47
2019-08-18,01관,"10:00,  엑시트(디지털),  6,000원","12:10,  원더랜드(디지털더빙),  6,000원","13:55,  분노의 질주: 홉스&쇼(디지털),  6,000원","16:35,  봉오동 전투(디지털),  6,000원","19:20,  분노의 질주: 홉스&쇼(디지털),  6,000원","22:00,  엑시트(디지털),  6,000원",,89
2019-08-18,02관,"10:30,  원더랜드(디지털더빙),  6,000원","12:25,  마이펫의 이중생활 2(디지털더빙),  6,000원","14:15,  분노의 질주: 홉스&쇼(디지털),  6,000원","16:55,  엑시트(디지털),  6,000원","19:00,  원더랜드(디지털더빙),  6,000원","20:55,  분노의 질주: 홉스&쇼(디지털),  6,000원",,47
2019-08-19,01관,"10:30,  엑시트(디지털),  6,000원","12:40,  분노의 질주: 홉스&쇼(디지털),  6,000원","15:20,  엑시트(디지털),  6,000원","17:25,  봉오동 전투(디지털),  6,000원","20:00,  분노의 질주: 홉스&쇼(디지털),  6,000원","22:40,  엑시트(디지털),  6,000원",,89
2019-08-19,02관,"09:50,  원더랜드(디지털더빙),  6,000원","11:40,  마이펫의 이중생활 2(디지털더빙),  6,000원","13:25,  분노의 질주: 홉스&쇼(디지털),  6,000원","16:00,  엑시트(디지털),  6,000원","18:40,  봉오동 전투(디지털),  6,000원","21:30,  분노의 질주: 홉스&쇼(디지털),  6,000원",,47
2019-08-20,01관,"10:10,  엑시트(디지털),  6,000원","12:05,  분노의 질주: 홉스&쇼(디지털),  6,000원","15:30,  봉오동 전투(디지털),  6,000원","18:05,  엑시트(디지털),  6,000원","20:50,  분노의 질주: 홉스&쇼(디지털),  6,000원",,,89
2019-08-20,02관,"09:50,  원더랜드(디지털더빙),  6,000원","11:35,  엑시트(디지털),  6,000원","14:00,  봉오동 전투(디지털),  6,000원","16:35,  마이펫의 이중생활 2(디지털더빙),  6,000원","18:30,  엑시트(디지털),  6,000원","21:00,  분노의 질주: 홉스&쇼(디지털),  6,000원",,47
2019-08-21,01관,"09:40,  광대들: 풍문조작단(디지털),  6,000원","11:55,  분노의 질주: 홉스&쇼(디지털),  6,000원","14:40,  변신(디지털),  6,000원","17:00,  광대들: 풍문조작단(디지털),  6,000원","19:05,  분노의 질주: 홉스&쇼(디지털),  6,000원","21:50,  광대들: 풍문조작단(디지털),  6,000원",,89
2019-08-21,02관,"10:00,  원더랜드(디지털더빙),  6,000원","11:50,  봉오동 전투(디지털),  6,000원","14:35,  엑시트(디지털),  6,000원","16:50,  변신(디지털),  6,000원","19:20,  광대들: 풍문조작단(디지털),  6,000원","21:30,  분노의 질주: 홉스&쇼(디지털),  6,000원",,47
2019-08-22,01관,"10:10,  광대들: 풍문조작단(디지털),  6,000원","12:25,  커런트 워(디지털),  6,000원","14:40,  광대들: 풍문조작단(디지털),  6,000원","17:00,  커런트 워(디지털),  6,000원","19:15,  광대들: 풍문조작단(디지털),  6,000원","21:30,  분노의 질주: 홉스&쇼(디지털),  6,000원",,89
2019-08-22,02관,"09:40,  원더랜드(디지털더빙)","11:30,  분노의 질주: 홉스&쇼(디지털),  6,000원","14:05,  봉오동 전투(디지털),  6,000원","16:45,  변신(디지털),  6,000원","19:00,  분노의 질주: 홉스&쇼(디지털),  6,000원","21:50,  커런트 워(디지털),  6,000원",,47
2019-08-23,01관,"10:00,  커런트 워(디지털),  6,000원","12:05,  분노의 질주: 홉스&쇼(디지털),  6,000원","14:40,  광대들: 풍문조작단(디지털),  6,000원","16:50,  커런트 워(디지털)","19:00,  광대들: 풍문조작단(디지털),  6,000원","21:10,  분노의 질주: 홉스&쇼(디지털),  6,000원",,89
2019-08-23,02관,"10:30,  변신(디지털),  6,000원","12:40,  봉오동 전투(디지털),  6,000원","15:15,  원더랜드(디지털더빙),  6,000원","17:10,  엑시트(디지털),  6,000원","19:15,  변신(디지털),  6,000원","21:30,  엑시트(디지털),  6,000원",,47
2019-08-24,01관,"10:00,  커런트 워(디지털),  6,000원","12:05,  분노의 질주: 홉스&쇼(디지털),  6,000원","14:40,  광대들: 풍문조작단(디지털),  6,000원","16:50,  커런트 워(디지털),  6,000원","19:00,  광대들: 풍문조작단(디지털),  6,000원","21:10,  분노의 질주: 홉스&쇼(디지털),  6,000원",,89
2019-08-24,02관,"10:30,  변신(디지털),  6,000원","12:40,  봉오동 전투(디지털),  6,000원","15:15,  원더랜드(디지털더빙),  6,000원","17:10,  엑시트(디지털),  6,000원","19:15,  변신(디지털),  6,000원","21:30,  엑시트(디지털),  6,000원",,47
2019-08-25,01관,"10:10,  광대들: 풍문조작단(디지털),  6,000원","12:25,  커런트 워(디지털)","14:40,  광대들: 풍문조작단(디지털),  6,000원","16:50,  커런트 워(디지털),  6,000원","19:15,  광대들: 풍문조작단(디지털),  6,000원","21:30,  분노의 질주: 홉스&쇼(디지털),  6,000원",,89
2019-08-25,02관,"10:40,  원더랜드(디지털더빙),  6,000원","12:40,  변신(디지털),  6,000원","15:00,  엑시트(디지털),  6,000원","17:05,  변신(디지털),  6,000원","19:30,  분노의 질주: 홉스&쇼(디지털),  6,000원","22:05,  변신(디지털),  6,000원",,47
2019-08-26,01관,"10:00,  커런트 워(디지털),  6,000원","12:10,  엑시트(디지털),  6,000원","14:15,  분노의 질주: 홉스&쇼(디지털),  6,000원","16:50,  광대들: 풍문조작단(디지털),  6,000원","19:00,  분노의 질주: 홉스&쇼(디지털),  6,000원","21:40,  커런트 워(디지털),  6,000원",,89
2019-08-26,02관,"09:50,  원더랜드(디지털더빙)","11:30,  광대들: 풍문조작단(디지털),  6,000원","13:40,  변신(디지털),  6,000원","15:50,  원더랜드(디지털더빙),  6,000원","17:35,  엑시트(디지털),  6,000원","19:40,  광대들: 풍문조작단(디지털),  6,000원","21:50,  변신(디지털),  6,000원",47
2019-08-27,01관,"10:10,  광대들: 풍문조작단(디지털),  6,000원","12:25,  커런트 워(디지털),  6,000원","14:40,  광대들: 풍문조작단(디지털),  6,000원","16:50,  분노의 질주: 홉스&쇼(디지털),  6,000원","19:25,  광대들: 풍문조작단(디지털),  6,000원","21:30,  분노의 질주: 홉스&쇼(디지털),  6,000원",,89
2019-08-27,02관,"10:30,  원더랜드(디지털더빙)","12:15,  변신(디지털),  6,000원","14:30,  엑시트(디지털),  6,000원","16:35,  광대들: 풍문조작단(디지털),  6,000원","18:50,  원더랜드(디지털더빙)","20:40,  엑시트(디지털),  6,000원",,47
2019-08-28,01관,"10:00,  유열의 음악앨범(디지털),  6,000원","12:20,  분노의 질주: 홉스&쇼(디지털),  6,000원","14:50,  엑시트(디지털),  6,000원","17:00,  커런트 워(디지털),  6,000원","19:10,  유열의 음악앨범(디지털),  6,000원","21:30,  분노의 질주: 홉스&쇼(디지털),  6,000원",,89
2019-08-28,02관,"10:30,  변신(디지털),  6,000원","12:40,  유열의 음악앨범(디지털),  6,000원","15:00,  분노의 질주: 홉스&쇼(디지털)","17:40,  광대들: 풍문조작단(디지털),  6,000원","19:45,  유열의 음악앨범(디지털),  6,000원","22:00,  변신(디지털),  6,000원",,47
2019-08-29,01관,"10:00,  유열의 음악앨범(디지털),  6,000원","12:20,  분노의 질주: 홉스&쇼(디지털),  6,000원","14:50,  광대들: 풍문조작단(디지털),  6,000원","17:00,  커런트 워(디지털),  6,000원","19:10,  유열의 음악앨범(디지털),  6,000원","21:30,  분노의 질주: 홉스&쇼(디지털),  6,000원",,89
2019-08-29,02관,"10:30,  변신(디지털),  6,000원","12:40,  유열의 음악앨범(디지털),  6,000원","15:00,  분노의 질주: 홉스&쇼(디지털),  6,000원","17:40,  엑시트(디지털),  6,000원","19:45,  유열의 음악앨범(디지털),  6,000원","22:00,  변신(디지털),  6,000원",,47
2019-08-30,01관,"10:00,  분노의 질주: 홉스&쇼(디지털),  6,000원","13:00,  광대들: 풍문조작단(디지털),  6,000원","16:10,  커런트 워(디지털),  6,000원","18:50,  유열의 음악앨범(디지털),  6,000원","21:50,  광대들: 풍문조작단(디지털),  6,000원",,,89
2019-08-30,02관,"10:30,  변신(디지털)","12:40,  유열의 음악앨범(디지털),  6,000원","15:00,  분노의 질주: 홉스&쇼(디지털),  6,000원","17:40,  엑시트(디지털),  6,000원","19:45,  유열의 음악앨범(디지털),  6,000원","22:00,  변신(디지털),  6,000원",,47
2019-08-31,01관,"10:00,  분노의 질주: 홉스&쇼(디지털),  6,000원","13:00,  광대들: 풍문조작단(디지털),  6,000원","15:10,  유열의 음악앨범(디지털),  6,000원","17:25,  커런트 워(디지털),  6,000원","19:30,  유열의 음악앨범(디지털),  6,000원","21:50,  광대들: 풍문조작단(디지털),  6,000원",,89
2019-08-31,02관,"10:30,  변신(디지털),  6,000원","12:40,  유열의 음악앨범(디지털),  6,000원","15:00,  분노의 질주: 홉스&쇼(디지털),  6,000원","17:40,  엑시트(디지털),  6,000원","19:45,  유열의 음악앨범(디지털),  6,000원","22:00,  변신(디지털),  6,000원",,47
2019-09-01,01관,"10:00,  분노의 질주: 홉스&쇼(디지털),  6,000원","13:00,  광대들: 풍문조작단(디지털),  6,000원","15:10,  유열의 음악앨범(디지털),  6,000원","17:25,  커런트 워(디지털),  6,000원","19:30,  유열의 음악앨범(디지털),  6,000원","21:50,  광대들: 풍문조작단(디지털)",,89
2019-09-01,02관,"10:30,  변신(디지털),  6,000원","12:40,  유열의 음악앨범(디지털),  6,000원","15:00,  분노의 질주: 홉스&쇼(디지털),  6,000원","17:40,  엑시트(디지털),  6,000원","19:45,  유열의 음악앨범(디지털),  6,000원","22:00,  변신(디지털),  6,000원",,47
2019-09-02,01관,"10:00,  유열의 음악앨범(디지털),  6,000원","12:20,  분노의 질주: 홉스&쇼(디지털),  6,000원","15:15,  광대들: 풍문조작단(디지털),  6,000원","17:20,  커런트 워(디지털)","19:30,  광대들: 풍문조작단(디지털),  6,000원","21:35,  분노의 질주: 홉스&쇼(디지털),  6,000원",,89
2019-09-02,02관,"10:30,  변신(디지털),  6,000원","12:40,  유열의 음악앨범(디지털),  6,000원","15:00,  분노의 질주: 홉스&쇼(디지털),  6,000원","17:40,  엑시트(디지털),  6,000원","19:45,  유열의 음악앨범(디지털),  6,000원","22:00,  변신(디지털),  6,000원",,47
2019-09-03,01관,"10:00,  유열의 음악앨범(디지털),  6,000원","12:20,  분노의 질주: 홉스&쇼(디지털)","15:15,  광대들: 풍문조작단(디지털)","17:20,  커런트 워(디지털),  6,000원","19:30,  광대들: 풍문조작단(디지털),  6,000원","21:35,  분노의 질주: 홉스&쇼(디지털),  6,000원",,89
2019-09-03,02관,"10:30,  변신(디지털),  6,000원","12:40,  유열의 음악앨범(디지털),  6,000원","15:00,  분노의 질주: 홉스&쇼(디지털),  6,000원","17:40,  엑시트(디지털),  6,000원","19:45,  유열의 음악앨범(디지털),  6,000원","22:00,  변신(디지털),  6,000원",,47
2019-09-04,01관,"10:00,  유열의 음악앨범(디지털),  6,000원","12:20,  분노의 질주: 홉스&쇼(디지털),  6,000원","14:50,  광대들: 풍문조작단(디지털),  6,000원","17:00,  커런트 워(디지털),  6,000원","19:10,  유열의 음악앨범(디지털),  6,000원","21:30,  분노의 질주: 홉스&쇼(디지털),  6,000원",,89
2019-09-04,02관,"10:30,  변신(디지털)","12:40,  유열의 음악앨범(디지털),  6,000원","15:00,  분노의 질주: 홉스&쇼(디지털),  6,000원","17:40,  엑시트(디지털),  6,000원","19:45,  유열의 음악앨범(디지털),  6,000원","22:00,  변신(디지털),  6,000원",,47
2019-09-05,01관,"10:00,  유열의 음악앨범(디지털),  6,000원","12:20,  분노의 질주: 홉스&쇼(디지털)","15:50,  광대들: 풍문조작단(디지털),  6,000원","19:10,  광대들: 풍문조작단(디지털),  6,000원","21:20,  커런트 워(디지털),  6,000원",,,89
2019-09-05,02관,"10:30,  변신(디지털),  6,000원","12:40,  안녕 베일리(디지털),  6,000원","15:50,  광대들: 풍문조작단(디지털),  6,000원","18:00,  안녕 베일리(디지털)","20:10,  엑시트(디지털),  6,000원",,,47
2019-09-06,01관,"10:00,  유열의 음악앨범(디지털),  6,000원","12:20,  분노의 질주: 홉스&쇼(디지털),  6,000원","15:00,  커런트 워(디지털),  6,000원","17:05,  광대들: 풍문조작단(디지털)","19:10,  유열의 음악앨범(디지털),  6,000원","21:30,  분노의 질주: 홉스&쇼(디지털),  6,000원",,89
2019-09-06,02관,"10:30,  안녕 베일리(디지털),  6,000원","12:40,  변신(디지털)","14:50,  광대들: 풍문조작단(디지털),  6,000원","16:50,  안녕 베일리(디지털)","19:00,  엑시트(디지털),  6,000원","21:05,  변신(디지털),  6,000원",,47
2019-09-07,01관,"10:00,  유열의 음악앨범(디지털),  6,000원","12:20,  분노의 질주: 홉스&쇼(디지털),  6,000원","15:00,  커런트 워(디지털),  6,000원","17:05,  광대들: 풍문조작단(디지털),  6,000원","19:10,  유열의 음악앨범(디지털),  6,000원","21:30,  분노의 질주: 홉스&쇼(디지털),  6,000원",,89
2019-09-07,02관,"10:30,  안녕 베일리(디지털),  6,000원","12:40,  변신(디지털),  6,000원","14:50,  광대들: 풍문조작단(디지털),  6,000원","16:50,  안녕 베일리(디지털),  6,000원","19:00,  엑시트(디지털),  6,000원","21:05,  변신(디지털),  6,000원",,47
2019-09-08,01관,"10:00,  유열의 음악앨범(디지털),  6,000원","12:20,  분노의 질주: 홉스&쇼(디지털),  6,000원","15:00,  커런트 워(디지털)","17:05,  광대들: 풍문조작단(디지털),  6,000원","19:10,  유열의 음악앨범(디지털),  6,000원","21:30,  분노의 질주: 홉스&쇼(디지털),  6,000원",,89
2019-09-08,02관,"10:30,  안녕 베일리(디지털),  6,000원","12:40,  변신(디지털),  6,000원","14:50,  엑시트(디지털),  6,000원","16:50,  안녕 베일리(디지털),  6,000원","19:00,  엑시트(디지털),  6,000원","21:05,  변신(디지털)",,47
2019-09-09,01관,"09:40,  분노의 질주: 홉스&쇼(디지털)","12:20,  안녕 베일리(디지털)","14:30,  커런트 워(디지털)","16:40,  변신(디지털)","19:00,  유열의 음악앨범(디지털),  6,000원","21:30,  변신(디지털),  6,000원",,89
2019-09-09,02관,"10:00,  유열의 음악앨범(디지털)","12:30,  엑시트(디지털),  6,000원","14:40,  광대들: 풍문조작단(디지털),  6,000원","17:00,  유열의 음악앨범(디지털)","19:25,  변신(디지털)","21:40,  광대들: 풍문조작단(디지털),  6,000원",,47
2019-09-10,01관,"09:40,  분노의 질주: 홉스&쇼(디지털)","12:20,  안녕 베일리(디지털),  6,000원","14:30,  커런트 워(디지털),  6,000원","16:40,  변신(디지털),  6,000원","19:00,  유열의 음악앨범(디지털),  6,000원","21:30,  변신(디지털)",,89
2019-09-10,02관,"10:00,  유열의 음악앨범(디지털)","12:30,  엑시트(디지털),  6,000원","14:40,  광대들: 풍문조작단(디지털),  6,000원","17:00,  유열의 음악앨범(디지털),  6,000원","19:25,  변신(디지털),  6,000원","21:40,  광대들: 풍문조작단(디지털),  6,000원",,47
2019-09-11,01관,"09:40,  나쁜 녀석들: 더 무비(디지털),  6,000원","12:00,  힘을 내요, 미스터 리(디지털),  6,000원","14:10,  타짜: 원 아이드 잭(디지털),  6,000원","16:50,  나쁜 녀석들: 더 무비(디지털),  6,000원","19:10,  나쁜 녀석들: 더 무비(디지털),  6,000원","21:30,  타짜: 원 아이드 잭(디지털),  6,000원",,89
2019-09-11,02관,"09:40,  타짜: 원 아이드 잭(디지털),  6,000원","12:20,  안녕 베일리(디지털)","14:30,  분노의 질주: 홉스&쇼(디지털)","17:10,  힘을 내요, 미스터 리(디지털),  6,000원","19:20,  타짜: 원 아이드 잭(디지털),  6,000원","22:00,  나쁜 녀석들: 더 무비(디지털),  6,000원",,47
2019-09-12,01관,"09:40,  힘을 내요, 미스터 리(디지털),  6,000원","11:50,  나쁜 녀석들: 더 무비(디지털),  6,000원","14:10,  타짜: 원 아이드 잭(디지털),  6,000원","17:00,  힘을 내요, 미스터 리(디지털),  6,000원","19:10,  나쁜 녀석들: 더 무비(디지털),  6,000원","21:35,  타짜: 원 아이드 잭(디지털),  6,000원",,89
2019-09-12,02관,"09:40,  분노의 질주: 홉스&쇼(디지털),  6,000원","12:20,  안녕 베일리(디지털),  6,000원","14:40,  힘을 내요, 미스터 리(디지털),  6,000원","16:50,  나쁜 녀석들: 더 무비(디지털),  6,000원","19:20,  타짜: 원 아이드 잭(디지털),  6,000원","22:00,  나쁜 녀석들: 더 무비(디지털),  6,000원",,47
2019-09-13,01관,"09:40,  힘을 내요, 미스터 리(디지털),  6,000원","11:50,  나쁜 녀석들: 더 무비(디지털),  6,000원","14:05,  타짜: 원 아이드 잭(디지털),  6,000원","16:45,  힘을 내요, 미스터 리(디지털),  6,000원","19:00,  타짜: 원 아이드 잭(디지털),  6,000원","21:40,  나쁜 녀석들: 더 무비(디지털),  6,000원",,89
2019-09-13,02관,"09:50,  안녕 베일리(디지털),  6,000원","12:00,  힘을 내요, 미스터 리(디지털),  6,000원","14:10,  나쁜 녀석들: 더 무비(디지털),  6,000원","16:25,  타짜: 원 아이드 잭(디지털),  6,000원","19:15,  나쁜 녀석들: 더 무비(디지털),  6,000원","21:40,  타짜: 원 아이드 잭(디지털),  6,000원",,47
2019-09-14,01관,"09:40,  안녕 베일리(디지털),  6,000원","11:50,  나쁜 녀석들: 더 무비(디지털),  6,000원","14:05,  타짜: 원 아이드 잭(디지털),  6,000원","16:45,  힘을 내요, 미스터 리(디지털),  6,000원","19:00,  나쁜 녀석들: 더 무비(디지털),  6,000원","21:20,  타짜: 원 아이드 잭(디지털),  6,000원",,89
2019-09-14,02관,"10:00,  힘을 내요, 미스터 리(디지털),  6,000원","12:10,  타짜: 원 아이드 잭(디지털),  6,000원","14:50,  나쁜 녀석들: 더 무비(디지털),  6,000원","17:05,  힘을 내요, 미스터 리(디지털),  6,000원","19:15,  타짜: 원 아이드 잭(디지털),  6,000원","21:55,  나쁜 녀석들: 더 무비(디지털),  6,000원",,47
2019-09-15,01관,"09:40,  안녕 베일리(디지털),  6,000원","11:50,  나쁜 녀석들: 더 무비(디지털),  6,000원","14:05,  타짜: 원 아이드 잭(디지털),  6,000원","16:45,  힘을 내요, 미스터 리(디지털),  6,000원","19:00,  나쁜 녀석들: 더 무비(디지털),  6,000원","21:20,  타짜: 원 아이드 잭(디지털),  6,000원",,89
2019-09-15,02관,"10:00,  힘을 내요, 미스터 리(디지털),  6,000원","12:10,  타짜: 원 아이드 잭(디지털),  6,000원","14:50,  나쁜 녀석들: 더 무비(디지털),  6,000원","17:05,  힘을 내요, 미스터 리(디지털),  6,000원","19:15,  타짜: 원 아이드 잭(디지털),  6,000원","21:55,  나쁜 녀석들: 더 무비(디지털),  6,000원",,47
2019-09-16,01관,"09:30,  힘을 내요, 미스터 리(디지털),  6,000원","11:40,  타짜: 원 아이드 잭(디지털),  6,000원","14:20,  나쁜 녀석들: 더 무비(디지털),  6,000원","16:35,  힘을 내요, 미스터 리(디지털),  6,000원","19:00,  타짜: 원 아이드 잭(디지털),  6,000원","21:40,  나쁜 녀석들: 더 무비(디지털),  6,000원",,89
2019-09-16,02관,"09:30,  안녕 베일리(디지털)","11:50,  힘을 내요, 미스터 리(디지털),  6,000원","14:00,  안녕 베일리(디지털),  6,000원","16:10,  타짜: 원 아이드 잭(디지털),  6,000원","19:10,  나쁜 녀석들: 더 무비(디지털),  6,000원","21:30,  타짜: 원 아이드 잭(디지털),  6,000원",,47
2019-09-17,01관,"09:30,  힘을 내요, 미스터 리(디지털),  6,000원","11:40,  타짜: 원 아이드 잭(디지털),  6,000원","14:20,  나쁜 녀석들: 더 무비(디지털),  6,000원","16:35,  힘을 내요, 미스터 리(디지털),  6,000원","19:00,  타짜: 원 아이드 잭(디지털),  6,000원","21:40,  나쁜 녀석들: 더 무비(디지털),  6,000원",,89
2019-09-17,02관,"09:30,  안녕 베일리(디지털)","11:50,  힘을 내요, 미스터 리(디지털),  6,000원","14:00,  안녕 베일리(디지털)","16:10,  타짜: 원 아이드 잭(디지털),  6,000원","19:10,  나쁜 녀석들: 더 무비(디지털),  6,000원","21:30,  타짜: 원 아이드 잭(디지털),  6,000원",,47
2019-09-18,01관,"09:40,  나쁜 녀석들: 더 무비(디지털),  6,000원","12:00,  예스터데이(디지털),  6,000원","14:15,  예스터데이(디지털),  6,000원","16:40,  힘을 내요, 미스터 리(디지털),  6,000원","19:00,  예스터데이(디지털),  6,000원","21:20,  타짜: 원 아이드 잭(디지털),  6,000원",,89
2019-09-18,02관,"10:30,  안녕 베일리(디지털)","13:00,  타짜: 원 아이드 잭(디지털),  6,000원","15:40,  안녕 베일리(디지털),  6,000원","18:00,  예스터데이(디지털),  6,000원","20:10,  나쁜 녀석들: 더 무비(디지털),  6,000원","22:25,  예스터데이(디지털),  6,000원",,47
2019-09-19,01관,"09:40,  애드 아스트라(디지털),  6,000원","12:10,  타짜: 원 아이드 잭(디지털),  6,000원","14:50,  힘을 내요, 미스터 리(디지털),  6,000원","17:00,  예스터데이(디지털),  6,000원","19:15,  애드 아스트라(디지털),  6,000원","21:40,  예스터데이(디지털),  6,000원",,89
2019-09-19,02관,"10:00,  안녕 베일리(디지털),  6,000원","12:20,  힘을 내요, 미스터 리(디지털)","14:30,  나쁜 녀석들: 더 무비(디지털),  6,000원","16:50,  애드 아스트라(디지털),  6,000원","19:25,  예스터데이(디지털),  6,000원","21:45,  애드 아스트라(디지털),  6,000원",,47
2019-09-20,01관,"09:30,  예스터데이(디지털),  6,000원","12:10,  안녕 베일리(디지털)","14:20,  예스터데이(디지털),  6,000원","16:40,  애드 아스트라(디지털),  6,000원","19:10,  애드 아스트라(디지털),  6,000원","21:40,  예스터데이(디지털),  6,000원",,89
2019-09-20,02관,"09:50,  안녕 베일리(디지털),  6,000원","12:05,  힘을 내요, 미스터 리(디지털),  6,000원","14:15,  나쁜 녀석들: 더 무비(디지털),  6,000원","16:30,  예스터데이(디지털),  6,000원","19:00,  타짜: 원 아이드 잭(디지털),  6,000원","21:50,  애드 아스트라(디지털),  6,000원",,47
2019-09-21,01관,"09:30,  예스터데이(디지털),  6,000원","11:50,  힘을 내요, 미스터 리(디지털),  6,000원","14:05,  애드 아스트라(디지털),  6,000원","16:30,  나쁜 녀석들: 더 무비(디지털),  6,000원","19:10,  예스터데이(디지털),  6,000원","21:30,  애드 아스트라(디지털),  6,000원",,89
2019-09-21,02관,"09:40,  안녕 베일리(디지털),  6,000원","12:00,  나쁜 녀석들: 더 무비(디지털),  6,000원","14:15,  타짜: 원 아이드 잭(디지털),  6,000원","17:00,  애드 아스트라(디지털),  6,000원","19:20,  나쁜 녀석들: 더 무비(디지털),  6,000원","21:40,  예스터데이(디지털),  6,000원",,47
2019-09-22,01관,"09:30,  예스터데이(디지털),  6,000원","11:50,  힘을 내요, 미스터 리(디지털),  6,000원","14:05,  애드 아스트라(디지털),  6,000원","16:30,  나쁜 녀석들: 더 무비(디지털),  6,000원","19:10,  예스터데이(디지털),  6,000원","21:30,  애드 아스트라(디지털),  6,000원",,89
2019-09-22,02관,"09:40,  안녕 베일리(디지털),  6,000원","12:00,  나쁜 녀석들: 더 무비(디지털),  6,000원","14:15,  타짜: 원 아이드 잭(디지털),  6,000원","17:00,  애드 아스트라(디지털),  6,000원","19:20,  나쁜 녀석들: 더 무비(디지털),  6,000원","21:40,  예스터데이(디지털)",,47
2019-09-23,01관,"10:00,  안녕 베일리(디지털)","12:20,  힘을 내요, 미스터 리(디지털),  6,000원","14:30,  예스터데이(디지털),  6,000원","16:50,  애드 아스트라(디지털),  6,000원","19:15,  예스터데이(디지털),  6,000원","21:35,  애드 아스트라(디지털),  6,000원",,89
2019-09-23,02관,"09:40,  힘을 내요, 미스터 리(디지털),  6,000원","11:50,  안녕 베일리(디지털),  6,000원","14:00,  나쁜 녀석들: 더 무비(디지털),  6,000원","16:20,  타짜: 원 아이드 잭(디지털),  6,000원","19:00,  애드 아스트라(디지털),  6,000원","21:25,  예스터데이(디지털),  6,000원",,47
2019-09-24,01관,"10:00,  안녕 베일리(디지털)","12:10,  힘을 내요, 미스터 리(디지털),  6,000원","14:30,  예스터데이(디지털),  6,000원","16:50,  애드 아스트라(디지털)","19:15,  예스터데이(디지털),  6,000원","21:35,  애드 아스트라(디지털),  6,000원",,89
2019-09-24,02관,"09:40,  힘을 내요, 미스터 리(디지털),  6,000원","11:50,  안녕 베일리(디지털)","14:00,  나쁜 녀석들: 더 무비(디지털),  6,000원","16:20,  타짜: 원 아이드 잭(디지털),  6,000원","19:00,  애드 아스트라(디지털),  6,000원","21:25,  예스터데이(디지털),  6,000원",,47
2019-09-25,01관,"09:40,  장사리 : 잊혀진 영웅들(디지털),  6,000원","11:45,  예스터데이(디지털)","14:05,  애드 아스트라(디지털),  6,000원","16:30,  장사리 : 잊혀진 영웅들(디지털),  6,000원","18:40,  양자물리학(디지털),  6,000원","21:00,  원스 어폰 어 타임... 인 할리우드(디지털),  6,000원",,89
2019-09-25,02관,"10:00,  힘을 내요, 미스터 리(디지털),  6,000원","12:10,  장사리 : 잊혀진 영웅들(디지털),  6,000원","14:15,  양자물리학(디지털),  6,000원","16:40,  나쁜 녀석들: 더 무비(디지털),  6,000원","19:00,  힘을 내요, 미스터 리(디지털),  6,000원","21:10,  장사리 : 잊혀진 영웅들(디지털),  6,000원",,47
2019-09-26,01관,"09:40,  양자물리학(디지털),  6,000원","12:10,  예스터데이(디지털)","14:30,  장사리 : 잊혀진 영웅들(디지털),  6,000원","16:35,  애드 아스트라(디지털),  6,000원","19:00,  장사리 : 잊혀진 영웅들(디지털),  6,000원","21:05,  원스 어폰 어 타임... 인 할리우드(디지털),  6,000원",,89
2019-09-26,02관,"10:00,  장사리 : 잊혀진 영웅들(디지털),  6,000원","12:35,  힘을 내요, 미스터 리(디지털),  6,000원","14:45,  타짜: 원 아이드 잭(디지털),  6,000원","17:25,  나쁜 녀석들: 더 무비(디지털),  6,000원","19:40,  양자물리학(디지털),  6,000원","22:05,  장사리 : 잊혀진 영웅들(디지털),  6,000원",,47
2019-09-27,01관,"09:40,  양자물리학(디지털),  6,000원","12:10,  예스터데이(디지털),  6,000원","14:30,  장사리 : 잊혀진 영웅들(디지털),  6,000원","16:35,  애드 아스트라(디지털),  6,000원","19:00,  장사리 : 잊혀진 영웅들(디지털),  6,000원","21:05,  원스 어폰 어 타임... 인 할리우드(디지털),  6,000원",,89
2019-09-27,02관,"10:30,  장사리 : 잊혀진 영웅들(디지털),  6,000원","12:35,  힘을 내요, 미스터 리(디지털),  6,000원","14:45,  타짜: 원 아이드 잭(디지털),  6,000원","17:25,  나쁜 녀석들: 더 무비(디지털),  6,000원","19:40,  양자물리학(디지털),  6,000원","22:05,  장사리 : 잊혀진 영웅들(디지털),  6,000원",,47
2019-09-28,01관,"09:30,  원스 어폰 어 타임... 인 할리우드(디지털),  6,000원","12:35,  예스터데이(디지털),  6,000원","14:55,  애드 아스트라(디지털),  6,000원","17:20,  애드 아스트라(디지털),  6,000원","19:45,  양자물리학(디지털),  6,000원","22:05,  양자물리학(디지털),  6,000원",,89
2019-09-28,02관,"10:00,  장사리 : 잊혀진 영웅들(디지털),  6,000원","12:35,  양자물리학(디지털),  6,000원","14:45,  장사리 : 잊혀진 영웅들(디지털),  6,000원","17:25,  나쁜 녀석들: 더 무비(디지털),  6,000원","19:40,  장사리 : 잊혀진 영웅들(디지털),  6,000원","21:45,  장사리 : 잊혀진 영웅들(디지털),  6,000원",,47
2019-09-29,01관,"09:30,  원스 어폰 어 타임... 인 할리우드(디지털),  6,000원","12:35,  예스터데이(디지털),  6,000원","14:55,  애드 아스트라(디지털),  6,000원","17:20,  애드 아스트라(디지털),  6,000원","19:45,  양자물리학(디지털),  6,000원","22:05,  양자물리학(디지털),  6,000원",,89
2019-09-29,02관,"10:00,  장사리 : 잊혀진 영웅들(디지털),  6,000원","12:35,  양자물리학(디지털),  6,000원","14:45,  장사리 : 잊혀진 영웅들(디지털),  6,000원","17:25,  나쁜 녀석들: 더 무비(디지털),  6,000원","19:40,  장사리 : 잊혀진 영웅들(디지털),  6,000원","21:45,  장사리 : 잊혀진 영웅들(디지털),  6,000원",,47
2019-09-30,01관,"09:20,  원스 어폰 어 타임... 인 할리우드(디지털),  6,000원","12:25,  예스터데이(디지털),  6,000원","14:45,  애드 아스트라(디지털),  6,000원","17:10,  양자물리학(디지털),  6,000원","19:35,  원스 어폰 어 타임... 인 할리우드(디지털),  6,000원","22:35,  양자물리학(디지털),  6,000원",,89
2019-09-30,02관,"09:30,  타짜: 원 아이드 잭(디지털),  6,000원","12:10,  힘을 내요, 미스터 리(디지털),  6,000원","14:20,  나쁜 녀석들: 더 무비(디지털),  6,000원","16:35,  힘을 내요, 미스터 리(디지털),  6,000원","19:00,  양자물리학(디지털),  6,000원","21:25,  장사리 : 잊혀진 영웅들(디지털),  6,000원",,47
2019-10-01,01관,"09:20,  원스 어폰 어 타임... 인 할리우드(디지털)","12:25,  예스터데이(디지털)","14:45,  애드 아스트라(디지털),  6,000원","17:10,  양자물리학(디지털)","19:35,  원스 어폰 어 타임... 인 할리우드(디지털),  6,000원","22:35,  양자물리학(디지털)",,89
2019-10-01,02관,"09:30,  타짜: 원 아이드 잭(디지털),  6,000원","12:10,  힘을 내요, 미스터 리(디지털)","14:20,  나쁜 녀석들: 더 무비(디지털),  6,000원","16:35,  힘을 내요, 미스터 리(디지털),  6,000원","19:00,  양자물리학(디지털),  6,000원","21:25,  장사리 : 잊혀진 영웅들(디지털),  6,000원",,47
2019-10-02,01관,"09:20,  애드 아스트라(디지털),  6,000원","11:45,  원스 어폰 어 타임... 인 할리우드(디지털)","14:50,  조커(디지털),  6,000원","17:10,  퍼펙트맨(디지털),  6,000원","19:20,  조커(디지털),  6,000원","21:45,  퍼펙트맨(디지털),  6,000원",,89
2019-10-02,02관,"10:00,  가장 보통의 연애(디지털),  6,000원","12:10,  장사리 : 잊혀진 영웅들(디지털),  6,000원","14:30,  양자물리학(디지털),  6,000원","17:00,  가장 보통의 연애(디지털),  6,000원","19:10,  퍼펙트맨(디지털),  6,000원","21:30,  가장 보통의 연애(디지털),  6,000원",,47
2019-10-03,01관,"09:20,  애드 아스트라(디지털),  6,000원","11:45,  원스 어폰 어 타임... 인 할리우드(디지털),  6,000원","14:50,  조커(디지털),  6,000원","17:10,  퍼펙트맨(디지털),  6,000원","19:20,  조커(디지털),  6,000원","21:45,  퍼펙트맨(디지털),  6,000원",,89
2019-10-03,02관,"10:00,  가장 보통의 연애(디지털),  6,000원","12:10,  장사리 : 잊혀진 영웅들(디지털),  6,000원","14:30,  양자물리학(디지털),  6,000원","17:00,  가장 보통의 연애(디지털),  6,000원","19:10,  퍼펙트맨(디지털),  6,000원","21:30,  가장 보통의 연애(디지털),  6,000원",,47
2019-10-04,01관,"09:20,  애드 아스트라(디지털),  6,000원","11:45,  원스 어폰 어 타임... 인 할리우드(디지털),  6,000원","14:50,  조커(디지털),  6,000원","17:10,  퍼펙트맨(디지털),  6,000원","19:20,  조커(디지털),  6,000원","21:45,  퍼펙트맨(디지털),  6,000원",,89
2019-10-04,02관,"10:00,  가장 보통의 연애(디지털),  6,000원","12:10,  장사리 : 잊혀진 영웅들(디지털),  6,000원","14:30,  양자물리학(디지털),  6,000원","17:00,  가장 보통의 연애(디지털),  6,000원","19:10,  퍼펙트맨(디지털),  6,000원","21:30,  가장 보통의 연애(디지털),  6,000원",,47
2019-10-05,01관,"09:20,  애드 아스트라(디지털)","11:45,  원스 어폰 어 타임... 인 할리우드(디지털),  6,000원","14:50,  조커(디지털),  6,000원","17:10,  퍼펙트맨(디지털),  6,000원","19:20,  조커(디지털),  6,000원","21:45,  퍼펙트맨(디지털),  6,000원",,89
2019-10-05,02관,"10:00,  가장 보통의 연애(디지털),  6,000원","12:10,  장사리 : 잊혀진 영웅들(디지털),  6,000원","14:30,  양자물리학(디지털),  6,000원","17:00,  가장 보통의 연애(디지털),  6,000원","19:10,  퍼펙트맨(디지털),  6,000원","21:30,  가장 보통의 연애(디지털),  6,000원",,47
2019-10-06,01관,"09:20,  애드 아스트라(디지털),  6,000원","11:45,  원스 어폰 어 타임... 인 할리우드(디지털),  6,000원","14:50,  조커(디지털),  6,000원","17:10,  퍼펙트맨(디지털),  6,000원","19:20,  조커(디지털),  6,000원","21:45,  퍼펙트맨(디지털),  6,000원",,89
2019-10-06,02관,"10:00,  가장 보통의 연애(디지털),  6,000원","12:10,  장사리 : 잊혀진 영웅들(디지털),  6,000원","14:30,  양자물리학(디지털),  6,000원","17:00,  가장 보통의 연애(디지털),  6,000원","19:10,  퍼펙트맨(디지털),  6,000원","21:30,  가장 보통의 연애(디지털),  6,000원",,47
2019-10-07,01관,"09:20,  애드 아스트라(디지털)","11:45,  원스 어폰 어 타임... 인 할리우드(디지털),  6,000원","14:50,  조커(디지털),  6,000원","17:10,  퍼펙트맨(디지털),  6,000원","19:20,  조커(디지털),  6,000원","21:45,  퍼펙트맨(디지털),  6,000원",,89
2019-10-07,02관,"10:00,  가장 보통의 연애(디지털),  6,000원","12:10,  장사리 : 잊혀진 영웅들(디지털),  6,000원","14:30,  양자물리학(디지털),  6,000원","17:00,  가장 보통의 연애(디지털),  6,000원","19:10,  퍼펙트맨(디지털),  6,000원","21:30,  가장 보통의 연애(디지털),  6,000원",,47
2019-10-08,01관,"09:20,  애드 아스트라(디지털),  6,000원","11:45,  원스 어폰 어 타임... 인 할리우드(디지털),  6,000원","14:50,  조커(디지털),  6,000원","17:10,  퍼펙트맨(디지털),  6,000원","19:20,  조커(디지털),  6,000원","21:45,  퍼펙트맨(디지털),  6,000원",,89
2019-10-08,02관,"10:00,  가장 보통의 연애(디지털),  6,000원","12:10,  장사리 : 잊혀진 영웅들(디지털),  6,000원","14:30,  양자물리학(디지털),  6,000원","17:00,  가장 보통의 연애(디지털),  6,000원","19:10,  퍼펙트맨(디지털),  6,000원","21:30,  가장 보통의 연애(디지털),  6,000원",,47
2019-10-09,01관,"10:00,  잃어버린 세계를 찾아서(디지털),  6,000원","12:00,  원스 어폰 어 타임... 인 할리우드(디지털),  6,000원","15:05,  조커(디지털),  6,000원","17:30,  조커(디지털),  6,000원","19:50,  제미니 맨(디지털),  6,000원","22:10,  제미니 맨(디지털),  6,000원",,89
2019-10-09,02관,"10:30,  가장 보통의 연애(디지털),  6,000원","13:00,  장사리 : 잊혀진 영웅들(디지털),  6,000원","15:10,  퍼펙트맨(디지털),  6,000원","17:30,  양자물리학(디지털),  6,000원","20:00,  퍼펙트맨(디지털),  6,000원","22:20,  가장 보통의 연애(디지털),  6,000원",,47
2019-10-10,01관,"10:00,  잃어버린 세계를 찾아서(디지털),  6,000원","11:55,  원스 어폰 어 타임... 인 할리우드(디지털),  6,000원","15:00,  제미니 맨(디지털),  6,000원","17:10,  조커(디지털),  6,000원","19:20,  제미니 맨(디지털),  6,000원","21:30,  조커(디지털),  6,000원",,89
2019-10-10,02관,"10:30,  가장 보통의 연애(디지털),  6,000원","13:00,  장사리 : 잊혀진 영웅들(디지털)","15:10,  퍼펙트맨(디지털),  6,000원",,"19:30,  양자물리학(디지털),  6,000원","22:00,  퍼펙트맨(디지털),  6,000원",,47
2019-10-11,01관,"10:00,  잃어버린 세계를 찾아서(디지털),  6,000원","11:55,  원스 어폰 어 타임... 인 할리우드(디지털),  6,000원","15:00,  제미니 맨(디지털),  6,000원","17:20,  조커(디지털),  6,000원","19:45,  제미니 맨(디지털),  6,000원","22:10,  조커(디지털),  6,000원",,89
2019-10-11,02관,"10:00,  안녕 베일리(디지털),  6,000원","12:20,  양자물리학(디지털),  6,000원","14:45,  퍼펙트맨(디지털),  6,000원","17:10,  장사리 : 잊혀진 영웅들(디지털),  6,000원","19:30,  퍼펙트맨(디지털),  6,000원","22:00,  가장 보통의 연애(디지털),  6,000원",,47
2019-10-12,01관,"09:20,  원스 어폰 어 타임... 인 할리우드(디지털),  6,000원","12:25,  잃어버린 세계를 찾아서(디지털더빙),  6,000원","14:20,  제미니 맨(디지털),  6,000원","16:40,  조커(디지털),  6,000원","19:05,  제미니 맨(디지털),  6,000원","21:30,  제미니 맨(디지털),  6,000원",,89
2019-10-12,02관,"09:50,  가장 보통의 연애(디지털),  6,000원","12:00,  양자물리학(디지털),  6,000원","14:40,  퍼펙트맨(디지털),  6,000원","17:10,  장사리 : 잊혀진 영웅들(디지털),  6,000원","19:30,  퍼펙트맨(디지털),  6,000원","21:50,  가장 보통의 연애(디지털),  6,000원",,47
2019-10-13,01관,"10:00,  장사리 : 잊혀진 영웅들(디지털)","12:20,  양자물리학(디지털),  6,000원","14:50,  퍼펙트맨(디지털),  6,000원","17:20,  가장 보통의 연애(디지털),  6,000원","19:30,  퍼펙트맨(디지털),  6,000원","21:50,  장사리 : 잊혀진 영웅들(디지털),  6,000원",,89
2019-10-13,02관,"09:25,  원스 어폰 어 타임... 인 할리우드(디지털),  6,000원","12:30,  잃어버린 세계를 찾아서(디지털더빙),  6,000원","14:30,  제미니 맨(디지털),  6,000원","16:55,  조커(디지털),  6,000원","19:20,  제미니 맨(디지털),  6,000원","21:40,  조커(디지털),  6,000원",,47
2019-10-14,01관,"10:00,  장사리 : 잊혀진 영웅들(디지털),  6,000원","12:20,  양자물리학(디지털),  6,000원","14:50,  퍼펙트맨(디지털),  6,000원","17:20,  가장 보통의 연애(디지털),  6,000원","19:30,  퍼펙트맨(디지털),  6,000원","21:50,  장사리 : 잊혀진 영웅들(디지털),  6,000원",,89
2019-10-14,02관,"09:25,  원스 어폰 어 타임... 인 할리우드(디지털)","12:30,  잃어버린 세계를 찾아서(디지털더빙)","14:30,  제미니 맨(디지털),  6,000원","16:55,  조커(디지털),  6,000원","19:20,  제미니 맨(디지털),  6,000원","21:40,  조커(디지털),  6,000원",,47
2019-10-15,01관,"10:00,  장사리 : 잊혀진 영웅들(디지털),  6,000원","12:20,  양자물리학(디지털),  6,000원","14:50,  퍼펙트맨(디지털),  6,000원","17:20,  가장 보통의 연애(디지털),  6,000원","19:30,  퍼펙트맨(디지털),  6,000원","21:50,  장사리 : 잊혀진 영웅들(디지털)",,89
2019-10-15,02관,"09:25,  원스 어폰 어 타임... 인 할리우드(디지털)",,"14:30,  제미니 맨(디지털),  6,000원","16:55,  조커(디지털),  6,000원","19:20,  제미니 맨(디지털),  6,000원","21:40,  조커(디지털),  6,000원",,47
2019-10-16,01관,"10:00,  장사리 : 잊혀진 영웅들(디지털),  6,000원","12:20,  양자물리학(디지털),  6,000원","14:50,  퍼펙트맨(디지털)","17:20,  가장 보통의 연애(디지털),  6,000원","19:30,  퍼펙트맨(디지털),  6,000원","21:50,  장사리 : 잊혀진 영웅들(디지털),  6,000원",,89
2019-10-16,02관,"09:25,  원스 어폰 어 타임... 인 할리우드(디지털),  6,000원","12:30,  잃어버린 세계를 찾아서(디지털)","14:30,  제미니 맨(디지털),  6,000원","16:55,  조커(디지털),  6,000원","19:20,  제미니 맨(디지털),  6,000원","21:40,  조커(디지털),  6,000원",,47
2019-10-17,01관,"10:00,  잃어버린 세계를 찾아서(디지털더빙),  6,000원","12:00,  제미니 맨(디지털),  6,000원","14:25,  말레피센트 2(디지털),  6,000원","16:45,  말레피센트 2(디지털),  6,000원","19:10,  말레피센트 2(디지털),  6,000원","21:30,  조커(디지털),  6,000원",,89
2019-10-17,02관,"10:30,  퍼펙트맨(디지털),  6,000원","12:50,  가장 보통의 연애(디지털),  6,000원","15:00,  두번할까요(디지털),  6,000원","17:15,  두번할까요(디지털),  6,000원","19:30,  두번할까요(디지털),  6,000원","21:50,  가장 보통의 연애(디지털),  6,000원",,47
2019-10-18,01관,"10:00,  잃어버린 세계를 찾아서(디지털더빙)","12:00,  제미니 맨(디지털),  6,000원","14:25,  말레피센트 2(디지털),  6,000원","16:45,  말레피센트 2(디지털),  6,000원","19:10,  말레피센트 2(디지털),  6,000원","21:30,  조커(디지털),  6,000원",,89
2019-10-18,02관,"10:30,  퍼펙트맨(디지털),  6,000원","12:50,  가장 보통의 연애(디지털),  6,000원","15:00,  두번할까요(디지털),  6,000원","17:15,  두번할까요(디지털),  6,000원","19:30,  두번할까요(디지털),  6,000원","21:50,  가장 보통의 연애(디지털),  6,000원",,47
2019-10-19,01관,"10:00,  잃어버린 세계를 찾아서(디지털더빙),  6,000원","12:00,  제미니 맨(디지털),  6,000원","14:25,  말레피센트 2(디지털),  6,000원","16:45,  말레피센트 2(디지털),  6,000원","19:10,  말레피센트 2(디지털),  6,000원","21:30,  조커(디지털),  6,000원",,89
2019-10-19,02관,"10:30,  퍼펙트맨(디지털),  6,000원","12:50,  가장 보통의 연애(디지털),  6,000원","15:00,  두번할까요(디지털),  6,000원","17:15,  두번할까요(디지털),  6,000원","19:30,  두번할까요(디지털),  6,000원","21:50,  가장 보통의 연애(디지털),  6,000원",,47
2019-10-20,01관,"10:30,  퍼펙트맨(디지털)","12:50,  가장 보통의 연애(디지털),  6,000원","15:00,  두번할까요(디지털),  6,000원","17:15,  두번할까요(디지털),  6,000원","19:30,  두번할까요(디지털),  6,000원","21:50,  가장 보통의 연애(디지털),  6,000원",,89
2019-10-20,02관,"10:00,  잃어버린 세계를 찾아서(디지털더빙)","12:00,  제미니 맨(디지털),  6,000원","14:25,  말레피센트 2(디지털),  6,000원","16:45,  말레피센트 2(디지털),  6,000원","19:10,  말레피센트 2(디지털),  6,000원","21:30,  조커(디지털),  6,000원",,47
2019-10-21,01관,"10:30,  퍼펙트맨(디지털)","12:50,  가장 보통의 연애(디지털),  6,000원","15:00,  두번할까요(디지털),  6,000원","17:15,  두번할까요(디지털)","19:30,  두번할까요(디지털),  6,000원","21:50,  가장 보통의 연애(디지털),  6,000원",,89
2019-10-21,02관,"10:00,  잃어버린 세계를 찾아서(디지털더빙)","12:00,  제미니 맨(디지털)","14:25,  말레피센트 2(디지털)","16:45,  말레피센트 2(디지털),  6,000원","19:10,  말레피센트 2(디지털),  6,000원","21:30,  조커(디지털),  6,000원",,47
2019-10-22,01관,"10:30,  퍼펙트맨(디지털),  6,000원","12:50,  가장 보통의 연애(디지털),  6,000원","15:00,  두번할까요(디지털),  6,000원","17:15,  두번할까요(디지털),  6,000원","19:30,  두번할까요(디지털),  6,000원","21:50,  가장 보통의 연애(디지털),  6,000원",,89
2019-10-22,02관,"10:00,  잃어버린 세계를 찾아서(디지털더빙)","12:00,  제미니 맨(디지털)","14:25,  말레피센트 2(디지털),  6,000원","16:45,  말레피센트 2(디지털),  6,000원","19:10,  말레피센트 2(디지털),  6,000원","21:30,  조커(디지털),  6,000원",,47
2019-10-23,01관,"10:00,  두번할까요(디지털),  6,000원","12:20,  두번할까요(디지털),  6,000원","14:40,  두번할까요(디지털),  6,000원","17:00,  82년생 김지영(디지털),  6,000원","19:20,  82년생 김지영(디지털),  6,000원","21:40,  82년생 김지영(디지털),  6,000원",,89
2019-10-23,02관,"10:10,  잃어버린 세계를 찾아서(디지털더빙)","12:10,  말레피센트 2(디지털)","14:30,  말레피센트 2(디지털),  6,000원","16:45,  제미니 맨(디지털)","19:10,  말레피센트 2(디지털),  6,000원","21:30,  조커(디지털),  6,000원",,47
2019-10-24,01관,"10:00,  두번할까요(디지털)","12:20,  두번할까요(디지털)","14:40,  두번할까요(디지털),  6,000원","17:00,  82년생 김지영(디지털),  6,000원","19:20,  82년생 김지영(디지털),  6,000원","21:40,  82년생 김지영(디지털),  6,000원",,89
2019-10-24,02관,"10:10,  잃어버린 세계를 찾아서(디지털더빙)","12:10,  말레피센트 2(디지털),  6,000원","14:30,  말레피센트 2(디지털),  6,000원","16:45,  제미니 맨(디지털),  6,000원","19:10,  말레피센트 2(디지털),  6,000원","21:30,  조커(디지털),  6,000원",,47
2019-10-25,01관,"10:00,  두번할까요(디지털),  6,000원","12:20,  두번할까요(디지털)","14:40,  두번할까요(디지털),  6,000원","17:00,  82년생 김지영(디지털),  6,000원","19:20,  82년생 김지영(디지털),  6,000원","21:40,  82년생 김지영(디지털),  6,000원",,89
2019-10-25,02관,"10:00,  말레피센트 2(디지털),  6,000원","12:10,  말레피센트 2(디지털),  6,000원","14:30,  말레피센트 2(디지털),  6,000원","16:45,  제미니 맨(디지털),  6,000원","19:10,  말레피센트 2(디지털),  6,000원","21:30,  조커(디지털),  6,000원",,47
2019-10-26,01관,"10:00,  두번할까요(디지털),  6,000원","12:20,  두번할까요(디지털),  6,000원","14:40,  두번할까요(디지털)","17:00,  82년생 김지영(디지털),  6,000원","19:20,  82년생 김지영(디지털),  6,000원","21:40,  82년생 김지영(디지털),  6,000원",,89
2019-10-26,02관,"10:10,  잃어버린 세계를 찾아서(디지털더빙),  6,000원","12:10,  말레피센트 2(디지털),  6,000원","14:30,  말레피센트 2(디지털),  6,000원","16:45,  제미니 맨(디지털),  6,000원","19:10,  말레피센트 2(디지털),  6,000원","21:30,  조커(디지털),  6,000원",,47
2019-10-27,01관,"10:00,  두번할까요(디지털),  6,000원","12:20,  두번할까요(디지털),  6,000원","14:40,  두번할까요(디지털),  6,000원","17:00,  82년생 김지영(디지털),  6,000원","19:20,  82년생 김지영(디지털),  6,000원","21:40,  82년생 김지영(디지털),  6,000원",,89
2019-10-27,02관,"10:10,  잃어버린 세계를 찾아서(디지털더빙),  6,000원","12:10,  말레피센트 2(디지털),  6,000원","14:30,  말레피센트 2(디지털),  6,000원","16:45,  제미니 맨(디지털),  6,000원","19:10,  말레피센트 2(디지털),  6,000원","21:30,  조커(디지털),  6,000원",,47
2019-10-28,01관,"10:10,  잃어버린 세계를 찾아서(디지털더빙),  6,000원","12:10,  말레피센트 2(디지털),  6,000원","14:30,  말레피센트 2(디지털),  6,000원","16:45,  제미니 맨(디지털)","19:10,  말레피센트 2(디지털),  6,000원","21:30,  조커(디지털),  6,000원",,89
2019-10-28,02관,"10:00,  두번할까요(디지털),  6,000원","12:20,  두번할까요(디지털)","14:40,  두번할까요(디지털),  6,000원","17:00,  82년생 김지영(디지털),  6,000원","19:20,  82년생 김지영(디지털),  6,000원","21:40,  82년생 김지영(디지털),  6,000원",,47
2019-10-29,01관,"10:10,  잃어버린 세계를 찾아서(디지털더빙),  6,000원","12:10,  말레피센트 2(디지털),  6,000원","14:30,  말레피센트 2(디지털),  6,000원","16:45,  제미니 맨(디지털),  6,000원","19:10,  말레피센트 2(디지털),  6,000원","21:30,  조커(디지털),  6,000원",,89
2019-10-29,02관,"10:00,  두번할까요(디지털),  0원","12:20,  두번할까요(디지털),  6,000원","14:40,  두번할까요(디지털),  6,000원","17:00,  82년생 김지영(디지털),  6,000원","19:20,  82년생 김지영(디지털),  6,000원","21:40,  82년생 김지영(디지털),  6,000원",,47
2019-10-30,01관,"09:50,  제미니 맨(디지털)","12:10,  잃어버린 세계를 찾아서(디지털더빙),  6,000원","14:10,  말레피센트 2(디지털),  6,000원","16:45,  터미네이터: 다크 페이트(디지털),  6,000원","19:15,  터미네이터: 다크 페이트(디지털),  6,000원","21:45,  터미네이터: 다크 페이트(디지털),  6,000원",,89
2019-10-30,02관,"09:15,  두번할까요(디지털)","11:30,  퍼펙트맨(디지털),  6,000원","14:20,  두번할까요(디지털),  6,000원","17:00,  82년생 김지영(디지털),  6,000원","19:30,  82년생 김지영(디지털),  6,000원","21:55,  82년생 김지영(디지털),  6,000원",,47
2019-10-31,01관,"09:50,  제미니 맨(디지털),  6,000원","12:10,  잃어버린 세계를 찾아서(디지털더빙)","14:30,  말레피센트 2(디지털),  6,000원","16:45,  터미네이터: 다크 페이트(디지털),  6,000원","19:15,  터미네이터: 다크 페이트(디지털),  6,000원","21:45,  터미네이터: 다크 페이트(디지털),  6,000원",,89
2019-10-31,02관,"10:00,  82년생 김지영(디지털),  6,000원","12:20,  가장 보통의 연애(디지털),  6,000원","14:40,  두번할까요(디지털),  6,000원","17:10,  가장 보통의 연애(디지털),  6,000원","19:40,  82년생 김지영(디지털),  6,000원","22:00,  82년생 김지영(디지털),  6,000원",,47
