상영일자,상영관,1회,2회,3회,4회,5회,6회,7회,8회,좌석수
2019-06-26,01관,,"17:30,  토이 스토리 4(디지털더빙),  5,000원","19:40,  비스트(디지털),  5,000원","15:00,  롱 리브 더 킹: 목포 영웅(디지털),  5,000원",,,,,61
2019-06-26,02관,,"17:50,  존 윅 3: 파라벨룸(디지털),  5,000원","20:30,  애나벨 집으로(디지털),  5,000원","15:10,  롱 리브 더 킹: 목포 영웅(디지털),  5,000원",,,,,52
2019-06-27,01관,"09:45,  토이 스토리 4(디지털더빙),  6,000원",,"13:50,  롱 리브 더 킹: 목포 영웅(디지털),  6,000원","16:10,  비스트(디지털),  6,000원","19:00,  롱 리브 더 킹: 목포 영웅(디지털),  6,000원","21:30,  비스트(디지털),  6,000원",,,61
2019-06-27,02관,"09:40,  롱 리브 더 킹: 목포 영웅(디지털),  6,000원","12:00,  롱 리브 더 킹: 목포 영웅(디지털),  6,000원","14:20,  존 윅 3: 파라벨룸(디지털),  6,000원","16:55,  애나벨 집으로(디지털),  6,000원","19:10,  토이 스토리 4(디지털),  6,000원","21:20,  존 윅 3: 파라벨룸(디지털),  6,000원",,,52
2019-06-28,01관,"09:45,  비스트(디지털),  6,000원","12:15,  롱 리브 더 킹: 목포 영웅(디지털),  6,000원","14:35,  롱 리브 더 킹: 목포 영웅(디지털),  6,000원","16:55,  토이 스토리 4(디지털),  6,000원","19:05,  비스트(디지털),  6,000원","21:40,  롱 리브 더 킹: 목포 영웅(디지털),  6,000원",,,61
2019-06-28,02관,"09:50,  토이 스토리 4(디지털더빙),  6,000원","11:50,  존 윅 3: 파라벨룸(디지털),  6,000원","14:20,  비스트(디지털),  6,000원","16:50,  롱 리브 더 킹: 목포 영웅(디지털),  6,000원","19:15,  애나벨 집으로(디지털),  6,000원","21:25,  존 윅 3: 파라벨룸(디지털),  6,000원",,,52
2019-06-29,01관,"09:40,  비스트(디지털),  6,000원","12:20,  애나벨 집으로(디지털),  6,000원","14:30,  롱 리브 더 킹: 목포 영웅(디지털),  6,000원","16:55,  애나벨 집으로(디지털),  6,000원","19:05,  비스트(디지털),  6,000원","21:40,  롱 리브 더 킹: 목포 영웅(디지털),  6,000원",,,61
2019-06-29,02관,"10:00,  존 윅 3: 파라벨룸(디지털),  6,000원","12:40,  토이 스토리 4(디지털더빙),  6,000원","15:00,  토이 스토리 4(디지털),  6,000원","17:10,  토이 스토리 4(디지털더빙),  6,000원","19:20,  토이 스토리 4(디지털),  6,000원","21:25,  존 윅 3: 파라벨룸(디지털),  6,000원",,,52
2019-06-30,01관,"09:40,  롱 리브 더 킹: 목포 영웅(디지털),  6,000원","12:00,  애나벨 집으로(디지털),  6,000원","14:10,  롱 리브 더 킹: 목포 영웅(디지털),  6,000원","16:40,  애나벨 집으로(디지털),  6,000원","18:50,  비스트(디지털),  6,000원","21:25,  롱 리브 더 킹: 목포 영웅(디지털),  6,000원",,,61
2019-06-30,02관,"10:00,  비스트(디지털),  6,000원","12:40,  토이 스토리 4(디지털더빙),  6,000원","14:50,  토이 스토리 4(디지털),  6,000원","17:00,  토이 스토리 4(디지털더빙),  6,000원","19:10,  롱 리브 더 킹: 목포 영웅(디지털),  6,000원","21:30,  존 윅 3: 파라벨룸(디지털),  6,000원",,,52
2019-07-01,01관,"09:30,  롱 리브 더 킹: 목포 영웅(디지털)","11:50,  롱 리브 더 킹: 목포 영웅(디지털),  6,000원","14:10,  비스트(디지털),  6,000원","16:40,  롱 리브 더 킹: 목포 영웅(디지털),  6,000원","19:05,  롱 리브 더 킹: 목포 영웅(디지털),  6,000원","21:30,  비스트(디지털),  6,000원",,,61
2019-07-01,02관,"10:00,  토이 스토리 4(디지털더빙),  6,000원","12:10,  존 윅 3: 파라벨룸(디지털),  6,000원","14:50,  토이 스토리 4(디지털),  6,000원","17:00,  애나벨 집으로(디지털),  6,000원","19:15,  토이 스토리 4(디지털),  6,000원","21:20,  존 윅 3: 파라벨룸(디지털),  6,000원",,,52
2019-07-02,01관,"11:00,  비스트(디지털)","13:40,  롱 리브 더 킹: 목포 영웅(디지털),  6,000원","16:10,  비스트(디지털),  6,000원","19:00,  스파이더맨: 파 프롬 홈(디지털),  6,000원","21:40,  스파이더맨: 파 프롬 홈(디지털),  6,000원",,,,61
2019-07-02,02관,"09:50,  롱 리브 더 킹: 목포 영웅(디지털),  6,000원","12:10,  애나벨 집으로(디지털),  6,000원","14:25,  스파이더맨: 파 프롬 홈(디지털),  6,000원","17:05,  토이 스토리 4(디지털),  6,000원","19:15,  존 윅 3: 파라벨룸(디지털),  6,000원","21:55,  애나벨 집으로(디지털),  6,000원",,,52
2019-07-03,01관,"09:40,  비스트(디지털),  6,000원","14:40,  토이 스토리 4(디지털),  6,000원","19:15,  스파이더맨: 파 프롬 홈(디지털),  6,000원","21:50,  애나벨 집으로(디지털),  6,000원","16:40,  스파이더맨: 파 프롬 홈(디지털),  6,000원","12:10,  스파이더맨: 파 프롬 홈(디지털),  6,000원",,,61
2019-07-03,02관,"09:40,  스파이더맨: 파 프롬 홈(디지털),  6,000원","12:10,  토이 스토리 4(디지털더빙),  6,000원","14:10,  롱 리브 더 킹: 목포 영웅(디지털),  6,000원",,"19:05,  존 윅 3: 파라벨룸(디지털),  6,000원","21:40,  스파이더맨: 파 프롬 홈(디지털),  6,000원","16:30,  알라딘(디지털),  6,000원",,52
2019-07-04,01관,"09:40,  비스트(디지털),  6,000원","12:10,  스파이더맨: 파 프롬 홈(디지털),  6,000원","14:40,  토이 스토리 4(디지털),  6,000원","16:40,  스파이더맨: 파 프롬 홈(디지털),  6,000원","19:15,  스파이더맨: 파 프롬 홈(디지털),  6,000원","21:50,  애나벨 집으로(디지털),  6,000원",,,61
2019-07-04,02관,"09:40,  토이 스토리 4(디지털더빙)","11:40,  알라딘(디지털),  6,000원","14:10,  롱 리브 더 킹: 목포 영웅(디지털),  6,000원","16:30,  존 윅 3: 파라벨룸(디지털),  6,000원","19:05,  알라딘(디지털),  6,000원","21:40,  스파이더맨: 파 프롬 홈(디지털),  6,000원",,,52
2019-07-05,01관,"09:40,  비스트(디지털),  6,000원","12:10,  스파이더맨: 파 프롬 홈(디지털),  6,000원","14:40,  토이 스토리 4(디지털),  6,000원","16:40,  스파이더맨: 파 프롬 홈(디지털),  6,000원","19:15,  스파이더맨: 파 프롬 홈(디지털),  6,000원","21:50,  애나벨 집으로(디지털),  6,000원",,,61
2019-07-05,02관,"09:40,  토이 스토리 4(디지털더빙),  6,000원","11:40,  롱 리브 더 킹: 목포 영웅(디지털),  6,000원","14:00,  존 윅 3: 파라벨룸(디지털),  6,000원","16:30,  알라딘(디지털더빙),  6,000원","19:05,  알라딘(디지털),  6,000원","21:40,  스파이더맨: 파 프롬 홈(디지털),  6,000원",,,52
2019-07-06,01관,"09:40,  애나벨 집으로(디지털)","11:45,  롱 리브 더 킹: 목포 영웅(디지털),  6,000원","14:05,  스파이더맨: 파 프롬 홈(디지털),  6,000원","16:45,  스파이더맨: 파 프롬 홈(디지털),  6,000원","19:25,  스파이더맨: 파 프롬 홈(디지털),  6,000원","22:05,  스파이더맨: 파 프롬 홈(디지털),  6,000원",,,61
2019-07-06,02관,"09:40,  비스트(디지털),  6,000원","12:10,  토이 스토리 4(디지털더빙),  6,000원","14:20,  알라딘(디지털더빙),  6,000원","16:55,  토이 스토리 4(디지털),  6,000원","19:05,  알라딘(디지털),  6,000원","21:40,  존 윅 3: 파라벨룸(디지털),  6,000원",,,52
2019-07-07,01관,"09:40,  롱 리브 더 킹: 목포 영웅(디지털),  6,000원","12:00,  스파이더맨: 파 프롬 홈(디지털),  6,000원","14:40,  스파이더맨: 파 프롬 홈(디지털),  6,000원","17:20,  스파이더맨: 파 프롬 홈(디지털),  6,000원","20:00,  스파이더맨: 파 프롬 홈(디지털),  6,000원","22:30,  애나벨 집으로(디지털),  6,000원",,,61
2019-07-07,02관,"09:40,  비스트(디지털),  6,000원","12:10,  토이 스토리 4(디지털더빙),  6,000원","14:20,  알라딘(디지털더빙),  6,000원","16:55,  토이 스토리 4(디지털),  6,000원","19:05,  알라딘(디지털),  6,000원","21:40,  존 윅 3: 파라벨룸(디지털),  6,000원",,,52
2019-07-08,01관,"09:40,  애나벨 집으로(디지털),  6,000원","11:45,  스파이더맨: 파 프롬 홈(디지털),  6,000원","14:15,  롱 리브 더 킹: 목포 영웅(디지털)","16:35,  스파이더맨: 파 프롬 홈(디지털),  6,000원","19:10,  스파이더맨: 파 프롬 홈(디지털),  6,000원","21:45,  스파이더맨: 파 프롬 홈(디지털),  6,000원",,,61
2019-07-08,02관,"09:40,  비스트(디지털),  6,000원","12:10,  알라딘(디지털),  6,000원","14:40,  존 윅 3: 파라벨룸(디지털),  6,000원","17:10,  알라딘(디지털더빙),  6,000원","19:45,  토이 스토리 4(디지털),  6,000원","21:55,  알라딘(디지털),  6,000원",,,52
2019-07-09,01관,"09:40,  애나벨 집으로(디지털),  6,000원","11:45,  스파이더맨: 파 프롬 홈(디지털),  6,000원","14:15,  롱 리브 더 킹: 목포 영웅(디지털),  6,000원","16:35,  스파이더맨: 파 프롬 홈(디지털),  6,000원","19:10,  스파이더맨: 파 프롬 홈(디지털),  6,000원","21:45,  스파이더맨: 파 프롬 홈(디지털),  6,000원",,,61
2019-07-09,02관,"09:40,  비스트(디지털),  6,000원","12:10,  알라딘(디지털),  6,000원","14:40,  존 윅 3: 파라벨룸(디지털),  6,000원","17:10,  알라딘(디지털더빙),  6,000원","19:45,  토이 스토리 4(디지털),  6,000원","21:55,  알라딘(디지털),  6,000원",,,52
2019-07-10,01관,"10:00,  로망(디지털),  5,000원",,,,"19:00,  기방도령(디지털),  6,000원","21:20,  기방도령(디지털),  6,000원","12:20,  스파이더맨: 파 프롬 홈(디지털),  6,000원","14:50,  기방도령(디지털),  6,000원",61
2019-07-10,02관,"10:00,  로망(디지털),  5,000원","12:40,  알라딘(디지털),  6,000원","15:20,  스파이더맨: 파 프롬 홈(디지털),  6,000원","18:00,  알라딘(디지털더빙),  6,000원","20:40,  스파이더맨: 파 프롬 홈(디지털),  6,000원",,,,52
2019-07-11,01관,"10:00,  로망(디지털),  5,000원","12:20,  토이 스토리 4(디지털),  6,000원","14:20,  스파이더맨: 파 프롬 홈(디지털),  6,000원","18:30,  스파이더맨: 파 프롬 홈(디지털),  6,000원","16:50,  극장판 엉덩이 탐정: 화려한 사건 수첩(디지털더빙),  6,000원","21:20,  기방도령(디지털),  6,000원",,,61
2019-07-11,02관,"10:00,  로망(디지털),  5,000원","13:00,  극장판 엉덩이 탐정: 화려한 사건 수첩(디지털더빙),  6,000원","21:00,  스파이더맨: 파 프롬 홈(디지털),  6,000원","14:30,  알라딘(디지털),  6,000원","17:00,  기방도령(디지털),  6,000원","19:20,  극장판 엉덩이 탐정: 화려한 사건 수첩(디지털더빙),  6,000원",,,52
2019-07-12,01관,"10:00,  스파이더맨: 파 프롬 홈(디지털),  6,000원","14:40,  스파이더맨: 파 프롬 홈(디지털),  6,000원","12:30,  기방도령(디지털),  6,000원","21:30,  기방도령(디지털),  6,000원","19:40,  극장판 엉덩이 탐정: 화려한 사건 수첩(디지털더빙),  6,000원","17:30,  토이 스토리 4(디지털더빙),  6,000원",,,61
2019-07-12,02관,"21:10,  스파이더맨: 파 프롬 홈(디지털),  6,000원","18:40,  기방도령(디지털),  6,000원","12:00,  알라딘(디지털),  6,000원","14:30,  알라딘(디지털),  6,000원","10:30,  극장판 엉덩이 탐정: 화려한 사건 수첩(디지털더빙),  5,000원","17:00,  극장판 엉덩이 탐정: 화려한 사건 수첩(디지털더빙),  6,000원",,,52
2019-07-13,01관,"09:40,  스파이더맨: 파 프롬 홈(디지털),  6,000원","12:20,  극장판 엉덩이 탐정: 화려한 사건 수첩(디지털더빙),  6,000원","14:00,  스파이더맨: 파 프롬 홈(디지털),  6,000원","16:40,  기방도령(디지털),  6,000원","19:00,  스파이더맨: 파 프롬 홈(디지털),  6,000원","21:40,  기방도령(디지털),  6,000원",,,61
2019-07-13,02관,"10:00,  극장판 엉덩이 탐정: 화려한 사건 수첩(디지털더빙),  6,000원","11:35,  토이 스토리 4(디지털더빙),  6,000원","13:45,  알라딘(디지털더빙),  6,000원","16:25,  토이 스토리 4(디지털더빙),  6,000원","18:40,  알라딘(디지털),  6,000원","21:20,  스파이더맨: 파 프롬 홈(디지털),  6,000원",,,52
2019-07-14,01관,"09:40,  스파이더맨: 파 프롬 홈(디지털),  6,000원","12:20,  극장판 엉덩이 탐정: 화려한 사건 수첩(디지털더빙),  6,000원","14:00,  스파이더맨: 파 프롬 홈(디지털),  6,000원","16:40,  기방도령(디지털),  6,000원","19:00,  스파이더맨: 파 프롬 홈(디지털),  6,000원","21:40,  기방도령(디지털),  6,000원",,,61
2019-07-14,02관,"10:00,  극장판 엉덩이 탐정: 화려한 사건 수첩(디지털더빙),  6,000원","11:35,  토이 스토리 4(디지털더빙),  6,000원","13:45,  알라딘(디지털더빙),  6,000원","16:25,  토이 스토리 4(디지털더빙),  6,000원","18:40,  알라딘(디지털),  6,000원","21:20,  스파이더맨: 파 프롬 홈(디지털),  6,000원",,,52
2019-07-15,01관,"10:00,  토이 스토리 4(디지털),  6,000원","12:00,  스파이더맨: 파 프롬 홈(디지털),  6,000원","14:30,  스파이더맨: 파 프롬 홈(디지털),  6,000원","17:10,  극장판 엉덩이 탐정: 화려한 사건 수첩(디지털더빙),  6,000원","18:50,  기방도령(디지털),  6,000원","21:10,  스파이더맨: 파 프롬 홈(디지털),  6,000원",,,61
2019-07-15,02관,"09:50,  극장판 엉덩이 탐정: 화려한 사건 수첩(디지털더빙)","11:20,  기방도령(디지털),  6,000원","13:30,  알라딘(디지털),  6,000원","16:00,  알라딘(디지털더빙),  6,000원","18:40,  스파이더맨: 파 프롬 홈(디지털),  6,000원","21:20,  알라딘(디지털),  6,000원",,,52
2019-07-16,01관,"10:00,  토이 스토리 4(디지털),  6,000원","12:00,  스파이더맨: 파 프롬 홈(3D 디지털),  8,000원","14:30,  스파이더맨: 파 프롬 홈(디지털),  6,000원","17:10,  극장판 엉덩이 탐정: 화려한 사건 수첩(디지털더빙),  6,000원","18:50,  기방도령(디지털),  6,000원","21:10,  스파이더맨: 파 프롬 홈(디지털),  6,000원",,,61
2019-07-16,02관,"09:50,  극장판 엉덩이 탐정: 화려한 사건 수첩(디지털더빙),  6,000원","11:20,  기방도령(디지털),  6,000원","13:30,  알라딘(디지털),  6,000원","16:00,  알라딘(디지털더빙),  6,000원","18:40,  스파이더맨: 파 프롬 홈(디지털),  6,000원","21:20,  알라딘(디지털),  6,000원",,,52
2019-07-17,01관,"10:00,  라이온 킹(디지털),  6,000원","12:30,  기방도령(디지털),  6,000원","14:40,  기방도령(디지털),  6,000원","16:50,  라이온 킹(디지털더빙),  6,000원","19:20,  스파이더맨: 파 프롬 홈(디지털),  6,000원","21:55,  사일런스(디지털),  6,000원",,,61
2019-07-17,02관,"10:00,  라이온 킹(디지털),  6,000원","12:30,  라이온 킹(디지털더빙),  6,000원","14:55,  라이온 킹(디지털),  6,000원","17:20,  극장판 엉덩이 탐정: 화려한 사건 수첩(디지털더빙),  6,000원","18:55,  라이온 킹(디지털),  6,000원","21:20,  라이온 킹(디지털),  6,000원",,,52
2019-07-18,01관,"10:00,  기방도령(디지털),  6,000원","12:20,  기방도령(디지털),  6,000원","14:40,  스파이더맨: 파 프롬 홈(디지털),  6,000원","17:25,  사일런스(디지털),  6,000원","22:00,  사일런스(디지털),  6,000원","19:25,  알라딘(디지털),  6,000원",,,61
2019-07-18,02관,"10:30,  극장판 엉덩이 탐정: 화려한 사건 수첩(디지털더빙),  6,000원","12:00,  라이온 킹(디지털더빙),  6,000원","14:20,  라이온 킹(디지털),  6,000원","16:40,  라이온 킹(디지털더빙),  6,000원","19:10,  라이온 킹(디지털),  6,000원","21:40,  라이온 킹(디지털),  6,000원",,,52
2019-07-19,01관,"10:00,  라이온 킹(디지털),  6,000원","12:20,  라이온 킹(디지털더빙),  6,000원","14:50,  라이온 킹(디지털),  6,000원","17:20,  극장판 엉덩이 탐정: 화려한 사건 수첩(디지털더빙),  6,000원","19:00,  라이온 킹(디지털),  6,000원","21:30,  라이온 킹(디지털),  6,000원",,,61
2019-07-19,02관,"19:20,  알라딘(디지털),  6,000원","16:50,  라이온 킹(디지털더빙),  6,000원","22:00,  사일런스(디지털),  6,000원","10:00,  기방도령(디지털)","12:10,  기방도령(디지털),  6,000원","14:20,  스파이더맨: 파 프롬 홈(디지털),  6,000원",,,52
2019-07-20,01관,"10:00,  극장판 엉덩이 탐정: 화려한 사건 수첩(디지털더빙),  6,000원","11:30,  라이온 킹(디지털더빙),  6,000원","14:00,  라이온 킹(디지털더빙),  6,000원","16:30,  라이온 킹(디지털더빙),  6,000원","19:00,  라이온 킹(디지털),  6,000원","21:30,  라이온 킹(디지털),  6,000원",,,61
2019-07-20,02관,"21:40,  스파이더맨: 파 프롬 홈(디지털),  6,000원","12:10,  알라딘(디지털더빙),  6,000원","17:10,  알라딘(디지털),  6,000원","14:45,  라이온 킹(디지털),  6,000원","10:00,  기방도령(디지털),  6,000원","19:45,  사일런스(디지털),  6,000원",,,52
2019-07-21,01관,"10:00,  극장판 엉덩이 탐정: 화려한 사건 수첩(디지털더빙),  6,000원","11:30,  라이온 킹(디지털더빙),  6,000원","14:00,  라이온 킹(디지털더빙),  6,000원","16:30,  라이온 킹(디지털더빙),  6,000원","19:00,  라이온 킹(디지털),  6,000원","21:30,  라이온 킹(디지털),  6,000원",,,61
2019-07-21,02관,"21:40,  스파이더맨: 파 프롬 홈(디지털),  6,000원","12:10,  알라딘(디지털더빙),  6,000원","17:10,  알라딘(디지털),  6,000원","14:45,  라이온 킹(디지털),  6,000원","10:00,  기방도령(디지털),  6,000원","19:45,  사일런스(디지털),  6,000원",,,52
2019-07-22,01관,"10:00,  라이온 킹(디지털더빙),  6,000원","12:20,  라이온 킹(디지털),  6,000원","14:50,  라이온 킹(디지털더빙),  6,000원","17:20,  극장판 엉덩이 탐정: 화려한 사건 수첩(디지털더빙),  6,000원","19:00,  라이온 킹(디지털),  6,000원","21:30,  라이온 킹(디지털),  6,000원",,,61
2019-07-22,02관,"16:50,  라이온 킹(디지털더빙),  6,000원","19:20,  알라딘(디지털),  6,000원","10:00,  기방도령(디지털)","12:10,  기방도령(디지털),  6,000원","14:20,  스파이더맨: 파 프롬 홈(디지털),  6,000원","22:00,  사일런스(디지털)",,,52
2019-07-23,01관,"10:00,  라이온 킹(디지털더빙),  6,000원","12:20,  라이온 킹(디지털),  6,000원","14:50,  라이온 킹(디지털),  6,000원","17:20,  극장판 엉덩이 탐정: 화려한 사건 수첩(디지털더빙),  6,000원","19:00,  라이온 킹(디지털),  6,000원","21:30,  라이온 킹(디지털),  6,000원",,,61
2019-07-23,02관,"16:50,  라이온 킹(디지털더빙),  6,000원","19:20,  알라딘(디지털),  6,000원","10:00,  기방도령(디지털),  6,000원","12:10,  기방도령(디지털),  6,000원","14:20,  스파이더맨: 파 프롬 홈(디지털),  6,000원","22:00,  사일런스(디지털),  6,000원",,,52
2019-07-24,01관,"10:00,  나랏말싸미(디지털),  6,000원","12:15,  나랏말싸미(디지털),  6,000원","14:30,  나랏말싸미(디지털),  6,000원","16:45,  나랏말싸미(디지털),  6,000원","19:05,  나랏말싸미(디지털),  6,000원","21:25,  나랏말싸미(디지털),  6,000원",,,61
2019-07-24,02관,"10:00,  사일런스(디지털),  6,000원","11:50,  극장판 엉덩이 탐정: 화려한 사건 수첩(디지털더빙),  5,000원","13:30,  알라딘(디지털),  6,000원","16:10,  라이온 킹(디지털더빙),  6,000원","18:40,  라이온 킹(디지털),  6,000원","21:10,  라이온 킹(디지털),  6,000원",,,52
2019-07-25,01관,"10:00,  나랏말싸미(디지털),  6,000원","12:15,  나랏말싸미(디지털),  6,000원","14:30,  나랏말싸미(디지털),  6,000원","16:45,  나랏말싸미(디지털),  6,000원","19:05,  나랏말싸미(디지털),  6,000원","21:25,  나랏말싸미(디지털),  6,000원",,,61
2019-07-25,02관,"18:40,  라이온 킹(디지털),  6,000원","21:10,  라이온 킹(디지털),  6,000원","14:10,  라이온 킹(디지털더빙),  6,000원","11:40,  알라딘(디지털),  6,000원","16:35,  레드슈즈(디지털더빙),  6,000원","09:50,  사일런스(디지털),  6,000원",,,52
2019-07-26,01관,"10:00,  나랏말싸미(디지털),  6,000원","12:15,  나랏말싸미(디지털),  6,000원","14:30,  나랏말싸미(디지털),  6,000원","16:45,  나랏말싸미(디지털),  6,000원","19:05,  나랏말싸미(디지털),  6,000원","21:25,  나랏말싸미(디지털),  6,000원",,,61
2019-07-26,02관,"18:40,  라이온 킹(디지털),  6,000원","21:10,  라이온 킹(디지털),  6,000원","14:10,  라이온 킹(디지털더빙),  6,000원","11:40,  알라딘(디지털),  6,000원","16:35,  레드슈즈(디지털더빙),  6,000원","09:50,  사일런스(디지털),  6,000원",,,52
2019-07-27,01관,"10:00,  나랏말싸미(디지털),  6,000원","12:15,  나랏말싸미(디지털),  6,000원","14:35,  알라딘(디지털더빙),  6,000원","17:15,  나랏말싸미(디지털),  6,000원","19:35,  나랏말싸미(디지털),  6,000원","21:55,  나랏말싸미(디지털),  6,000원",,,61
2019-07-27,02관,"09:50,  레드슈즈(디지털더빙),  6,000원","11:50,  라이온 킹(디지털더빙),  6,000원","14:15,  나랏말싸미(디지털),  6,000원","16:35,  라이온 킹(디지털더빙),  6,000원","19:05,  라이온 킹(디지털),  6,000원","21:35,  알라딘(디지털),  6,000원",,,52
2019-07-28,01관,"10:00,  나랏말싸미(디지털),  6,000원","12:15,  레드슈즈(디지털더빙),  6,000원","14:35,  알라딘(디지털더빙),  6,000원","17:15,  나랏말싸미(디지털),  6,000원","19:35,  나랏말싸미(디지털),  6,000원","21:55,  나랏말싸미(디지털),  6,000원",,,61
2019-07-28,02관,"09:50,  레드슈즈(디지털더빙),  6,000원","11:50,  라이온 킹(디지털더빙),  6,000원","14:15,  레드슈즈(디지털더빙),  6,000원","16:35,  라이온 킹(디지털더빙),  6,000원","19:05,  라이온 킹(디지털),  6,000원","21:35,  알라딘(디지털),  6,000원",,,52
2019-07-29,01관,"10:00,  나랏말싸미(디지털),  6,000원","12:15,  레드슈즈(디지털더빙),  6,000원","14:30,  나랏말싸미(디지털),  6,000원","16:45,  나랏말싸미(디지털),  6,000원","19:05,  나랏말싸미(디지털),  6,000원","21:25,  나랏말싸미(디지털),  6,000원",,,61
2019-07-29,02관,"11:40,  라이온 킹(디지털),  6,000원","18:40,  라이온 킹(디지털),  6,000원","14:10,  라이온 킹(디지털더빙),  6,000원","16:35,  레드슈즈(디지털더빙),  6,000원","21:10,  알라딘(디지털),  6,000원","09:50,  사일런스(디지털),  6,000원",,,52
2019-07-30,01관,"10:00,  나랏말싸미(디지털),  6,000원","12:15,  레드슈즈(디지털더빙),  6,000원","14:30,  나랏말싸미(디지털),  6,000원","16:45,  나랏말싸미(디지털),  6,000원","19:05,  나랏말싸미(디지털),  6,000원","21:25,  나랏말싸미(디지털),  6,000원",,,61
2019-07-30,02관,"11:40,  라이온 킹(디지털),  6,000원","18:40,  라이온 킹(디지털),  6,000원","14:10,  라이온 킹(디지털더빙),  6,000원","16:35,  레드슈즈(디지털더빙),  6,000원","21:10,  알라딘(디지털),  6,000원","09:50,  사일런스(디지털),  6,000원","08:20,  극장판 샤이닝스타:새로운 루나퀸의 탄생!(디지털),  5,000원",,52
2019-07-31,01관,"10:00,  나랏말싸미(디지털),  5,000원","12:15,  엑시트(디지털),  5,000원","14:30,  레드슈즈(디지털더빙),  5,000원","16:30,  엑시트(디지털),  5,000원","18:55,  사자(디지털),  5,000원","21:35,  엑시트(디지털),  5,000원",,,61
2019-07-31,02관,"09:50,  엑시트(디지털),  5,000원","12:00,  마이펫의 이중생활 2(디지털더빙),  5,000원","14:05,  사자(디지털),  5,000원","16:45,  마이펫의 이중생활 2(디지털더빙),  5,000원","18:40,  엑시트(디지털),  5,000원","21:00,  사자(디지털),  5,000원",,,52
2019-08-01,01관,"10:00,  나랏말싸미(디지털),  6,000원","12:15,  엑시트(디지털),  6,000원","14:30,  레드슈즈(디지털더빙),  6,000원","16:30,  엑시트(디지털),  6,000원","18:55,  사자(디지털),  6,000원","21:35,  엑시트(디지털),  6,000원",,,61
2019-08-01,02관,"09:45,  라이온 킹(디지털더빙),  6,000원","12:05,  마이펫의 이중생활 2(디지털더빙),  6,000원","14:05,  사자(디지털),  6,000원","16:45,  마이펫의 이중생활 2(디지털더빙),  6,000원","18:40,  엑시트(디지털),  6,000원","21:00,  사자(디지털),  6,000원",,,52
2019-08-02,01관,"10:00,  나랏말싸미(디지털),  6,000원","12:15,  엑시트(디지털),  6,000원","14:30,  레드슈즈(디지털더빙),  6,000원","16:30,  엑시트(디지털),  6,000원","18:55,  사자(디지털),  6,000원","21:35,  엑시트(디지털),  6,000원",,,61
2019-08-02,02관,"09:50,  엑시트(디지털),  6,000원","12:00,  마이펫의 이중생활 2(디지털더빙),  6,000원","14:05,  사자(디지털),  6,000원","16:45,  마이펫의 이중생활 2(디지털더빙),  6,000원","18:40,  엑시트(디지털),  6,000원","21:00,  사자(디지털),  6,000원",,,52
2019-08-03,01관,"09:00,  나랏말싸미(디지털),  6,000원","11:10,  엑시트(디지털),  6,000원","13:20,  마이펫의 이중생활 2(디지털더빙),  6,000원","15:15,  엑시트(디지털),  6,000원","17:30,  사자(디지털),  6,000원","20:10,  엑시트(디지털),  6,000원","22:20,  사자(디지털),  6,000원",,61
2019-08-03,02관,"10:00,  레드슈즈(디지털더빙)","11:55,  마이펫의 이중생활 2(디지털더빙),  6,000원","13:50,  사자(디지털),  6,000원","16:30,  마이펫의 이중생활 2(디지털더빙),  6,000원","18:25,  라이온 킹(디지털더빙),  6,000원","20:50,  엑시트(디지털),  6,000원","23:00,  엑시트(디지털),  6,000원",,52
2019-08-04,01관,"09:00,  나랏말싸미(디지털),  6,000원","11:10,  엑시트(디지털),  6,000원","13:20,  마이펫의 이중생활 2(디지털더빙),  6,000원","15:15,  엑시트(디지털),  6,000원","17:30,  사자(디지털),  6,000원","20:10,  엑시트(디지털),  6,000원","22:20,  사자(디지털),  6,000원",,61
2019-08-04,02관,"10:00,  레드슈즈(디지털더빙),  6,000원","11:55,  마이펫의 이중생활 2(디지털더빙),  6,000원","13:50,  사자(디지털),  6,000원","16:30,  마이펫의 이중생활 2(디지털더빙),  6,000원","18:25,  라이온 킹(디지털더빙),  6,000원","20:50,  엑시트(디지털),  6,000원","23:00,  엑시트(디지털),  6,000원",,52
2019-08-05,01관,"10:00,  나랏말싸미(디지털),  6,000원","12:15,  엑시트(디지털),  6,000원","14:30,  사자(디지털),  6,000원","17:10,  엑시트(디지털),  6,000원","19:20,  엑시트(디지털),  6,000원","21:35,  엑시트(디지털),  6,000원",,,61
2019-08-05,02관,"11:00,  레드슈즈(디지털더빙),  6,000원","13:00,  마이펫의 이중생활 2(디지털더빙),  6,000원","14:55,  레드슈즈(디지털더빙),  6,000원","16:55,  마이펫의 이중생활 2(디지털더빙),  6,000원","18:50,  엑시트(디지털),  6,000원","21:00,  사자(디지털),  6,000원",,,52
2019-08-06,01관,"10:00,  나랏말싸미(디지털),  6,000원","12:15,  엑시트(디지털),  6,000원","14:30,  사자(디지털),  6,000원","17:10,  엑시트(디지털),  6,000원","19:20,  엑시트(디지털),  6,000원","21:35,  엑시트(디지털),  6,000원",,,61
2019-08-06,02관,"10:30,  라이온 킹(디지털더빙),  6,000원","13:00,  마이펫의 이중생활 2(디지털더빙),  6,000원","14:55,  레드슈즈(디지털더빙),  6,000원","16:55,  마이펫의 이중생활 2(디지털더빙),  5,000원","18:50,  엑시트(디지털),  6,000원","21:00,  사자(디지털),  6,000원","08:50,  사일런스(디지털),  5,000원",,52
2019-08-07,01관,"11:00,  봉오동 전투(디지털),  6,000원","13:40,  엑시트(디지털),  6,000원","15:55,  봉오동 전투(디지털),  6,000원","18:40,  엑시트(디지털),  6,000원","20:55,  봉오동 전투(디지털),  6,000원",,,,61
2019-08-07,02관,"10:00,  사자(디지털),  6,000원","12:30,  앵그리 버드 2: 독수리 왕국의 침공(디지털더빙),  5,000원","15:00,  마이펫의 이중생활 2(디지털더빙),  6,000원","16:55,  앵그리 버드 2: 독수리 왕국의 침공(디지털더빙),  6,000원","19:00,  봉오동 전투(디지털),  5,000원","21:45,  엑시트(디지털),  6,000원",,,52
2019-08-08,01관,"09:30,  사자(디지털),  6,000원","12:00,  엑시트(디지털),  6,000원","14:10,  봉오동 전투(디지털),  6,000원","16:55,  엑시트(디지털),  6,000원","19:05,  봉오동 전투(디지털),  6,000원","21:50,  엑시트(디지털),  6,000원",,,61
2019-08-08,02관,"10:30,  레드슈즈(디지털더빙),  6,000원","12:30,  앵그리 버드 2: 독수리 왕국의 침공(디지털더빙),  6,000원","14:35,  마이펫의 이중생활 2(디지털더빙),  6,000원","16:30,  앵그리 버드 2: 독수리 왕국의 침공(디지털더빙),  6,000원","18:35,  봉오동 전투(디지털),  6,000원","21:20,  봉오동 전투(디지털),  6,000원","08:30,  기방도령(디지털),  5,000원",,52
2019-08-09,01관,"09:30,  사자(디지털),  6,000원","12:00,  엑시트(디지털),  6,000원","14:10,  봉오동 전투(디지털),  6,000원","16:55,  엑시트(디지털),  6,000원","19:05,  봉오동 전투(디지털),  6,000원","21:50,  엑시트(디지털),  6,000원",,,61
2019-08-09,02관,"10:30,  레드슈즈(디지털더빙),  6,000원","12:30,  앵그리 버드 2: 독수리 왕국의 침공(디지털더빙),  6,000원","14:35,  마이펫의 이중생활 2(디지털더빙),  6,000원","16:30,  앵그리 버드 2: 독수리 왕국의 침공(디지털더빙),  6,000원","18:35,  봉오동 전투(디지털),  6,000원","21:20,  봉오동 전투(디지털),  6,000원",,,52
2019-08-10,01관,"09:30,  사자(디지털),  6,000원","12:00,  엑시트(디지털),  6,000원","14:10,  봉오동 전투(디지털),  6,000원","16:55,  엑시트(디지털),  6,000원","19:05,  봉오동 전투(디지털),  6,000원","21:50,  엑시트(디지털),  6,000원",,,61
2019-08-10,02관,"10:30,  레드슈즈(디지털더빙),  6,000원","12:30,  앵그리 버드 2: 독수리 왕국의 침공(디지털더빙),  6,000원","14:35,  마이펫의 이중생활 2(디지털더빙),  6,000원","16:30,  앵그리 버드 2: 독수리 왕국의 침공(디지털더빙),  6,000원","18:35,  봉오동 전투(디지털),  6,000원","21:20,  봉오동 전투(디지털),  6,000원",,,52
2019-08-11,01관,"09:30,  사자(디지털),  6,000원","12:00,  엑시트(디지털),  6,000원","14:10,  봉오동 전투(디지털),  6,000원","16:55,  엑시트(디지털),  6,000원","19:05,  봉오동 전투(디지털),  6,000원","21:50,  엑시트(디지털),  6,000원",,,61
2019-08-11,02관,"09:40,  봉오동 전투(디지털),  6,000원","12:30,  앵그리 버드 2: 독수리 왕국의 침공(디지털더빙),  6,000원","14:35,  마이펫의 이중생활 2(디지털더빙),  6,000원","16:30,  앵그리 버드 2: 독수리 왕국의 침공(디지털더빙),  6,000원","18:35,  봉오동 전투(디지털),  6,000원","21:20,  봉오동 전투(디지털),  6,000원",,,52
2019-08-12,01관,"09:30,  사자(디지털),  6,000원","12:00,  엑시트(디지털),  6,000원","14:10,  봉오동 전투(디지털),  6,000원","16:55,  엑시트(디지털),  6,000원","19:05,  봉오동 전투(디지털),  6,000원","21:50,  엑시트(디지털),  6,000원",,,61
2019-08-12,02관,"09:40,  봉오동 전투(디지털),  6,000원","12:30,  앵그리 버드 2: 독수리 왕국의 침공(디지털더빙),  6,000원","14:35,  마이펫의 이중생활 2(디지털더빙),  6,000원","16:30,  앵그리 버드 2: 독수리 왕국의 침공(디지털더빙)","18:35,  엑시트(디지털),  6,000원","20:50,  봉오동 전투(디지털),  6,000원",,,52
2019-08-13,01관,"09:40,  봉오동 전투(디지털),  6,000원","12:30,  앵그리 버드 2: 독수리 왕국의 침공(디지털더빙),  6,000원","14:35,  마이펫의 이중생활 2(디지털더빙),  6,000원","16:30,  앵그리 버드 2: 독수리 왕국의 침공(디지털더빙),  6,000원","18:35,  엑시트(디지털),  6,000원","20:50,  봉오동 전투(디지털),  6,000원",,,61
2019-08-13,02관,"09:30,  사자(디지털),  6,000원","12:00,  엑시트(디지털),  6,000원","14:10,  봉오동 전투(디지털),  6,000원","16:55,  엑시트(디지털),  6,000원","19:05,  봉오동 전투(디지털),  6,000원","21:50,  엑시트(디지털),  6,000원",,,52
2019-08-14,01관,"09:00,  앵그리 버드 2: 독수리 왕국의 침공(디지털더빙)","10:55,  엑시트(디지털),  6,000원","13:00,  봉오동 전투(디지털),  6,000원","15:45,  분노의 질주: 홉스&쇼(디지털),  6,000원","18:30,  봉오동 전투(디지털),  6,000원","21:15,  봉오동 전투(디지털),  6,000원",,,61
2019-08-14,02관,"09:50,  분노의 질주: 홉스&쇼(디지털),  6,000원","12:30,  원더랜드(디지털더빙),  5,000원","14:25,  천로역정: 천국을 찾아서(디지털더빙),  6,000원","16:50,  원더랜드(디지털더빙),  6,000원","19:00,  분노의 질주: 홉스&쇼(디지털),  5,000원","21:45,  분노의 질주: 홉스&쇼(디지털),  6,000원",,,52
2019-08-15,01관,"09:00,  지구공룡대탐험(디지털더빙),  6,000원","10:30,  봉오동 전투(디지털),  6,000원","13:10,  봉오동 전투(디지털),  6,000원","15:50,  분노의 질주: 홉스&쇼(디지털),  6,000원","18:30,  분노의 질주: 홉스&쇼(디지털),  6,000원","21:10,  분노의 질주: 홉스&쇼(디지털),  6,000원",,,61
2019-08-15,02관,"09:00,  앵그리 버드 2: 독수리 왕국의 침공(디지털더빙),  6,000원","10:55,  지구공룡대탐험(디지털더빙),  6,000원","12:35,  원더랜드(디지털더빙),  6,000원","14:30,  지구공룡대탐험(디지털더빙),  6,000원","16:10,  봉오동 전투(디지털),  6,000원","18:55,  봉오동 전투(디지털),  6,000원","21:40,  엑시트(디지털),  6,000원",,52
2019-08-16,01관,"09:00,  엑시트(디지털),  6,000원","11:05,  봉오동 전투(디지털),  6,000원","13:50,  분노의 질주: 홉스&쇼(디지털),  6,000원","16:30,  엑시트(디지털),  6,000원","18:40,  봉오동 전투(디지털),  6,000원","21:25,  봉오동 전투(디지털),  6,000원",,,61
2019-08-16,02관,"09:00,  분노의 질주: 홉스&쇼(디지털),  6,000원","11:35,  지구공룡대탐험(디지털더빙),  6,000원","13:15,  원더랜드(디지털더빙)","15:10,  앵그리 버드 2: 독수리 왕국의 침공(디지털더빙),  6,000원","17:15,  원더랜드(디지털더빙),  6,000원","19:10,  분노의 질주: 홉스&쇼(디지털),  6,000원","21:55,  분노의 질주: 홉스&쇼(디지털),  6,000원",,52
2019-08-17,01관,"09:00,  엑시트(디지털),  6,000원","11:05,  봉오동 전투(디지털),  6,000원","13:50,  분노의 질주: 홉스&쇼(디지털),  6,000원","16:30,  엑시트(디지털),  6,000원","18:40,  봉오동 전투(디지털),  6,000원","21:25,  봉오동 전투(디지털),  6,000원",,,61
2019-08-17,02관,"09:00,  분노의 질주: 홉스&쇼(디지털),  6,000원","11:35,  지구공룡대탐험(디지털더빙),  6,000원","13:15,  원더랜드(디지털더빙),  6,000원","15:10,  앵그리 버드 2: 독수리 왕국의 침공(디지털더빙),  6,000원","17:15,  원더랜드(디지털더빙),  6,000원","19:10,  분노의 질주: 홉스&쇼(디지털),  6,000원","21:55,  분노의 질주: 홉스&쇼(디지털),  6,000원",,52
2019-08-18,01관,"09:00,  엑시트(디지털),  6,000원","11:05,  봉오동 전투(디지털),  6,000원","13:50,  분노의 질주: 홉스&쇼(디지털),  6,000원","16:30,  엑시트(디지털),  6,000원","18:40,  봉오동 전투(디지털),  6,000원","21:25,  봉오동 전투(디지털),  6,000원",,,61
2019-08-18,02관,"09:00,  분노의 질주: 홉스&쇼(디지털),  6,000원","11:35,  지구공룡대탐험(디지털더빙),  6,000원","13:15,  원더랜드(디지털더빙),  6,000원","15:10,  앵그리 버드 2: 독수리 왕국의 침공(디지털더빙),  6,000원","17:15,  원더랜드(디지털더빙),  6,000원","19:10,  분노의 질주: 홉스&쇼(디지털),  6,000원","21:55,  분노의 질주: 홉스&쇼(디지털),  6,000원",,52
2019-08-19,01관,"10:30,  원더랜드(디지털더빙),  6,000원","12:15,  엑시트(디지털),  6,000원","14:20,  분노의 질주: 홉스&쇼(디지털),  6,000원","16:55,  엑시트(디지털),  6,000원","19:10,  봉오동 전투(디지털),  6,000원","21:55,  엑시트(디지털),  6,000원","08:30,  인면어: 저주의 시작(디지털),  5,000원",,61
2019-08-19,02관,"10:00,  분노의 질주: 홉스&쇼(디지털),  6,000원","12:35,  봉오동 전투(디지털),  6,000원","15:10,  지구공룡대탐험(디지털더빙)","16:40,  앵그리 버드 2: 독수리 왕국의 침공(디지털더빙)","18:40,  분노의 질주: 홉스&쇼(디지털),  6,000원","21:20,  봉오동 전투(디지털),  6,000원",,,52
2019-08-20,01관,,"11:10,  분노의 질주: 홉스&쇼(디지털),  6,000원","13:45,  앵그리 버드 2: 독수리 왕국의 침공(디지털더빙)","16:00,  마이펫의 이중생활 2(디지털더빙),  5,000원","18:40,  분노의 질주: 홉스&쇼(디지털),  6,000원","21:20,  봉오동 전투(디지털),  6,000원",,,61
2019-08-20,02관,"10:40,  원더랜드(디지털더빙),  5,000원","13:00,  봉오동 전투(디지털),  6,000원","16:00,  마이펫의 이중생활 2(디지털더빙),  5,000원","17:50,  지구공룡대탐험(디지털더빙),  6,000원","19:30,  엑시트(디지털),  6,000원","21:40,  분노의 질주: 홉스&쇼(디지털),  6,000원",,,52
2019-08-21,01관,"10:00,  엑시트(디지털),  6,000원","12:05,  변신(디지털),  6,000원","14:30,  광대들: 풍문조작단(디지털),  6,000원","16:50,  봉오동 전투(디지털),  6,000원","19:30,  엑시트(디지털),  6,000원","21:45,  변신(디지털),  6,000원",,,61
2019-08-21,02관,"10:10,  광대들: 풍문조작단(디지털),  6,000원","12:30,  지구공룡대탐험(디지털더빙),  5,000원","14:15,  분노의 질주: 홉스&쇼(디지털),  6,000원","17:05,  원더랜드(디지털더빙)","19:00,  광대들: 풍문조작단(디지털),  5,000원","21:15,  분노의 질주: 홉스&쇼(디지털),  6,000원",,,52
2019-08-22,01관,"09:50,  원더랜드(디지털더빙)","11:30,  광대들: 풍문조작단(디지털),  6,000원","13:40,  엑시트(디지털),  6,000원","15:45,  분노의 질주: 홉스&쇼(디지털),  6,000원","18:30,  엑시트(디지털),  6,000원","20:45,  봉오동 전투(디지털),  6,000원",,,61
2019-08-22,02관,"09:50,  봉오동 전투(디지털),  6,000원","12:20,  변신(디지털),  6,000원","14:35,  광대들: 풍문조작단(디지털),  6,000원","16:45,  봉오동 전투(디지털),  6,000원","19:20,  광대들: 풍문조작단(디지털),  6,000원","21:35,  변신(디지털),  6,000원",,,52
2019-08-23,01관,"08:30,  인면어: 저주의 시작(디지털),  5,000원","10:30,  변신(디지털),  6,000원","12:40,  광대들: 풍문조작단(디지털),  6,000원","14:45,  봉오동 전투(디지털),  6,000원","17:20,  엑시트(디지털),  6,000원","19:25,  변신(디지털),  6,000원","21:45,  광대들: 풍문조작단(디지털),  6,000원",,61
2019-08-23,02관,"10:00,  지구공룡대탐험(디지털더빙)","11:30,  분노의 질주: 홉스&쇼(디지털),  6,000원","14:05,  분노의 질주: 홉스&쇼(디지털),  6,000원","21:15,  분노의 질주: 홉스&쇼(디지털),  6,000원","16:40,  원더랜드(디지털더빙),  6,000원","18:30,  봉오동 전투(디지털),  6,000원",,,52
2019-08-24,01관,"10:00,  엑시트(디지털),  6,000원","12:10,  광대들: 풍문조작단(디지털),  6,000원","14:30,  변신(디지털),  6,000원","16:55,  엑시트(디지털),  6,000원","19:10,  광대들: 풍문조작단(디지털),  6,000원","21:30,  변신(디지털),  6,000원",,,61
2019-08-24,02관,"10:00,  지구공룡대탐험(디지털더빙),  6,000원","11:30,  앵그리 버드 2: 독수리 왕국의 침공(디지털더빙),  6,000원","13:35,  분노의 질주: 홉스&쇼(디지털),  6,000원","16:20,  원더랜드(디지털더빙),  6,000원","18:15,  봉오동 전투(디지털),  6,000원","21:00,  분노의 질주: 홉스&쇼(디지털),  6,000원",,,52
2019-08-25,01관,"10:00,  원더랜드(디지털더빙),  5,000원","13:40,  원더랜드(디지털더빙),  6,000원","11:45,  마이펫의 이중생활 2(디지털더빙),  6,000원","15:35,  분노의 질주: 홉스&쇼(디지털),  6,000원","21:05,  분노의 질주: 홉스&쇼(디지털),  6,000원","18:20,  봉오동 전투(디지털),  6,000원",,,61
2019-08-25,02관,"10:00,  엑시트(디지털),  6,000원","12:10,  광대들: 풍문조작단(디지털),  6,000원","14:30,  변신(디지털),  6,000원","16:55,  엑시트(디지털),  6,000원","19:10,  광대들: 풍문조작단(디지털),  6,000원","21:30,  변신(디지털),  6,000원",,,52
2019-08-26,01관,"10:00,  엑시트(디지털),  6,000원","12:10,  광대들: 풍문조작단(디지털),  6,000원","14:30,  변신(디지털),  6,000원","16:55,  엑시트(디지털),  6,000원","19:10,  변신(디지털),  6,000원","21:30,  광대들: 풍문조작단(디지털),  6,000원",,,61
2019-08-26,02관,"10:00,  지구공룡대탐험(디지털더빙)","11:30,  분노의 질주: 홉스&쇼(디지털),  6,000원","14:10,  봉오동 전투(디지털),  6,000원","16:50,  원더랜드(디지털더빙),  6,000원","18:40,  광대들: 풍문조작단(디지털),  6,000원","21:00,  분노의 질주: 홉스&쇼(디지털),  6,000원",,,52
2019-08-27,01관,"09:50,  변신(디지털),  6,000원","12:00,  봉오동 전투(디지털),  6,000원","14:35,  엑시트(디지털),  6,000원","16:40,  광대들: 풍문조작단(디지털),  6,000원","19:00,  봉오동 전투(디지털),  6,000원","21:45,  광대들: 풍문조작단(디지털),  6,000원",,,61
2019-08-27,02관,"09:50,  엑시트(디지털),  6,000원","11:50,  광대들: 풍문조작단(디지털),  6,000원","14:00,  분노의 질주: 홉스&쇼(디지털),  6,000원","16:40,  원더랜드(디지털더빙),  6,000원","18:30,  변신(디지털),  6,000원","20:55,  분노의 질주: 홉스&쇼(디지털),  6,000원",,,52
2019-08-28,01관,"08:30,  인면어: 저주의 시작(디지털),  5,000원","10:30,  유열의 음악앨범(디지털),  5,000원","15:10,  유열의 음악앨범(디지털),  5,000원","12:50,  안나(디지털),  5,000원","19:00,  안나(디지털),  5,000원","17:35,  지구공룡대탐험(디지털더빙),  5,000원","21:30,  변신(디지털),  5,000원",,61
2019-08-28,02관,"18:30,  유열의 음악앨범(디지털),  5,000원","21:00,  유열의 음악앨범(디지털),  5,000원","09:50,  광대들: 풍문조작단(디지털),  5,000원","12:00,  변신(디지털),  5,000원","14:15,  엑시트(디지털),  5,000원","16:20,  광대들: 풍문조작단(디지털),  5,000원",,,52
2019-08-29,01관,"09:50,  안나(디지털)","12:10,  분노의 질주: 홉스&쇼(디지털),  6,000원","14:45,  봉오동 전투(디지털),  6,000원","17:20,  후로티로봇 극장판(디지털더빙)","19:00,  안나(디지털),  6,000원","21:30,  변신(디지털),  6,000원",,,61
2019-08-29,02관,"09:50,  광대들: 풍문조작단(디지털),  6,000원","12:00,  변신(디지털),  6,000원","14:15,  엑시트(디지털),  6,000원","16:20,  광대들: 풍문조작단(디지털),  6,000원","18:30,  유열의 음악앨범(디지털),  6,000원","21:00,  유열의 음악앨범(디지털),  6,000원",,,52
2019-08-30,01관,"09:50,  안나(디지털),  6,000원","12:10,  분노의 질주: 홉스&쇼(디지털),  6,000원","14:45,  봉오동 전투(디지털),  6,000원","17:20,  후로티로봇 극장판(디지털더빙),  6,000원","19:00,  안나(디지털),  6,000원","21:30,  변신(디지털),  6,000원",,,61
2019-08-30,02관,"09:50,  광대들: 풍문조작단(디지털),  6,000원","12:00,  변신(디지털),  6,000원","14:15,  엑시트(디지털),  6,000원","16:20,  광대들: 풍문조작단(디지털),  6,000원","18:30,  유열의 음악앨범(디지털),  6,000원","21:00,  유열의 음악앨범(디지털),  6,000원",,,52
2019-08-31,01관,"09:40,  광대들: 풍문조작단(디지털)","11:50,  후로티로봇 극장판(디지털더빙),  6,000원","13:40,  봉오동 전투(디지털),  6,000원","16:25,  광대들: 풍문조작단(디지털),  6,000원","18:40,  분노의 질주: 홉스&쇼(디지털),  6,000원","21:25,  안나(디지털),  6,000원",,,61
2019-08-31,02관,"10:00,  유열의 음악앨범(디지털),  6,000원","12:20,  변신(디지털),  6,000원","14:40,  유열의 음악앨범(디지털),  6,000원","17:10,  엑시트(디지털),  6,000원","19:20,  유열의 음악앨범(디지털),  6,000원","21:50,  변신(디지털),  6,000원",,,52
2019-09-01,01관,"09:40,  광대들: 풍문조작단(디지털),  6,000원","11:50,  후로티로봇 극장판(디지털더빙),  6,000원","13:40,  봉오동 전투(디지털),  6,000원","16:25,  광대들: 풍문조작단(디지털),  6,000원","18:40,  분노의 질주: 홉스&쇼(디지털),  6,000원","21:25,  안나(디지털),  6,000원",,,61
2019-09-01,02관,"10:00,  유열의 음악앨범(디지털),  6,000원","12:20,  변신(디지털),  6,000원","14:40,  유열의 음악앨범(디지털),  6,000원","17:10,  엑시트(디지털),  6,000원","19:20,  유열의 음악앨범(디지털),  6,000원","21:50,  변신(디지털),  6,000원",,,52
2019-09-02,01관,"09:50,  안나(디지털)","12:10,  봉오동 전투(디지털),  6,000원","14:45,  분노의 질주: 홉스&쇼(디지털),  6,000원","17:20,  후로티로봇 극장판(디지털더빙)","19:00,  안나(디지털),  6,000원","21:30,  엑시트(디지털),  6,000원",,,61
2019-09-02,02관,"09:50,  광대들: 풍문조작단(디지털)","12:00,  엑시트(디지털),  6,000원","14:00,  광대들: 풍문조작단(디지털),  6,000원","16:10,  변신(디지털),  6,000원","18:30,  유열의 음악앨범(디지털),  6,000원","21:00,  변신(디지털),  6,000원",,,52
2019-09-03,01관,"09:50,  광대들: 풍문조작단(디지털),  6,000원","12:00,  엑시트(디지털),  6,000원","14:00,  광대들: 풍문조작단(디지털),  6,000원","16:10,  변신(디지털),  6,000원","18:30,  유열의 음악앨범(디지털),  6,000원","21:00,  유열의 음악앨범(디지털),  6,000원",,,61
2019-09-03,02관,"09:50,  안나(디지털),  6,000원","12:10,  봉오동 전투(디지털),  6,000원","14:45,  분노의 질주: 홉스&쇼(디지털),  6,000원","17:20,  후로티로봇 극장판(디지털더빙)","19:00,  안나(디지털),  6,000원","21:30,  변신(디지털),  6,000원",,,52
2019-09-04,01관,"10:00,  후로티로봇 극장판(디지털더빙)","11:40,  유열의 음악앨범(디지털),  6,000원","16:25,  유열의 음악앨범(디지털),  6,000원","18:55,  변신(디지털),  6,000원","14:05,  안나(디지털),  6,000원",,,,61
2019-09-04,02관,"08:20,  이스케이프 플랜 3(디지털),  5,000원","16:45,  극장판 헬로카봇 : 달나라를 구해줘!(디지털),  6,000원","18:30,  유열의 음악앨범(디지털),  6,000원","12:15,  엑시트(디지털),  6,000원","10:00,  변신(디지털),  6,000원","14:25,  변신(디지털)",,,52
2019-09-05,01관,"10:30,  후로티로봇 극장판(디지털더빙)","12:15,  안나(디지털)","14:40,  봉오동 전투(디지털),  6,000원","17:25,  극장판 헬로카봇 : 달나라를 구해줘!(디지털),  6,000원","19:10,  변신(디지털),  6,000원","21:30,  엑시트(디지털),  6,000원",,,61
2019-09-05,02관,"10:00,  극장판 헬로카봇 : 달나라를 구해줘!(디지털)","11:35,  변신(디지털),  6,000원","13:55,  유열의 음악앨범(디지털),  6,000원","16:30,  엑시트(디지털),  6,000원","18:40,  유열의 음악앨범(디지털),  6,000원","21:10,  유열의 음악앨범(디지털),  6,000원",,,52
2019-09-06,01관,"10:00,  후로티로봇 극장판(디지털더빙)","11:40,  안나(디지털),  6,000원","14:00,  유열의 음악앨범(디지털),  6,000원","16:20,  분노의 질주: 홉스&쇼(디지털),  6,000원","19:05,  유열의 음악앨범(디지털),  6,000원","21:35,  엑시트(디지털),  6,000원",,,61
2019-09-06,02관,"10:00,  유열의 음악앨범(디지털),  6,000원","12:25,  엑시트(디지털),  6,000원","14:30,  변신(디지털),  6,000원","16:50,  극장판 헬로카봇 : 달나라를 구해줘!(디지털),  6,000원","18:35,  변신(디지털),  6,000원","21:00,  유열의 음악앨범(디지털),  6,000원",,,52
2019-09-07,01관,"10:00,  마이펫의 이중생활 2(디지털더빙),  6,000원","11:50,  후로티로봇 극장판(디지털더빙)","13:40,  안나(디지털),  6,000원","16:10,  엑시트(디지털),  6,000원","18:20,  유열의 음악앨범(디지털),  6,000원","20:50,  유열의 음악앨범(디지털),  6,000원",,,61
2019-09-07,02관,"10:00,  봉오동 전투(디지털),  5,000원","12:35,  극장판 헬로카봇 : 달나라를 구해줘!(디지털),  6,000원","14:20,  유열의 음악앨범(디지털),  6,000원","16:50,  변신(디지털),  6,000원","19:10,  엑시트(디지털),  6,000원","21:20,  변신(디지털),  6,000원",,,52
2019-09-08,01관,"10:00,  후로티로봇 극장판(디지털더빙)","11:40,  안나(디지털),  6,000원","14:10,  극장판 헬로카봇 : 달나라를 구해줘!(디지털),  6,000원","15:55,  유열의 음악앨범(디지털),  6,000원","18:25,  유열의 음악앨범(디지털),  6,000원","20:55,  분노의 질주: 홉스&쇼(디지털),  6,000원",,,61
2019-09-08,02관,"10:30,  극장판 헬로카봇 : 달나라를 구해줘!(디지털),  6,000원","12:15,  변신(디지털),  6,000원","14:40,  엑시트(디지털),  6,000원","16:50,  변신(디지털),  6,000원","19:10,  엑시트(디지털),  6,000원","21:20,  유열의 음악앨범(디지털),  6,000원",,,52
2019-09-09,01관,"10:00,  후로티로봇 극장판(디지털더빙)","11:50,  안나(디지털),  6,000원","14:20,  엑시트(디지털),  6,000원","16:30,  유열의 음악앨범(디지털),  6,000원","19:00,  엑시트(디지털),  6,000원","21:10,  유열의 음악앨범(디지털),  6,000원",,,61
2019-09-09,02관,"10:30,  극장판 헬로카봇 : 달나라를 구해줘!(디지털),  6,000원","12:10,  봉오동 전투(디지털),  6,000원","14:50,  변신(디지털),  6,000원","17:15,  극장판 헬로카봇 : 달나라를 구해줘!(디지털),  6,000원","19:00,  유열의 음악앨범(디지털),  6,000원","21:30,  변신(디지털),  6,000원",,,52
2019-09-10,01관,"10:00,  후로티로봇 극장판(디지털더빙)","11:50,  안나(디지털),  6,000원","14:20,  엑시트(디지털),  6,000원","16:30,  유열의 음악앨범(디지털),  6,000원","19:00,  엑시트(디지털),  6,000원","21:10,  유열의 음악앨범(디지털),  6,000원",,,61
2019-09-10,02관,"10:30,  극장판 헬로카봇 : 달나라를 구해줘!(디지털)","12:10,  분노의 질주: 홉스&쇼(디지털),  6,000원","14:50,  변신(디지털),  6,000원","17:15,  극장판 헬로카봇 : 달나라를 구해줘!(디지털),  6,000원","19:00,  유열의 음악앨범(디지털),  6,000원","21:30,  변신(디지털),  6,000원",,,52
2019-09-11,01관,"10:00,  후로티로봇 극장판(디지털더빙)","11:40,  나쁜 녀석들: 더 무비(디지털),  6,000원","14:05,  타짜: 원 아이드 잭(디지털),  6,000원","16:55,  극장판 헬로카봇 : 달나라를 구해줘!(디지털),  6,000원","18:40,  나쁜 녀석들: 더 무비(디지털),  6,000원","21:05,  타짜: 원 아이드 잭(디지털),  6,000원",,,61
2019-09-11,02관,"10:00,  타짜: 원 아이드 잭(디지털),  6,000원","12:50,  힘을 내요, 미스터 리(디지털)","15:10,  나쁜 녀석들: 더 무비(디지털),  6,000원","17:35,  극장판 반지의 비밀일기(디지털),  6,000원","19:15,  힘을 내요, 미스터 리(디지털),  6,000원","21:35,  나쁜 녀석들: 더 무비(디지털),  6,000원",,,52
2019-09-12,01관,"09:30,  극장판 헬로카봇 : 달나라를 구해줘!(디지털),  6,000원","11:05,  나쁜 녀석들: 더 무비(디지털),  6,000원","22:50,  나쁜 녀석들: 더 무비(디지털),  6,000원","16:10,  극장판 반지의 비밀일기(디지털),  6,000원","13:25,  타짜: 원 아이드 잭(디지털),  6,000원","17:50,  타짜: 원 아이드 잭(디지털),  6,000원","20:35,  나쁜 녀석들: 더 무비(디지털),  6,000원",,61
2019-09-12,02관,"10:00,  타짜: 원 아이드 잭(디지털),  6,000원","12:40,  힘을 내요, 미스터 리(디지털),  6,000원","15:00,  나쁜 녀석들: 더 무비(디지털),  6,000원","17:25,  힘을 내요, 미스터 리(디지털),  6,000원","19:45,  나쁜 녀석들: 더 무비(디지털),  6,000원","22:10,  타짜: 원 아이드 잭(디지털),  6,000원",,,52
2019-09-13,01관,"09:30,  극장판 반지의 비밀일기(디지털),  6,000원","11:05,  나쁜 녀석들: 더 무비(디지털),  6,000원","22:50,  나쁜 녀석들: 더 무비(디지털),  6,000원","16:10,  극장판 헬로카봇 : 달나라를 구해줘!(디지털),  6,000원","13:25,  타짜: 원 아이드 잭(디지털),  6,000원","17:50,  타짜: 원 아이드 잭(디지털),  6,000원","20:35,  힘을 내요, 미스터 리(디지털),  6,000원",,61
2019-09-13,02관,"10:00,  타짜: 원 아이드 잭(디지털),  6,000원","12:40,  힘을 내요, 미스터 리(디지털),  6,000원","15:00,  나쁜 녀석들: 더 무비(디지털),  6,000원","17:25,  힘을 내요, 미스터 리(디지털),  6,000원","19:45,  나쁜 녀석들: 더 무비(디지털),  6,000원","22:10,  타짜: 원 아이드 잭(디지털),  6,000원",,,52
2019-09-14,01관,"09:30,  극장판 반지의 비밀일기(디지털),  6,000원","11:05,  나쁜 녀석들: 더 무비(디지털),  6,000원","22:40,  나쁜 녀석들: 더 무비(디지털),  6,000원","16:10,  극장판 헬로카봇 : 달나라를 구해줘!(디지털),  6,000원","13:25,  타짜: 원 아이드 잭(디지털),  6,000원","17:55,  나쁜 녀석들: 더 무비(디지털),  6,000원","20:20,  힘을 내요, 미스터 리(디지털),  6,000원",,61
2019-09-14,02관,"10:00,  타짜: 원 아이드 잭(디지털),  6,000원","12:40,  힘을 내요, 미스터 리(디지털),  6,000원","15:00,  나쁜 녀석들: 더 무비(디지털),  6,000원","17:25,  힘을 내요, 미스터 리(디지털),  6,000원","19:45,  나쁜 녀석들: 더 무비(디지털),  6,000원","22:10,  타짜: 원 아이드 잭(디지털),  6,000원",,,52
2019-09-15,01관,"09:30,  극장판 헬로카봇 : 달나라를 구해줘!(디지털),  6,000원","11:05,  극장판 반지의 비밀일기(디지털),  6,000원","12:45,  극장판 헬로카봇 : 달나라를 구해줘!(디지털),  6,000원","14:30,  나쁜 녀석들: 더 무비(디지털),  6,000원","16:55,  힘을 내요, 미스터 리(디지털),  6,000원","19:15,  나쁜 녀석들: 더 무비(디지털),  6,000원","21:40,  나쁜 녀석들: 더 무비(디지털),  6,000원",,61
2019-09-15,02관,"09:30,  힘을 내요, 미스터 리(디지털),  6,000원","11:40,  나쁜 녀석들: 더 무비(디지털),  6,000원","14:00,  극장판 반지의 비밀일기(디지털),  6,000원","15:40,  타짜: 원 아이드 잭(디지털),  6,000원","18:30,  힘을 내요, 미스터 리(디지털),  6,000원","20:50,  타짜: 원 아이드 잭(디지털),  6,000원",,,52
2019-09-16,01관,"10:00,  극장판 헬로카봇 : 달나라를 구해줘!(디지털)","11:30,  타짜: 원 아이드 잭(디지털),  6,000원","14:10,  힘을 내요, 미스터 리(디지털),  6,000원","16:20,  타짜: 원 아이드 잭(디지털),  6,000원","19:05,  타짜: 원 아이드 잭(디지털),  6,000원","21:50,  힘을 내요, 미스터 리(디지털),  6,000원",,,61
2019-09-16,02관,"10:00,  힘을 내요, 미스터 리(디지털),  6,000원","12:15,  나쁜 녀석들: 더 무비(디지털),  6,000원","14:35,  나쁜 녀석들: 더 무비(디지털),  6,000원","16:55,  극장판 반지의 비밀일기(디지털),  6,000원","18:30,  나쁜 녀석들: 더 무비(디지털),  6,000원","20:55,  나쁜 녀석들: 더 무비(디지털),  6,000원",,,52
2019-09-17,01관,"10:00,  힘을 내요, 미스터 리(디지털),  6,000원","12:10,  나쁜 녀석들: 더 무비(디지털),  6,000원","14:25,  나쁜 녀석들: 더 무비(디지털),  6,000원","16:45,  극장판 헬로카봇 : 달나라를 구해줘!(디지털),  6,000원","18:30,  나쁜 녀석들: 더 무비(디지털),  6,000원","20:55,  나쁜 녀석들: 더 무비(디지털),  6,000원",,,61
2019-09-17,02관,"10:00,  극장판 반지의 비밀일기(디지털)","11:30,  타짜: 원 아이드 잭(디지털),  6,000원","14:10,  힘을 내요, 미스터 리(디지털),  6,000원","16:20,  타짜: 원 아이드 잭(디지털),  6,000원","19:05,  타짜: 원 아이드 잭(디지털),  6,000원","21:50,  힘을 내요, 미스터 리(디지털),  6,000원",,,52
2019-09-18,01관,"10:00,  예스터데이(디지털),  6,000원","12:15,  나쁜 녀석들: 더 무비(디지털),  6,000원","14:30,  예스터데이(디지털),  6,000원","16:45,  나쁜 녀석들: 더 무비(디지털),  6,000원","19:05,  예스터데이(디지털),  6,000원","21:30,  나쁜 녀석들: 더 무비(디지털),  6,000원",,,61
2019-09-18,02관,"10:00,  타짜: 원 아이드 잭(디지털),  6,000원","12:40,  힘을 내요, 미스터 리(디지털)","14:50,  나쁜 녀석들: 더 무비(디지털),  6,000원","17:05,  극장판 반지의 비밀일기(디지털),  6,000원","18:40,  힘을 내요, 미스터 리(디지털),  6,000원","21:00,  타짜: 원 아이드 잭(디지털),  6,000원",,,52
2019-09-19,01관,"10:00,  극장판 반지의 비밀일기(디지털)","11:30,  예스터데이(디지털),  6,000원","13:45,  애드 아스트라(디지털),  6,000원","16:35,  예스터데이(디지털),  6,000원","19:00,  애드 아스트라(디지털),  6,000원","21:30,  예스터데이(디지털),  6,000원",,,61
2019-09-19,02관,"11:00,  힘을 내요, 미스터 리(디지털),  6,000원","13:15,  나쁜 녀석들: 더 무비(디지털),  6,000원","15:40,  타짜: 원 아이드 잭(디지털),  6,000원","18:30,  나쁜 녀석들: 더 무비(디지털),  6,000원","20:55,  힘을 내요, 미스터 리(디지털),  6,000원",,,,52
2019-09-20,01관,"09:50,  예스터데이(디지털)","12:05,  애드 아스트라(디지털),  6,000원","14:30,  예스터데이(디지털),  6,000원","16:50,  힘을 내요, 미스터 리(디지털),  6,000원","19:10,  예스터데이(디지털),  6,000원","21:35,  애드 아스트라(디지털),  6,000원",,,61
2019-09-20,02관,"10:10,  힘을 내요, 미스터 리(디지털),  6,000원","12:20,  나쁜 녀석들: 더 무비(디지털),  6,000원","14:40,  나쁜 녀석들: 더 무비(디지털),  6,000원","17:00,  극장판 반지의 비밀일기(디지털)","18:40,  나쁜 녀석들: 더 무비(디지털),  6,000원","21:05,  타짜: 원 아이드 잭(디지털),  6,000원",,,52
2019-09-21,01관,"09:55,  극장판 반지의 비밀일기(디지털)","11:25,  애드 아스트라(디지털),  6,000원","13:55,  나쁜 녀석들: 더 무비(디지털),  6,000원","16:30,  예스터데이(디지털),  6,000원","18:55,  애드 아스트라(디지털),  6,000원","21:25,  예스터데이(디지털),  6,000원",,,61
2019-09-21,02관,"10:00,  타짜: 원 아이드 잭(디지털),  6,000원","12:40,  극장판 헬로카봇 : 달나라를 구해줘!(디지털),  6,000원","14:25,  극장판 반지의 비밀일기(디지털),  6,000원","16:05,  힘을 내요, 미스터 리(디지털),  6,000원","18:25,  나쁜 녀석들: 더 무비(디지털),  6,000원","20:50,  타짜: 원 아이드 잭(디지털),  6,000원",,,52
2019-09-22,01관,"09:55,  극장판 반지의 비밀일기(디지털)","11:25,  애드 아스트라(디지털),  6,000원","13:55,  나쁜 녀석들: 더 무비(디지털),  6,000원","16:30,  예스터데이(디지털),  6,000원","18:55,  예스터데이(디지털),  6,000원","21:20,  애드 아스트라(디지털),  6,000원",,,61
2019-09-22,02관,"10:00,  타짜: 원 아이드 잭(디지털),  6,000원","12:40,  극장판 헬로카봇 : 달나라를 구해줘!(디지털),  6,000원","14:25,  극장판 반지의 비밀일기(디지털),  6,000원","16:05,  힘을 내요, 미스터 리(디지털),  6,000원","18:25,  나쁜 녀석들: 더 무비(디지털),  6,000원","20:50,  타짜: 원 아이드 잭(디지털),  6,000원",,,52
2019-09-23,01관,"09:50,  예스터데이(디지털),  6,000원","12:05,  애드 아스트라(디지털),  6,000원","14:30,  예스터데이(디지털),  6,000원","16:45,  극장판 반지의 비밀일기(디지털)","18:35,  예스터데이(디지털),  6,000원","21:00,  애드 아스트라(디지털),  6,000원",,,61
2019-09-23,02관,"09:50,  타짜: 원 아이드 잭(디지털),  6,000원","12:30,  힘을 내요, 미스터 리(디지털)","14:40,  나쁜 녀석들: 더 무비(디지털),  6,000원","16:55,  힘을 내요, 미스터 리(디지털),  6,000원","19:05,  나쁜 녀석들: 더 무비(디지털),  6,000원","21:30,  타짜: 원 아이드 잭(디지털),  6,000원",,,52
2019-09-24,01관,"09:50,  타짜: 원 아이드 잭(디지털),  6,000원","12:30,  힘을 내요, 미스터 리(디지털),  6,000원","14:40,  나쁜 녀석들: 더 무비(디지털),  6,000원","16:55,  힘을 내요, 미스터 리(디지털),  6,000원","19:05,  나쁜 녀석들: 더 무비(디지털),  6,000원","21:30,  타짜: 원 아이드 잭(디지털),  6,000원",,,61
2019-09-24,02관,"09:50,  예스터데이(디지털)","12:05,  애드 아스트라(디지털),  6,000원","14:30,  예스터데이(디지털),  6,000원","16:45,  극장판 반지의 비밀일기(디지털)","18:35,  예스터데이(디지털),  6,000원","21:00,  애드 아스트라(디지털),  6,000원",,,52
2019-09-25,01관,"10:30,  나쁜 녀석들: 더 무비(디지털),  5,000원","12:45,  장사리 : 잊혀진 영웅들(디지털),  5,000원","14:50,  나쁜 녀석들: 더 무비(디지털),  5,000원","17:05,  장사리 : 잊혀진 영웅들(디지털),  5,000원","19:15,  나쁜 녀석들: 더 무비(디지털),  5,000원","21:40,  장사리 : 잊혀진 영웅들(디지털),  5,000원",,,61
2019-09-25,02관,"10:30,  예스터데이(디지털)","12:50,  애드 아스트라(디지털),  5,000원","15:20,  원스 어폰 어 타임... 인 할리우드(디지털),  5,000원","18:30,  장사리 : 잊혀진 영웅들(디지털),  5,000원","20:45,  원스 어폰 어 타임... 인 할리우드(디지털),  5,000원",,,,52
2019-09-26,01관,"10:00,  예스터데이(디지털),  6,000원","12:20,  애드 아스트라(디지털),  6,000원","14:50,  나쁜 녀석들: 더 무비(디지털),  6,000원","17:10,  마왕의 딸 이리샤(디지털)","19:00,  나쁜 녀석들: 더 무비(디지털),  6,000원","21:25,  장사리 : 잊혀진 영웅들(디지털),  6,000원",,,61
2019-09-26,02관,"10:30,  애드 아스트라(디지털)","12:55,  원스 어폰 어 타임... 인 할리우드(디지털),  6,000원","16:05,  예스터데이(디지털)","18:30,  장사리 : 잊혀진 영웅들(디지털),  6,000원","20:45,  원스 어폰 어 타임... 인 할리우드(디지털),  6,000원",,,,52
2019-09-27,01관,"10:00,  장사리 : 잊혀진 영웅들(디지털),  6,000원","14:20,  장사리 : 잊혀진 영웅들(디지털),  6,000원","19:05,  장사리 : 잊혀진 영웅들(디지털),  6,000원","16:25,  애드 아스트라(디지털),  6,000원","21:20,  원스 어폰 어 타임... 인 할리우드(디지털),  6,000원","12:05,  나쁜 녀석들: 더 무비(디지털),  6,000원",,,61
2019-09-27,02관,"08:00,  안나(디지털),  5,000원","12:15,  애드 아스트라(디지털),  6,000원","10:00,  예스터데이(디지털)","14:35,  예스터데이(디지털),  6,000원","16:50,  마왕의 딸 이리샤(디지털),  6,000원","18:35,  원스 어폰 어 타임... 인 할리우드(디지털),  6,000원","21:45,  나쁜 녀석들: 더 무비(디지털),  6,000원",,52
2019-09-28,01관,"10:10,  타짜: 원 아이드 잭(디지털),  6,000원","12:50,  장사리 : 잊혀진 영웅들(디지털),  6,000원","15:05,  나쁜 녀석들: 더 무비(디지털),  6,000원","17:30,  장사리 : 잊혀진 영웅들(디지털),  6,000원","19:45,  힘을 내요, 미스터 리(디지털),  6,000원","22:05,  장사리 : 잊혀진 영웅들(디지털),  6,000원",,,61
2019-09-28,02관,"09:30,  예스터데이(디지털),  6,000원","11:45,  애드 아스트라(디지털),  6,000원","14:15,  마왕의 딸 이리샤(디지털),  6,000원","16:05,  원스 어폰 어 타임... 인 할리우드(디지털),  6,000원","19:15,  장사리 : 잊혀진 영웅들(디지털),  6,000원","21:30,  원스 어폰 어 타임... 인 할리우드(디지털),  6,000원",,,52
2019-09-29,01관,"10:10,  타짜: 원 아이드 잭(디지털),  6,000원","12:50,  장사리 : 잊혀진 영웅들(디지털),  6,000원","15:05,  나쁜 녀석들: 더 무비(디지털),  6,000원","17:30,  장사리 : 잊혀진 영웅들(디지털),  6,000원","19:45,  힘을 내요, 미스터 리(디지털),  6,000원","22:05,  장사리 : 잊혀진 영웅들(디지털),  6,000원",,,61
2019-09-29,02관,"09:30,  예스터데이(디지털),  6,000원","11:45,  애드 아스트라(디지털),  6,000원","14:15,  마왕의 딸 이리샤(디지털),  6,000원","16:05,  원스 어폰 어 타임... 인 할리우드(디지털),  6,000원","19:15,  장사리 : 잊혀진 영웅들(디지털),  6,000원","21:30,  원스 어폰 어 타임... 인 할리우드(디지털),  6,000원",,,52
2019-09-30,01관,"11:00,  원스 어폰 어 타임... 인 할리우드(디지털)","14:10,  장사리 : 잊혀진 영웅들(디지털),  6,000원","16:25,  마왕의 딸 이리샤(디지털)","18:30,  장사리 : 잊혀진 영웅들(디지털),  6,000원","20:45,  원스 어폰 어 타임... 인 할리우드(디지털),  6,000원",,,,61
2019-09-30,02관,"10:00,  예스터데이(디지털)","12:15,  애드 아스트라(디지털),  6,000원","14:40,  힘을 내요, 미스터 리(디지털),  6,000원","16:50,  예스터데이(디지털)","19:15,  나쁜 녀석들: 더 무비(디지털),  6,000원","21:40,  애드 아스트라(디지털),  6,000원",,,52
2019-10-01,01관,"10:00,  예스터데이(디지털)","12:20,  애드 아스트라(디지털)","14:50,  예스터데이(디지털),  6,000원","17:10,  마왕의 딸 이리샤(디지털)","19:00,  장사리 : 잊혀진 영웅들(디지털),  6,000원","21:15,  애드 아스트라(디지털),  6,000원",,,61
2019-10-01,02관,"10:00,  원스 어폰 어 타임... 인 할리우드(디지털)","13:10,  힘을 내요, 미스터 리(디지털),  6,000원","15:20,  원스 어폰 어 타임... 인 할리우드(디지털),  6,000원","18:30,  나쁜 녀석들: 더 무비(디지털),  6,000원","20:55,  장사리 : 잊혀진 영웅들(디지털),  6,000원",,,,52
2019-10-02,01관,"10:00,  원스 어폰 어 타임... 인 할리우드(디지털),  6,000원","14:45,  원스 어폰 어 타임... 인 할리우드(디지털)","13:00,  마왕의 딸 이리샤(디지털),  6,000원","17:45,  소피와 드래곤: 마법책의 비밀(디지털),  6,000원","19:20,  조커(디지털),  6,000원","21:50,  조커(디지털),  6,000원",,,61
2019-10-02,02관,"08:00,  안나(디지털),  5,000원","10:00,  가장 보통의 연애(디지털),  6,000원","16:40,  장사리 : 잊혀진 영웅들(디지털),  6,000원","12:05,  퍼펙트맨(디지털),  6,000원","18:50,  퍼펙트맨(디지털),  6,000원","14:25,  가장 보통의 연애(디지털),  6,000원","21:15,  가장 보통의 연애(디지털),  6,000원",,52
2019-10-03,01관,"09:00,  원스 어폰 어 타임... 인 할리우드(디지털)","12:00,  소피와 드래곤: 마법책의 비밀(디지털),  6,000원","13:40,  조커(디지털),  6,000원","16:10,  소피와 드래곤: 마법책의 비밀(디지털),  6,000원","17:50,  조커(디지털),  6,000원","20:20,  조커(디지털),  6,000원",,,61
2019-10-03,02관,"09:00,  마왕의 딸 이리샤(디지털)","10:40,  마왕의 딸 이리샤(디지털),  6,000원","12:30,  퍼펙트맨(디지털),  6,000원","14:55,  가장 보통의 연애(디지털),  6,000원","17:15,  장사리 : 잊혀진 영웅들(디지털),  6,000원","19:30,  가장 보통의 연애(디지털),  6,000원","21:45,  퍼펙트맨(디지털),  6,000원",,52
2019-10-04,01관,,"10:00,  가장 보통의 연애(디지털),  6,000원","16:40,  장사리 : 잊혀진 영웅들(디지털),  6,000원","12:05,  퍼펙트맨(디지털),  6,000원","18:50,  퍼펙트맨(디지털),  6,000원","14:25,  가장 보통의 연애(디지털),  6,000원","21:15,  가장 보통의 연애(디지털),  6,000원",,61
2019-10-04,02관,"10:00,  원스 어폰 어 타임... 인 할리우드(디지털)","14:45,  원스 어폰 어 타임... 인 할리우드(디지털)","13:00,  마왕의 딸 이리샤(디지털),  6,000원","17:45,  소피와 드래곤: 마법책의 비밀(디지털),  6,000원","19:20,  조커(디지털),  6,000원","21:50,  조커(디지털),  6,000원",,,52
2019-10-05,01관,"09:00,  마왕의 딸 이리샤(디지털)","10:45,  소피와 드래곤: 마법책의 비밀(디지털),  6,000원","12:25,  조커(디지털),  6,000원","14:55,  가장 보통의 연애(디지털),  6,000원","17:10,  퍼펙트맨(디지털),  6,000원","19:35,  조커(디지털),  6,000원","22:05,  퍼펙트맨(디지털),  6,000원",,61
2019-10-05,02관,"09:00,  원스 어폰 어 타임... 인 할리우드(디지털),  6,000원","12:00,  장사리 : 잊혀진 영웅들(디지털),  6,000원","14:15,  소피와 드래곤: 마법책의 비밀(디지털),  6,000원","15:55,  소피와 드래곤: 마법책의 비밀(디지털),  6,000원","17:40,  조커(디지털),  6,000원","20:10,  가장 보통의 연애(디지털),  6,000원","22:30,  가장 보통의 연애(디지털),  6,000원",,52
2019-10-06,01관,"09:00,  마왕의 딸 이리샤(디지털)","10:45,  소피와 드래곤: 마법책의 비밀(디지털),  6,000원","12:25,  조커(디지털),  6,000원","14:55,  소피와 드래곤: 마법책의 비밀(디지털),  6,000원","16:35,  조커(디지털),  6,000원","19:05,  퍼펙트맨(디지털),  6,000원","21:30,  조커(디지털),  6,000원",,61
2019-10-06,02관,"10:00,  원스 어폰 어 타임... 인 할리우드(디지털)","13:00,  가장 보통의 연애(디지털),  6,000원","15:15,  퍼펙트맨(디지털),  6,000원","17:35,  가장 보통의 연애(디지털),  6,000원","19:50,  가장 보통의 연애(디지털),  6,000원","22:00,  장사리 : 잊혀진 영웅들(디지털),  6,000원",,,52
2019-10-07,01관,"09:50,  원스 어폰 어 타임... 인 할리우드(디지털),  6,000원","13:00,  조커(디지털),  6,000원","15:25,  가장 보통의 연애(디지털),  6,000원","17:35,  마왕의 딸 이리샤(디지털)","19:20,  가장 보통의 연애(디지털),  6,000원","21:40,  퍼펙트맨(디지털),  6,000원",,,61
2019-10-07,02관,"09:50,  원스 어폰 어 타임... 인 할리우드(디지털)","12:50,  장사리 : 잊혀진 영웅들(디지털),  6,000원","14:55,  퍼펙트맨(디지털),  6,000원","17:10,  소피와 드래곤: 마법책의 비밀(디지털),  6,000원","18:40,  조커(디지털),  6,000원","21:10,  조커(디지털),  6,000원",,,52
2019-10-08,01관,"09:50,  원스 어폰 어 타임... 인 할리우드(디지털)","12:50,  장사리 : 잊혀진 영웅들(디지털),  6,000원","14:55,  퍼펙트맨(디지털),  6,000원","17:10,  소피와 드래곤: 마법책의 비밀(디지털)","18:40,  조커(디지털),  6,000원","21:10,  조커(디지털),  6,000원",,,61
2019-10-08,02관,"09:50,  원스 어폰 어 타임... 인 할리우드(디지털),  6,000원","13:00,  조커(디지털),  6,000원","15:25,  가장 보통의 연애(디지털),  6,000원","17:35,  마왕의 딸 이리샤(디지털)","19:20,  가장 보통의 연애(디지털),  6,000원","21:40,  퍼펙트맨(디지털),  6,000원",,,52
2019-10-09,01관,"10:00,  마왕의 딸 이리샤(디지털),  6,000원","11:45,  제미니 맨(디지털),  6,000원","14:10,  조커(디지털),  6,000원","16:40,  제미니 맨(디지털),  6,000원","19:05,  조커(디지털),  6,000원","21:40,  제미니 맨(디지털),  6,000원",,,61
2019-10-09,02관,"10:30,  소피와 드래곤: 마법책의 비밀(디지털),  6,000원","12:05,  조커(디지털),  6,000원","14:35,  소피와 드래곤: 마법책의 비밀(디지털),  6,000원","16:15,  가장 보통의 연애(디지털),  6,000원","18:35,  퍼펙트맨(디지털),  6,000원","21:00,  가장 보통의 연애(디지털),  6,000원",,,52
2019-10-10,01관,"10:00,  조커(디지털),  6,000원","12:25,  제미니 맨(디지털),  6,000원","14:45,  조커(디지털),  6,000원","17:10,  소피와 드래곤: 마법책의 비밀(디지털)","18:45,  제미니 맨(디지털),  6,000원","21:10,  조커(디지털),  6,000원",,,61
2019-10-10,02관,"10:30,  가장 보통의 연애(디지털),  6,000원","12:40,  퍼펙트맨(디지털),  6,000원","14:55,  가장 보통의 연애(디지털),  6,000원","17:05,  장사리 : 잊혀진 영웅들(디지털),  6,000원","19:20,  가장 보통의 연애(디지털),  6,000원","21:40,  퍼펙트맨(디지털),  6,000원",,,52
2019-10-11,01관,"10:00,  조커(디지털),  6,000원","12:25,  제미니 맨(디지털),  6,000원","14:45,  조커(디지털),  6,000원","17:10,  소피와 드래곤: 마법책의 비밀(디지털),  6,000원","18:45,  제미니 맨(디지털),  6,000원","21:10,  조커(디지털),  6,000원",,,61
2019-10-11,02관,"10:30,  가장 보통의 연애(디지털),  6,000원","12:40,  퍼펙트맨(디지털),  6,000원","14:55,  가장 보통의 연애(디지털),  6,000원","17:05,  장사리 : 잊혀진 영웅들(디지털),  6,000원","19:20,  가장 보통의 연애(디지털),  6,000원","21:40,  퍼펙트맨(디지털),  6,000원",,,52
2019-10-12,01관,"10:00,  소피와 드래곤: 마법책의 비밀(디지털),  5,000원","11:35,  제미니 맨(디지털),  6,000원","14:00,  소피와 드래곤: 마법책의 비밀(디지털),  6,000원","15:40,  제미니 맨(디지털),  6,000원","18:05,  조커(디지털),  6,000원","20:40,  조커(디지털),  6,000원",,,61
2019-10-12,02관,"10:00,  조커(디지털),  6,000원","12:25,  가장 보통의 연애(디지털),  6,000원","14:40,  조커(디지털),  6,000원","17:10,  장사리 : 잊혀진 영웅들(디지털),  6,000원","19:20,  가장 보통의 연애(디지털),  6,000원","21:40,  퍼펙트맨(디지털),  6,000원",,,52
2019-10-13,01관,"10:00,  소피와 드래곤: 마법책의 비밀(디지털)","11:35,  제미니 맨(디지털),  6,000원","14:00,  소피와 드래곤: 마법책의 비밀(디지털),  6,000원","15:40,  제미니 맨(디지털),  6,000원","18:05,  조커(디지털),  6,000원","20:40,  조커(디지털),  6,000원",,,61
2019-10-13,02관,"10:00,  조커(디지털),  6,000원","12:25,  가장 보통의 연애(디지털),  6,000원","14:40,  조커(디지털),  6,000원","17:10,  장사리 : 잊혀진 영웅들(디지털),  6,000원","19:20,  가장 보통의 연애(디지털),  6,000원","21:40,  퍼펙트맨(디지털),  6,000원",,,52
2019-10-14,01관,"10:00,  조커(디지털),  6,000원","12:25,  제미니 맨(디지털),  6,000원","14:45,  조커(디지털),  6,000원","17:10,  소피와 드래곤: 마법책의 비밀(디지털)","18:45,  제미니 맨(디지털),  6,000원","21:10,  조커(디지털),  6,000원",,,61
2019-10-14,02관,"10:00,  소피와 드래곤: 마법책의 비밀(디지털)","11:30,  퍼펙트맨(디지털)","13:45,  가장 보통의 연애(디지털),  6,000원","19:20,  가장 보통의 연애(디지털),  6,000원","21:40,  퍼펙트맨(디지털),  6,000원",,,,52
2019-10-15,01관,"10:30,  가장 보통의 연애(디지털),  6,000원","12:40,  퍼펙트맨(디지털),  6,000원","14:55,  가장 보통의 연애(디지털),  6,000원","17:05,  장사리 : 잊혀진 영웅들(디지털),  6,000원","19:20,  가장 보통의 연애(디지털),  6,000원","21:40,  퍼펙트맨(디지털),  6,000원",,,61
2019-10-15,02관,"10:00,  조커(디지털),  6,000원","12:25,  제미니 맨(디지털),  6,000원","14:45,  조커(디지털),  6,000원","17:10,  소피와 드래곤: 마법책의 비밀(디지털)","18:45,  제미니 맨(디지털),  6,000원","21:10,  조커(디지털),  6,000원",,,52
2019-10-16,01관,"10:00,  소피와 드래곤: 마법책의 비밀(디지털)","11:30,  조커(디지털),  6,000원","14:00,  조커(디지털),  6,000원","16:30,  소피와 드래곤: 마법책의 비밀(디지털),  6,000원","18:30,  제미니 맨(디지털),  6,000원","20:55,  조커(디지털),  6,000원",,,61
2019-10-16,02관,"10:00,  가장 보통의 연애(디지털),  6,000원","12:10,  퍼펙트맨(디지털),  6,000원","14:25,  가장 보통의 연애(디지털),  6,000원","16:40,  퍼펙트맨(디지털),  6,000원","19:00,  가장 보통의 연애(디지털),  6,000원","21:25,  퍼펙트맨(디지털),  6,000원",,,52
2019-10-17,01관,"10:00,  제미니 맨(디지털),  6,000원","12:15,  조커(디지털),  6,000원","14:40,  말레피센트 2(디지털),  6,000원","17:00,  꼬마 자전거 스피디(디지털더빙)","18:40,  말레피센트 2(디지털),  6,000원","21:10,  조커(디지털),  6,000원",,,61
2019-10-17,02관,"10:30,  두번할까요(디지털),  6,000원","12:40,  퍼펙트맨(디지털),  6,000원","14:55,  두번할까요(디지털),  6,000원","17:05,  가장 보통의 연애(디지털),  6,000원","19:20,  두번할까요(디지털),  6,000원","21:40,  가장 보통의 연애(디지털),  6,000원",,,52
2019-10-18,01관,"10:00,  제미니 맨(디지털)","12:15,  조커(디지털),  6,000원","14:40,  말레피센트 2(디지털),  6,000원","17:00,  꼬마 자전거 스피디(디지털더빙)","18:40,  말레피센트 2(디지털),  6,000원","21:10,  조커(디지털),  6,000원",,,61
2019-10-18,02관,"10:30,  두번할까요(디지털),  6,000원","12:40,  퍼펙트맨(디지털),  6,000원","14:55,  두번할까요(디지털),  6,000원","17:05,  가장 보통의 연애(디지털),  6,000원","19:20,  두번할까요(디지털),  6,000원","21:40,  가장 보통의 연애(디지털),  6,000원",,,52
2019-10-19,01관,"10:00,  제미니 맨(디지털),  6,000원","12:15,  퍼펙트맨(디지털),  6,000원","14:35,  두번할까요(디지털),  6,000원","16:55,  꼬마 자전거 스피디(디지털더빙),  6,000원","18:40,  가장 보통의 연애(디지털),  6,000원","21:00,  두번할까요(디지털),  6,000원",,,61
2019-10-19,02관,"10:00,  꼬마 자전거 스피디(디지털더빙),  6,000원","11:35,  말레피센트 2(디지털),  6,000원","14:00,  말레피센트 2(디지털),  6,000원","16:30,  조커(디지털),  6,000원","19:05,  말레피센트 2(디지털),  6,000원","21:35,  말레피센트 2(디지털),  6,000원",,,52
2019-10-20,01관,"10:00,  제미니 맨(디지털),  6,000원","12:15,  퍼펙트맨(디지털),  6,000원","14:35,  두번할까요(디지털),  6,000원","16:55,  꼬마 자전거 스피디(디지털더빙),  6,000원","18:40,  가장 보통의 연애(디지털),  6,000원","21:00,  두번할까요(디지털),  6,000원",,,61
2019-10-20,02관,"10:00,  꼬마 자전거 스피디(디지털더빙),  6,000원","11:35,  말레피센트 2(디지털),  6,000원","14:00,  말레피센트 2(디지털),  6,000원","16:30,  조커(디지털),  6,000원","19:05,  말레피센트 2(디지털),  6,000원","21:35,  말레피센트 2(디지털),  6,000원",,,52
2019-10-21,01관,"10:00,  제미니 맨(디지털)","12:15,  조커(디지털),  6,000원","14:40,  말레피센트 2(디지털),  6,000원","17:00,  꼬마 자전거 스피디(디지털더빙)","18:40,  말레피센트 2(디지털),  6,000원","21:10,  조커(디지털),  6,000원",,,61
2019-10-21,02관,"10:30,  두번할까요(디지털),  6,000원","12:40,  퍼펙트맨(디지털),  6,000원","14:55,  두번할까요(디지털),  6,000원","17:05,  가장 보통의 연애(디지털),  6,000원","19:20,  두번할까요(디지털),  6,000원","21:40,  가장 보통의 연애(디지털),  6,000원",,,52
2019-10-22,01관,"10:00,  제미니 맨(디지털),  6,000원","12:15,  조커(디지털),  6,000원","14:40,  말레피센트 2(디지털),  6,000원","17:00,  꼬마 자전거 스피디(디지털더빙),  5,000원","18:40,  말레피센트 2(디지털),  6,000원","21:10,  조커(디지털),  6,000원",,,61
2019-10-22,02관,"10:30,  두번할까요(디지털),  6,000원","12:40,  퍼펙트맨(디지털),  6,000원","14:55,  두번할까요(디지털),  6,000원","17:05,  가장 보통의 연애(디지털),  6,000원","19:20,  두번할까요(디지털),  6,000원","21:40,  가장 보통의 연애(디지털),  6,000원",,,52
2019-10-23,01관,"10:00,  두번할까요(디지털)","12:10,  82년생 김지영(디지털),  6,000원","14:30,  82년생 김지영(디지털),  6,000원","16:50,  82년생 김지영(디지털),  6,000원","19:10,  82년생 김지영(디지털),  6,000원","21:35,  82년생 김지영(디지털),  6,000원",,,61
2019-10-23,02관,"10:00,  꼬마 자전거 스피디(디지털더빙)","11:35,  말레피센트 2(디지털),  6,000원","14:00,  더 킹: 헨리 5세(디지털),  6,000원","16:45,  빅트립: 아기팬더 배달 대모험(디지털)","18:35,  말레피센트 2(디지털),  6,000원","21:05,  더 킹: 헨리 5세(디지털),  6,000원",,,52
2019-10-24,01관,"10:00,  두번할까요(디지털),  6,000원","12:10,  82년생 김지영(디지털),  6,000원","14:30,  82년생 김지영(디지털),  6,000원","16:50,  82년생 김지영(디지털),  6,000원","19:10,  82년생 김지영(디지털),  6,000원","21:35,  82년생 김지영(디지털),  6,000원",,,61
2019-10-24,02관,"10:00,  꼬마 자전거 스피디(디지털더빙)","11:35,  말레피센트 2(디지털),  6,000원","14:00,  더 킹: 헨리 5세(디지털),  6,000원","16:45,  빅트립: 아기팬더 배달 대모험(디지털)","18:35,  말레피센트 2(디지털),  6,000원","21:05,  더 킹: 헨리 5세(디지털),  6,000원",,,52
2019-10-25,01관,"10:00,  두번할까요(디지털)","12:10,  82년생 김지영(디지털),  6,000원","14:30,  82년생 김지영(디지털),  6,000원","16:50,  82년생 김지영(디지털),  6,000원","19:10,  82년생 김지영(디지털),  6,000원","21:35,  82년생 김지영(디지털),  6,000원",,,61
2019-10-25,02관,"10:00,  꼬마 자전거 스피디(디지털더빙)","11:35,  말레피센트 2(디지털)","14:00,  더 킹: 헨리 5세(디지털),  6,000원","16:45,  빅트립: 아기팬더 배달 대모험(디지털),  6,000원","18:35,  말레피센트 2(디지털),  6,000원","21:05,  더 킹: 헨리 5세(디지털),  6,000원",,,52
2019-10-26,01관,"10:00,  빅트립: 아기팬더 배달 대모험(디지털),  6,000원","11:40,  꼬마 자전거 스피디(디지털더빙),  6,000원","13:25,  말레피센트 2(디지털),  6,000원","15:55,  말레피센트 2(디지털),  6,000원","18:25,  말레피센트 2(디지털),  6,000원","20:55,  더 킹: 헨리 5세(디지털),  6,000원",,,61
2019-10-26,02관,"09:50,  두번할까요(디지털)","12:00,  82년생 김지영(디지털),  6,000원","14:25,  82년생 김지영(디지털),  6,000원","16:50,  82년생 김지영(디지털),  6,000원","19:15,  82년생 김지영(디지털),  6,000원","21:40,  82년생 김지영(디지털),  6,000원",,,52
2019-10-27,01관,"10:00,  꼬마 자전거 스피디(디지털더빙)","11:35,  빅트립: 아기팬더 배달 대모험(디지털),  6,000원","13:25,  말레피센트 2(디지털),  6,000원","15:55,  말레피센트 2(디지털),  6,000원","18:25,  말레피센트 2(디지털),  6,000원","20:55,  더 킹: 헨리 5세(디지털),  6,000원",,,61
2019-10-27,02관,"09:50,  두번할까요(디지털)","12:00,  82년생 김지영(디지털),  6,000원","14:25,  82년생 김지영(디지털),  6,000원","16:50,  82년생 김지영(디지털),  6,000원","19:15,  82년생 김지영(디지털),  6,000원","21:40,  82년생 김지영(디지털),  6,000원",,,52
2019-10-28,01관,"10:30,  82년생 김지영(디지털),  6,000원","13:00,  장사리 : 잊혀진 영웅들(디지털),  5,000원","15:35,  더 킹: 헨리 5세(디지털),  6,000원","18:20,  82년생 김지영(디지털),  6,000원","20:45,  82년생 김지영(디지털),  6,000원",,,,61
2019-10-28,02관,"10:30,  두번할까요(디지털),  6,000원","13:00,  장사리 : 잊혀진 영웅들(디지털),  5,000원","15:15,  빅트립: 아기팬더 배달 대모험(디지털),  6,000원","17:00,  꼬마 자전거 스피디(디지털더빙)","18:45,  더 킹: 헨리 5세(디지털),  6,000원","21:35,  말레피센트 2(디지털),  6,000원",,,52
2019-10-29,01관,"10:00,  두번할까요(디지털)","12:10,  82년생 김지영(디지털),  6,000원","14:30,  82년생 김지영(디지털)","16:50,  82년생 김지영(디지털),  6,000원","19:10,  82년생 김지영(디지털),  6,000원","21:35,  82년생 김지영(디지털),  6,000원",,,61
2019-10-29,02관,"10:00,  꼬마 자전거 스피디(디지털더빙)","11:35,  말레피센트 2(디지털)","14:00,  더 킹: 헨리 5세(디지털)","16:45,  빅트립: 아기팬더 배달 대모험(디지털),  6,000원","18:35,  말레피센트 2(디지털),  6,000원","21:05,  더 킹: 헨리 5세(디지털),  6,000원",,,52
2019-10-30,01관,"10:00,  두번할까요(디지털),  5,000원","12:10,  더 킹: 헨리 5세(디지털),  5,000원","14:50,  터미네이터: 다크 페이트(디지털),  5,000원","17:20,  빅트립: 아기팬더 배달 대모험(디지털),  5,000원","19:10,  날씨의 아이(디지털),  5,000원","21:35,  82년생 김지영(디지털),  5,000원",,,61
2019-10-30,02관,"10:00,  꼬마 자전거 스피디(디지털더빙)","11:35,  말레피센트 2(디지털),  5,000원","13:55,  82년생 김지영(디지털),  5,000원","16:15,  날씨의 아이(디지털),  5,000원","18:35,  터미네이터: 다크 페이트(디지털),  5,000원","21:10,  터미네이터: 다크 페이트(디지털),  5,000원",,,52
2019-10-31,01관,"10:00,  더 킹: 헨리 5세(디지털),  6,000원","12:40,  날씨의 아이(디지털)","14:50,  터미네이터: 다크 페이트(디지털),  6,000원","19:10,  82년생 김지영(디지털),  6,000원","21:40,  날씨의 아이(디지털),  6,000원",,,,61
2019-10-31,02관,"10:00,  빅트립: 아기팬더 배달 대모험(디지털)","11:45,  터미네이터: 다크 페이트(디지털),  6,000원","14:20,  82년생 김지영(디지털),  6,000원","18:35,  터미네이터: 다크 페이트(디지털),  6,000원","21:10,  터미네이터: 다크 페이트(디지털),  6,000원",,,,52
