상영일자,상영관,1회,2회,3회,4회,5회,6회,7회,8회,9회,10회,좌석수
2016-05-02,01관,,"12:40,  주토피아(디지털더빙)","15:10,  주토피아(디지털더빙)","17:30,  주토피아(디지털더빙),  6,000원","19:50,  시간이탈자(디지털),  7,000원","22:10,  시간이탈자(디지털),  5,000원","24:25,  시간이탈자(디지털)",,,,167
2016-05-02,02관,,"12:05,  시간이탈자(디지털)","14:20,  캡틴 아메리카: 시빌 워(디지털),  9,000원","17:15,  캡틴 아메리카: 시빌 워(디지털),  9,000원","20:10,  캡틴 아메리카: 시빌 워(디지털),  9,000원","23:05,  캡틴 아메리카: 시빌 워(디지털),  6,000원",,,,,105
2016-05-02,COMFORT 3관,,,"13:50,  캡틴 아메리카: 시빌 워(디지털),  7,000원","16:45,  캡틴 아메리카: 시빌 워(디지털),  7,000원","19:40,  캡틴 아메리카: 시빌 워(디지털),  9,000원","22:35,  캡틴 아메리카: 시빌 워(디지털),  6,000원",,,,,99
2016-05-02,04관,,"12:30,  날, 보러와요(디지털),  7,000원","14:30,  날, 보러와요(디지털)","16:30,  위대한 소원(디지털),  9,000원","18:30,  해어화(디지털),  7,000원","21:00,  위대한 소원(디지털)","23:00,  해어화(디지털)",,,,99
2016-05-02,05관,,"13:10,  캡틴 아메리카: 시빌 워(디지털),  7,000원","16:05,  캡틴 아메리카: 시빌 워(디지털),  9,000원","19:00,  캡틴 아메리카: 시빌 워(디지털),  9,000원","21:55,  캡틴 아메리카: 시빌 워(디지털),  9,000원",,,,,,167
2016-05-02,06관,,"12:35,  캡틴 아메리카: 시빌 워(디지털),  7,000원","15:30,  캡틴 아메리카: 시빌 워(디지털),  9,000원","18:25,  캡틴 아메리카: 시빌 워(디지털),  9,000원","21:20,  캡틴 아메리카: 시빌 워(디지털),  9,000원","24:15,  날, 보러와요(디지털)",,,,,155
2016-05-02,07관,,"12:00,  캡틴 아메리카: 시빌 워(디지털),  5,000원","15:00,  캡틴 아메리카: 시빌 워(디지털),  9,000원","17:55,  캡틴 아메리카: 시빌 워(디지털),  9,000원","20:50,  캡틴 아메리카: 시빌 워(디지털),  6,000원","23:50,  캡틴 아메리카: 시빌 워(디지털),  5,000원",,,,,273
2016-05-03,01관,"09:40,  시간이탈자(디지털)","11:55,  시간이탈자(디지털)","14:10,  시간이탈자(디지털)","16:25,  시간이탈자(디지털),  9,000원","18:40,  시간이탈자(디지털)","20:55,  시간이탈자(디지털),  9,000원","23:10,  시간이탈자(디지털)",,,,167
2016-05-03,02관,"09:25,  주토피아(디지털더빙),  6,000원","11:40,  캡틴 아메리카: 시빌 워(디지털),  7,000원","14:35,  캡틴 아메리카: 시빌 워(디지털),  9,000원","17:30,  캡틴 아메리카: 시빌 워(디지털),  9,000원","20:25,  캡틴 아메리카: 시빌 워(디지털),  9,000원","23:20,  캡틴 아메리카: 시빌 워(디지털),  6,000원",,,,,105
2016-05-03,COMFORT 3관,"09:00,  날, 보러와요(디지털)","11:00,  캡틴 아메리카: 시빌 워(디지털),  7,000원","14:00,  캡틴 아메리카: 시빌 워(디지털)","16:55,  캡틴 아메리카: 시빌 워(디지털),  9,000원","19:50,  캡틴 아메리카: 시빌 워(디지털),  9,000원","22:45,  캡틴 아메리카: 시빌 워(디지털),  6,000원",,,,,99
2016-05-03,04관,"09:50,  위대한 소원(디지털),  6,000원","11:50,  해어화(디지털)","14:20,  위대한 소원(디지털)","16:30,  해어화(디지털)","19:00,  해어화(디지털),  9,000원","21:30,  해어화(디지털)","24:00,  날, 보러와요(디지털),  6,000원",,,,99
2016-05-03,05관,"10:30,  캡틴 아메리카: 시빌 워(디지털)","13:25,  캡틴 아메리카: 시빌 워(디지털)","16:20,  캡틴 아메리카: 시빌 워(디지털),  7,000원","19:15,  캡틴 아메리카: 시빌 워(디지털),  9,000원","22:10,  캡틴 아메리카: 시빌 워(디지털),  6,000원",,,,,,167
2016-05-03,06관,"10:00,  캡틴 아메리카: 시빌 워(디지털)","12:55,  캡틴 아메리카: 시빌 워(디지털),  7,000원","15:50,  캡틴 아메리카: 시빌 워(디지털),  9,000원","18:45,  캡틴 아메리카: 시빌 워(디지털),  9,000원","21:40,  캡틴 아메리카: 시빌 워(디지털),  9,000원",,,,,,155
2016-05-03,07관,"09:20,  캡틴 아메리카: 시빌 워(디지털)","12:15,  캡틴 아메리카: 시빌 워(디지털)","15:10,  캡틴 아메리카: 시빌 워(디지털),  9,000원","18:05,  캡틴 아메리카: 시빌 워(디지털),  9,000원","21:00,  캡틴 아메리카: 시빌 워(디지털),  9,000원","23:55,  캡틴 아메리카: 시빌 워(디지털),  6,000원",,,,,273
2016-05-04,01관,"10:00,  탐정 홍길동: 사라진 마을(디지털),  6,000원","12:35,  탐정 홍길동: 사라진 마을(디지털),  7,000원","15:10,  탐정 홍길동: 사라진 마을(디지털),  9,000원","17:45,  탐정 홍길동: 사라진 마을(디지털),  9,000원","20:30,  탐정 홍길동: 사라진 마을(디지털),  9,000원","23:10,  탐정 홍길동: 사라진 마을(디지털),  6,000원",,,,,167
2016-05-04,02관,"09:45,  주토피아(디지털더빙),  6,000원","12:00,  캡틴 아메리카: 시빌 워(디지털)","14:55,  캡틴 아메리카: 시빌 워(디지털),  9,000원","17:50,  캡틴 아메리카: 시빌 워(디지털),  7,000원","20:50,  캡틴 아메리카: 시빌 워(디지털),  9,000원","23:50,  캡틴 아메리카: 시빌 워(디지털),  6,000원",,,,,105
2016-05-04,COMFORT 3관,"09:50,  시간이탈자(디지털),  6,000원","12:05,  다이노X 탐험대(디지털)","13:40,  캡틴 아메리카: 시빌 워(디지털),  9,000원","16:35,  캡틴 아메리카: 시빌 워(디지털),  9,000원","19:35,  캡틴 아메리카: 시빌 워(디지털),  9,000원","22:30,  캡틴 아메리카: 시빌 워(디지털),  6,000원",,,,,99
2016-05-04,04관,"09:20,  매직브러시(디지털더빙)","11:10,  극장판 안녕 자두야(디지털),  7,000원","12:50,  매직브러시(디지털더빙)","14:40,  다이노X 탐험대(디지털)","16:20,  극장판 안녕 자두야(디지털),  9,000원","18:05,  매직브러시(디지털더빙),  9,000원","19:50,  시간이탈자(디지털),  9,000원","22:05,  시간이탈자(디지털),  6,000원","24:20,  시간이탈자(디지털),  6,000원",,99
2016-05-04,05관,"09:40,  다이노X 탐험대(디지털),  6,000원","11:20,  캡틴 아메리카: 시빌 워(디지털),  7,000원","14:15,  캡틴 아메리카: 시빌 워(디지털),  9,000원","17:10,  캡틴 아메리카: 시빌 워(디지털),  9,000원","20:05,  캡틴 아메리카: 시빌 워(디지털),  9,000원","23:10,  캡틴 아메리카: 시빌 워(디지털),  8,000원",,,,,167
2016-05-04,06관,"10:05,  캡틴 아메리카: 시빌 워(디지털)","13:10,  캡틴 아메리카: 시빌 워(디지털),  7,000원","16:10,  탐정 홍길동: 사라진 마을(디지털),  8,000원","19:00,  캡틴 아메리카: 시빌 워(디지털),  9,000원","21:55,  탐정 홍길동: 사라진 마을(디지털),  7,000원","24:30,  탐정 홍길동: 사라진 마을(디지털),  6,000원",,,,,155
2016-05-04,07관,"09:25,  캡틴 아메리카: 시빌 워(디지털),  6,000원","12:40,  캡틴 아메리카: 시빌 워(디지털)","15:35,  캡틴 아메리카: 시빌 워(디지털),  9,000원","18:30,  캡틴 아메리카: 시빌 워(디지털),  9,000원","21:25,  캡틴 아메리카: 시빌 워(디지털),  9,000원","24:25,  캡틴 아메리카: 시빌 워(디지털),  6,000원",,,,,273
2016-05-05,01관,"08:55,  매직브러시(디지털더빙),  6,000원","10:45,  매직브러시(디지털더빙)","12:35,  극장판 안녕 자두야(디지털),  9,000원","14:20,  매직브러시(디지털더빙)","16:20,  극장판 안녕 자두야(디지털),  10,000원","18:05,  탐정 홍길동: 사라진 마을(디지털),  10,000원","20:40,  탐정 홍길동: 사라진 마을(디지털),  10,000원","23:10,  탐정 홍길동: 사라진 마을(디지털),  6,000원",,,167
2016-05-05,02관,"08:40,  다이노X 탐험대(디지털),  6,000원","10:20,  캡틴 아메리카: 시빌 워(디지털),  9,000원","13:15,  캡틴 아메리카: 시빌 워(디지털),  9,000원","16:10,  캡틴 아메리카: 시빌 워(디지털),  10,000원","19:05,  캡틴 아메리카: 시빌 워(디지털),  10,000원","22:00,  캡틴 아메리카: 시빌 워(디지털),  6,000원",,,,,105
2016-05-05,COMFORT 3관,"08:45,  탐정 홍길동: 사라진 마을(디지털),  6,000원","11:20,  탐정 홍길동: 사라진 마을(디지털),  6,000원","13:50,  탐정 홍길동: 사라진 마을(디지털),  9,000원","16:35,  탐정 홍길동: 사라진 마을(디지털),  10,000원","19:10,  탐정 홍길동: 사라진 마을(디지털),  10,000원","21:45,  탐정 홍길동: 사라진 마을(디지털),  10,000원","24:20,  탐정 홍길동: 사라진 마을(디지털),  6,000원",,,,99
2016-05-05,04관,"08:25,  주토피아(디지털더빙),  6,000원","10:40,  극장판 안녕 자두야(디지털),  6,000원","12:25,  다이노X 탐험대(디지털),  9,000원","14:00,  캡틴 아메리카: 시빌 워(디지털),  10,000원","16:55,  캡틴 아메리카: 시빌 워(디지털),  10,000원","19:50,  캡틴 아메리카: 시빌 워(디지털),  10,000원","22:45,  캡틴 아메리카: 시빌 워(디지털),  6,000원",,,,99
2016-05-05,05관,"08:40,  캡틴 아메리카: 시빌 워(디지털)","11:35,  캡틴 아메리카: 시빌 워(디지털),  9,000원","14:30,  캡틴 아메리카: 시빌 워(디지털),  10,000원","17:25,  캡틴 아메리카: 시빌 워(디지털),  10,000원","20:20,  캡틴 아메리카: 시빌 워(디지털),  10,000원","23:15,  캡틴 아메리카: 시빌 워(디지털),  6,000원",,,,,167
2016-05-05,06관,"09:10,  캡틴 아메리카: 시빌 워(디지털),  6,000원","12:05,  캡틴 아메리카: 시빌 워(디지털),  9,000원","15:00,  캡틴 아메리카: 시빌 워(디지털),  10,000원","17:55,  캡틴 아메리카: 시빌 워(디지털),  10,000원","20:50,  캡틴 아메리카: 시빌 워(디지털),  10,000원","23:45,  캡틴 아메리카: 시빌 워(디지털),  6,000원",,,,,155
2016-05-05,07관,"09:50,  캡틴 아메리카: 시빌 워(디지털),  6,000원","12:45,  캡틴 아메리카: 시빌 워(디지털),  9,000원","15:40,  캡틴 아메리카: 시빌 워(디지털),  10,000원","18:35,  캡틴 아메리카: 시빌 워(디지털),  10,000원","21:30,  캡틴 아메리카: 시빌 워(디지털),  10,000원","24:30,  시간이탈자(디지털),  6,000원",,,,,273
2016-05-06,01관,"08:55,  매직브러시(디지털더빙)","10:45,  매직브러시(디지털더빙),  6,000원","12:35,  극장판 안녕 자두야(디지털),  8,000원","14:20,  매직브러시(디지털더빙),  10,000원","16:20,  극장판 안녕 자두야(디지털),  10,000원","18:05,  탐정 홍길동: 사라진 마을(디지털),  10,000원","20:40,  탐정 홍길동: 사라진 마을(디지털),  10,000원","23:10,  탐정 홍길동: 사라진 마을(디지털),  6,000원",,,167
2016-05-06,02관,"08:35,  다이노X 탐험대(디지털)","10:20,  캡틴 아메리카: 시빌 워(디지털),  8,000원","13:15,  캡틴 아메리카: 시빌 워(디지털),  8,000원","16:10,  캡틴 아메리카: 시빌 워(디지털),  10,000원","19:05,  캡틴 아메리카: 시빌 워(디지털),  10,000원","22:00,  캡틴 아메리카: 시빌 워(디지털),  6,000원",,,,,105
2016-05-06,COMFORT 3관,"08:45,  탐정 홍길동: 사라진 마을(디지털)","11:20,  탐정 홍길동: 사라진 마을(디지털),  9,000원","13:50,  탐정 홍길동: 사라진 마을(디지털),  9,000원","16:35,  탐정 홍길동: 사라진 마을(디지털),  10,000원","19:10,  탐정 홍길동: 사라진 마을(디지털),  10,000원","21:45,  탐정 홍길동: 사라진 마을(디지털),  10,000원","24:20,  탐정 홍길동: 사라진 마을(디지털),  6,000원",,,,99
2016-05-06,04관,"09:15,  극장판 안녕 자두야(디지털),  6,000원","11:00,  캡틴 아메리카: 시빌 워(디지털),  9,000원","14:00,  캡틴 아메리카: 시빌 워(디지털),  10,000원","16:55,  캡틴 아메리카: 시빌 워(디지털),  10,000원","19:50,  캡틴 아메리카: 시빌 워(디지털),  10,000원","22:45,  캡틴 아메리카: 시빌 워(디지털),  6,000원",,,,,99
2016-05-06,05관,"08:40,  캡틴 아메리카: 시빌 워(디지털),  6,000원","11:30,  캡틴 아메리카: 시빌 워(디지털),  9,000원","14:30,  캡틴 아메리카: 시빌 워(디지털),  10,000원","17:25,  캡틴 아메리카: 시빌 워(디지털),  10,000원","20:20,  캡틴 아메리카: 시빌 워(디지털),  10,000원","23:15,  캡틴 아메리카: 시빌 워(디지털),  6,000원",,,,,167
2016-05-06,06관,"09:10,  캡틴 아메리카: 시빌 워(디지털),  6,000원","12:05,  캡틴 아메리카: 시빌 워(디지털),  9,000원","15:00,  캡틴 아메리카: 시빌 워(디지털),  10,000원","17:55,  캡틴 아메리카: 시빌 워(디지털),  10,000원","20:50,  캡틴 아메리카: 시빌 워(디지털),  10,000원","23:45,  캡틴 아메리카: 시빌 워(디지털),  8,000원",,,,,155
2016-05-06,07관,"09:50,  캡틴 아메리카: 시빌 워(디지털),  6,000원","12:45,  캡틴 아메리카: 시빌 워(디지털),  9,000원","15:40,  캡틴 아메리카: 시빌 워(디지털),  10,000원","18:35,  캡틴 아메리카: 시빌 워(디지털),  10,000원","21:30,  캡틴 아메리카: 시빌 워(디지털),  10,000원","24:30,  시간이탈자(디지털),  6,000원",,,,,273
2016-05-07,01관,"08:55,  매직브러시(디지털더빙)","10:40,  매직브러시(디지털더빙),  9,000원","12:30,  극장판 안녕 자두야(디지털),  9,000원","14:15,  주토피아(디지털더빙),  10,000원","16:30,  극장판 안녕 자두야(디지털),  10,000원","18:10,  탐정 홍길동: 사라진 마을(디지털),  10,000원","20:45,  탐정 홍길동: 사라진 마을(디지털),  10,000원","23:20,  탐정 홍길동: 사라진 마을(디지털),  6,000원",,,167
2016-05-07,02관,"08:35,  다이노X 탐험대(디지털)","10:20,  캡틴 아메리카: 시빌 워(디지털),  8,000원","13:15,  캡틴 아메리카: 시빌 워(디지털),  9,000원","16:10,  캡틴 아메리카: 시빌 워(디지털),  10,000원","19:05,  캡틴 아메리카: 시빌 워(디지털),  10,000원","22:00,  캡틴 아메리카: 시빌 워(디지털),  6,000원",,,,,105
2016-05-07,COMFORT 3관,"08:45,  탐정 홍길동: 사라진 마을(디지털),  6,000원","11:20,  탐정 홍길동: 사라진 마을(디지털),  8,000원","13:50,  탐정 홍길동: 사라진 마을(디지털),  9,000원","16:35,  탐정 홍길동: 사라진 마을(디지털),  10,000원","19:10,  탐정 홍길동: 사라진 마을(디지털),  10,000원","21:45,  탐정 홍길동: 사라진 마을(디지털),  10,000원","24:20,  탐정 홍길동: 사라진 마을(디지털),  6,000원",,,,99
2016-05-07,04관,"09:15,  극장판 안녕 자두야(디지털)","11:00,  캡틴 아메리카: 시빌 워(디지털),  7,000원","14:00,  캡틴 아메리카: 시빌 워(디지털),  10,000원","16:55,  캡틴 아메리카: 시빌 워(디지털),  10,000원","19:50,  캡틴 아메리카: 시빌 워(디지털),  10,000원","22:45,  캡틴 아메리카: 시빌 워(디지털),  6,000원",,,,,99
2016-05-07,05관,"08:40,  캡틴 아메리카: 시빌 워(디지털),  6,000원","12:20,  탐정 홍길동: 사라진 마을(디지털),  8,000원","14:50,  탐정 홍길동: 사라진 마을(디지털),  10,000원","17:30,  시간이탈자(디지털),  10,000원","20:20,  캡틴 아메리카: 시빌 워(디지털),  10,000원","23:15,  캡틴 아메리카: 시빌 워(디지털),  6,000원",,,,,167
2016-05-07,06관,"09:10,  캡틴 아메리카: 시빌 워(디지털),  6,000원","12:05,  캡틴 아메리카: 시빌 워(디지털),  9,000원","15:00,  캡틴 아메리카: 시빌 워(디지털),  10,000원","17:55,  캡틴 아메리카: 시빌 워(디지털),  10,000원","20:50,  캡틴 아메리카: 시빌 워(디지털),  10,000원","23:45,  캡틴 아메리카: 시빌 워(디지털),  8,000원",,,,,155
2016-05-07,07관,"09:50,  캡틴 아메리카: 시빌 워(디지털),  6,000원","12:45,  캡틴 아메리카: 시빌 워(디지털),  9,000원","15:40,  캡틴 아메리카: 시빌 워(디지털),  10,000원","18:35,  캡틴 아메리카: 시빌 워(디지털),  10,000원","21:30,  캡틴 아메리카: 시빌 워(디지털),  10,000원","24:30,  시간이탈자(디지털),  6,000원",,,,,273
2016-05-08,01관,"08:55,  매직브러시(디지털더빙)","10:40,  매직브러시(디지털더빙)","12:30,  극장판 안녕 자두야(디지털),  9,000원","14:15,  주토피아(디지털더빙),  10,000원","16:30,  극장판 안녕 자두야(디지털),  8,000원","18:10,  탐정 홍길동: 사라진 마을(디지털),  10,000원","20:45,  탐정 홍길동: 사라진 마을(디지털),  10,000원","23:20,  탐정 홍길동: 사라진 마을(디지털),  6,000원",,,167
2016-05-08,02관,"08:35,  다이노X 탐험대(디지털),  6,000원","10:20,  캡틴 아메리카: 시빌 워(디지털),  8,000원","13:15,  캡틴 아메리카: 시빌 워(디지털),  9,000원","16:10,  캡틴 아메리카: 시빌 워(디지털),  10,000원","19:05,  캡틴 아메리카: 시빌 워(디지털),  10,000원","22:00,  캡틴 아메리카: 시빌 워(디지털),  6,000원",,,,,105
2016-05-08,COMFORT 3관,"08:45,  탐정 홍길동: 사라진 마을(디지털),  6,000원","11:20,  탐정 홍길동: 사라진 마을(디지털),  9,000원","13:50,  탐정 홍길동: 사라진 마을(디지털),  9,000원","16:35,  탐정 홍길동: 사라진 마을(디지털),  10,000원","19:10,  탐정 홍길동: 사라진 마을(디지털),  10,000원","21:45,  탐정 홍길동: 사라진 마을(디지털),  10,000원","24:20,  탐정 홍길동: 사라진 마을(디지털),  5,000원",,,,99
2016-05-08,04관,"09:15,  극장판 안녕 자두야(디지털),  6,000원","11:00,  캡틴 아메리카: 시빌 워(디지털),  9,000원","14:00,  캡틴 아메리카: 시빌 워(디지털),  10,000원","16:55,  캡틴 아메리카: 시빌 워(디지털),  10,000원","19:50,  캡틴 아메리카: 시빌 워(디지털),  10,000원","22:45,  캡틴 아메리카: 시빌 워(디지털),  6,000원",,,,,99
2016-05-08,05관,"08:40,  캡틴 아메리카: 시빌 워(디지털),  8,000원","12:20,  탐정 홍길동: 사라진 마을(디지털),  8,000원","14:50,  탐정 홍길동: 사라진 마을(디지털),  10,000원","17:30,  시간이탈자(디지털),  10,000원","20:20,  캡틴 아메리카: 시빌 워(디지털),  10,000원","23:15,  캡틴 아메리카: 시빌 워(디지털),  6,000원",,,,,167
2016-05-08,06관,"09:10,  캡틴 아메리카: 시빌 워(디지털),  6,000원","12:05,  캡틴 아메리카: 시빌 워(디지털),  8,000원","15:00,  캡틴 아메리카: 시빌 워(디지털),  10,000원","17:55,  캡틴 아메리카: 시빌 워(디지털),  10,000원","20:50,  캡틴 아메리카: 시빌 워(디지털),  10,000원","23:45,  캡틴 아메리카: 시빌 워(디지털),  6,000원",,,,,155
2016-05-08,07관,"09:50,  캡틴 아메리카: 시빌 워(디지털),  6,000원","12:45,  캡틴 아메리카: 시빌 워(디지털),  9,000원","15:40,  캡틴 아메리카: 시빌 워(디지털),  10,000원","18:35,  캡틴 아메리카: 시빌 워(디지털),  10,000원","21:30,  캡틴 아메리카: 시빌 워(디지털)","24:30,  시간이탈자(디지털),  6,000원",,,,,273
2016-05-09,01관,"09:05,  매직브러시(디지털더빙)","10:50,  극장판 안녕 자두야(디지털)","12:35,  매직브러시(디지털더빙)","14:25,  극장판 안녕 자두야(디지털)","16:10,  탐정 홍길동: 사라진 마을(디지털),  9,000원","18:45,  탐정 홍길동: 사라진 마을(디지털),  0원","21:20,  탐정 홍길동: 사라진 마을(디지털),  9,000원","23:55,  탐정 홍길동: 사라진 마을(디지털)",,,167
2016-05-09,02관,"09:20,  다이노X 탐험대(디지털)","11:15,  캡틴 아메리카: 시빌 워(디지털),  7,000원","14:10,  캡틴 아메리카: 시빌 워(디지털),  9,000원","17:05,  캡틴 아메리카: 시빌 워(디지털),  9,000원","20:00,  캡틴 아메리카: 시빌 워(디지털),  9,000원","22:55,  캡틴 아메리카: 시빌 워(디지털),  6,000원",,,,,105
2016-05-09,COMFORT 3관,"09:30,  탐정 홍길동: 사라진 마을(디지털)","12:05,  탐정 홍길동: 사라진 마을(디지털),  7,000원","14:40,  탐정 홍길동: 사라진 마을(디지털),  9,000원","17:20,  탐정 홍길동: 사라진 마을(디지털),  9,000원","19:55,  탐정 홍길동: 사라진 마을(디지털),  9,000원","22:40,  탐정 홍길동: 사라진 마을(디지털),  8,000원",,,,,99
2016-05-09,04관,"08:55,  극장판 안녕 자두야(디지털)","10:40,  캡틴 아메리카: 시빌 워(디지털)","13:35,  탐정 홍길동: 사라진 마을(디지털)","16:30,  캡틴 아메리카: 시빌 워(디지털),  0원","19:25,  캡틴 아메리카: 시빌 워(디지털),  9,000원","22:20,  캡틴 아메리카: 시빌 워(디지털),  6,000원",,,,,99
2016-05-09,05관,"09:00,  캡틴 아메리카: 시빌 워(디지털)","11:55,  캡틴 아메리카: 시빌 워(디지털),  7,000원","14:50,  캡틴 아메리카: 시빌 워(디지털)","17:45,  캡틴 아메리카: 시빌 워(디지털),  9,000원","20:40,  캡틴 아메리카: 시빌 워(디지털),  9,000원","23:35,  캡틴 아메리카: 시빌 워(디지털)",,,,,167
2016-05-09,06관,"09:35,  캡틴 아메리카: 시빌 워(디지털)","12:30,  캡틴 아메리카: 시빌 워(디지털),  5,000원","15:25,  캡틴 아메리카: 시빌 워(디지털),  6,000원","18:30,  시간이탈자(디지털),  9,000원","21:15,  캡틴 아메리카: 시빌 워(디지털)","24:10,  시간이탈자(디지털),  6,000원",,,,,155
2016-05-09,07관,"10:05,  캡틴 아메리카: 시빌 워(디지털),  6,000원","13:00,  캡틴 아메리카: 시빌 워(디지털),  7,000원","15:55,  캡틴 아메리카: 시빌 워(디지털),  9,000원","18:50,  캡틴 아메리카: 시빌 워(디지털),  9,000원","21:45,  캡틴 아메리카: 시빌 워(디지털),  7,000원",,,,,,273
2016-05-10,01관,"09:05,  매직브러시(디지털더빙)","10:50,  극장판 안녕 자두야(디지털)","12:35,  매직브러시(디지털더빙)","14:25,  극장판 안녕 자두야(디지털)","16:10,  탐정 홍길동: 사라진 마을(디지털),  9,000원","18:45,  탐정 홍길동: 사라진 마을(디지털),  9,000원","21:20,  탐정 홍길동: 사라진 마을(디지털),  9,000원","23:55,  탐정 홍길동: 사라진 마을(디지털),  6,000원",,,167
2016-05-10,02관,"09:20,  다이노X 탐험대(디지털)","11:15,  캡틴 아메리카: 시빌 워(디지털)","14:10,  캡틴 아메리카: 시빌 워(디지털),  9,000원","17:05,  캡틴 아메리카: 시빌 워(디지털),  9,000원","20:00,  캡틴 아메리카: 시빌 워(디지털),  9,000원","22:55,  캡틴 아메리카: 시빌 워(디지털)",,,,,105
2016-05-10,COMFORT 3관,"09:30,  탐정 홍길동: 사라진 마을(디지털)","12:05,  탐정 홍길동: 사라진 마을(디지털),  7,000원","14:40,  탐정 홍길동: 사라진 마을(디지털),  9,000원","17:20,  탐정 홍길동: 사라진 마을(디지털)","19:55,  탐정 홍길동: 사라진 마을(디지털),  9,000원","22:40,  탐정 홍길동: 사라진 마을(디지털),  6,000원",,,,,99
2016-05-10,04관,"08:55,  극장판 안녕 자두야(디지털)","10:40,  캡틴 아메리카: 시빌 워(디지털)","13:35,  탐정 홍길동: 사라진 마을(디지털),  7,000원","16:30,  캡틴 아메리카: 시빌 워(디지털),  9,000원","19:25,  캡틴 아메리카: 시빌 워(디지털),  9,000원","22:20,  캡틴 아메리카: 시빌 워(디지털)",,,,,99
2016-05-10,05관,"09:00,  캡틴 아메리카: 시빌 워(디지털),  6,000원","11:55,  캡틴 아메리카: 시빌 워(디지털)","14:50,  캡틴 아메리카: 시빌 워(디지털),  9,000원","17:45,  캡틴 아메리카: 시빌 워(디지털),  9,000원","20:40,  캡틴 아메리카: 시빌 워(디지털),  9,000원","23:35,  캡틴 아메리카: 시빌 워(디지털)",,,,,167
2016-05-10,06관,"09:35,  캡틴 아메리카: 시빌 워(디지털),  6,000원","12:30,  캡틴 아메리카: 시빌 워(디지털),  7,000원","15:25,  캡틴 아메리카: 시빌 워(디지털)","18:30,  시간이탈자(디지털),  7,000원","21:15,  캡틴 아메리카: 시빌 워(디지털),  7,000원","24:10,  시간이탈자(디지털)",,,,,155
2016-05-10,07관,"10:05,  캡틴 아메리카: 시빌 워(디지털)","13:00,  캡틴 아메리카: 시빌 워(디지털),  7,000원","15:55,  캡틴 아메리카: 시빌 워(디지털),  9,000원","18:50,  캡틴 아메리카: 시빌 워(디지털),  9,000원","21:45,  캡틴 아메리카: 시빌 워(디지털)",,,,,,273
2016-05-11,01관,"09:45,  매직브러시(디지털더빙)","11:35,  극장판 안녕 자두야(디지털)","13:20,  매직브러시(디지털더빙)","15:10,  극장판 안녕 자두야(디지털),  9,000원","17:00,  곡성(디지털),  9,000원","20:00,  곡성(디지털),  9,000원","23:00,  곡성(디지털),  6,000원",,,,167
2016-05-11,02관,"09:20,  다이노X 탐험대(디지털)","11:15,  캡틴 아메리카: 시빌 워(디지털),  6,000원","14:15,  캡틴 아메리카: 시빌 워(디지털),  9,000원","17:10,  다이버전트 시리즈: 얼리전트(디지털)","19:40,  다이버전트 시리즈: 얼리전트(디지털)","22:10,  다이버전트 시리즈: 얼리전트(디지털)","24:40,  다이버전트 시리즈: 얼리전트(디지털)",,,,105
2016-05-11,COMFORT 3관,"08:50,  탐정 홍길동: 사라진 마을(디지털)","11:20,  탐정 홍길동: 사라진 마을(디지털)","13:55,  탐정 홍길동: 사라진 마을(디지털),  7,000원","16:30,  탐정 홍길동: 사라진 마을(디지털),  9,000원","19:05,  탐정 홍길동: 사라진 마을(디지털),  9,000원","21:40,  탐정 홍길동: 사라진 마을(디지털),  6,000원","24:15,  탐정 홍길동: 사라진 마을(디지털),  6,000원",,,,99
2016-05-11,04관,"08:55,  극장판 안녕 자두야(디지털)","10:40,  캡틴 아메리카: 시빌 워(디지털)","13:40,  캡틴 아메리카: 시빌 워(디지털)","16:35,  캡틴 아메리카: 시빌 워(디지털),  9,000원","19:30,  캡틴 아메리카: 시빌 워(디지털),  9,000원","22:30,  캡틴 아메리카: 시빌 워(디지털),  8,000원",,,,,99
2016-05-11,05관,"09:00,  캡틴 아메리카: 시빌 워(디지털)","11:55,  캡틴 아메리카: 시빌 워(디지털)","14:50,  캡틴 아메리카: 시빌 워(디지털),  7,000원","18:00,  곡성(디지털),  9,000원","21:00,  곡성(디지털),  9,000원","24:00,  곡성(디지털),  6,000원",,,,,167
2016-05-11,06관,"09:35,  캡틴 아메리카: 시빌 워(디지털)","12:30,  캡틴 아메리카: 시빌 워(디지털)","15:25,  캡틴 아메리카: 시빌 워(디지털)","18:20,  캡틴 아메리카: 시빌 워(디지털),  9,000원","21:15,  캡틴 아메리카: 시빌 워(디지털),  9,000원","24:10,  시간이탈자(디지털),  6,000원",,,,,155
2016-05-11,07관,"10:05,  캡틴 아메리카: 시빌 워(디지털),  5,000원","13:05,  캡틴 아메리카: 시빌 워(디지털),  7,000원","16:00,  캡틴 아메리카: 시빌 워(디지털),  9,000원","19:00,  곡성(디지털),  9,000원","22:00,  곡성(디지털),  6,000원",,,,,,273
2016-05-12,01관,"09:00,  곡성(디지털),  6,000원","12:00,  곡성(디지털),  7,000원","15:00,  곡성(디지털),  9,000원","18:00,  곡성(디지털),  9,000원","21:10,  곡성(디지털),  9,000원","24:10,  탐정 홍길동: 사라진 마을(디지털)",,,,,167
2016-05-12,02관,"09:10,  다이버전트 시리즈: 얼리전트(디지털)","11:40,  다이버전트 시리즈: 얼리전트(디지털),  5,000원","14:10,  다이버전트 시리즈: 얼리전트(디지털),  7,000원","16:40,  다이버전트 시리즈: 얼리전트(디지털),  7,000원","19:10,  다이버전트 시리즈: 얼리전트(디지털),  9,000원","21:40,  다이버전트 시리즈: 얼리전트(디지털),  9,000원","24:20,  다이버전트 시리즈: 얼리전트(디지털),  6,000원",,,,105
2016-05-12,COMFORT 3관,"09:20,  캡틴 아메리카: 시빌 워(디지털)","12:15,  캡틴 아메리카: 시빌 워(디지털),  5,000원","15:10,  캡틴 아메리카: 시빌 워(디지털),  9,000원","18:05,  캡틴 아메리카: 시빌 워(디지털),  9,000원","21:00,  캡틴 아메리카: 시빌 워(디지털),  7,000원","23:50,  캡틴 아메리카: 시빌 워(디지털),  6,000원",,,,,99
2016-05-12,04관,"08:50,  탐정 홍길동: 사라진 마을(디지털)","11:25,  엽기적인 그녀 2(디지털)","13:30,  탐정 홍길동: 사라진 마을(디지털),  7,000원","16:05,  엽기적인 그녀 2(디지털)","18:10,  엽기적인 그녀 2(디지털),  9,000원","20:15,  엽기적인 그녀 2(디지털),  9,000원","22:20,  엽기적인 그녀 2(디지털),  6,000원","24:30,  엽기적인 그녀 2(디지털)",,,99
2016-05-12,05관,"10:00,  곡성(디지털),  6,000원","13:00,  곡성(디지털),  7,000원","16:00,  곡성(디지털),  9,000원","19:00,  곡성(디지털),  9,000원","22:00,  곡성(디지털),  6,000원",,,,,,167
2016-05-12,06관,"09:05,  극장판 안녕 자두야(디지털)","10:30,  곡성(디지털),  7,000원","13:30,  곡성(디지털),  7,000원","16:30,  곡성(디지털),  9,000원","19:30,  곡성(디지털),  9,000원","22:30,  곡성(디지털),  6,000원",,,,,155
2016-05-12,07관,"08:50,  엽기적인 그녀 2(디지털)","11:00,  곡성(디지털),  7,000원","14:00,  곡성(디지털),  9,000원","17:00,  곡성(디지털),  9,000원","20:00,  곡성(디지털),  9,000원","23:00,  곡성(디지털),  6,000원",,,,,273
2016-05-13,01관,"09:00,  곡성(디지털),  6,000원","12:00,  곡성(디지털),  9,000원","15:00,  곡성(디지털),  10,000원","18:00,  곡성(디지털),  10,000원","21:00,  곡성(디지털),  10,000원","24:00,  곡성(디지털),  6,000원",,,,,167
2016-05-13,02관,"09:20,  다이버전트 시리즈: 얼리전트(디지털)","11:50,  다이버전트 시리즈: 얼리전트(디지털)","14:20,  다이버전트 시리즈: 얼리전트(디지털),  10,000원","16:50,  다이버전트 시리즈: 얼리전트(디지털),  8,000원","19:20,  다이버전트 시리즈: 얼리전트(디지털),  8,000원","21:50,  다이버전트 시리즈: 얼리전트(디지털),  8,000원","24:20,  다이버전트 시리즈: 얼리전트(디지털),  6,000원",,,,105
2016-05-13,COMFORT 3관,"09:00,  캡틴 아메리카: 시빌 워(디지털),  6,000원","11:45,  캡틴 아메리카: 시빌 워(디지털),  9,000원","14:40,  캡틴 아메리카: 시빌 워(디지털),  10,000원","17:35,  캡틴 아메리카: 시빌 워(디지털),  10,000원","20:30,  곡성(디지털),  10,000원","23:30,  캡틴 아메리카: 시빌 워(디지털),  6,000원",,,,,99
2016-05-13,04관,"08:50,  탐정 홍길동: 사라진 마을(디지털)","11:25,  엽기적인 그녀 2(디지털)","13:30,  탐정 홍길동: 사라진 마을(디지털),  9,000원","16:05,  엽기적인 그녀 2(디지털),  10,000원","18:10,  엽기적인 그녀 2(디지털),  10,000원","20:15,  엽기적인 그녀 2(디지털)","22:20,  엽기적인 그녀 2(디지털)","24:35,  엽기적인 그녀 2(디지털)",,,99
2016-05-13,05관,"09:40,  곡성(디지털),  6,000원","12:40,  곡성(디지털),  9,000원","15:40,  곡성(디지털),  10,000원","18:40,  곡성(디지털),  10,000원","21:40,  곡성(디지털),  10,000원","24:40,  탐정 홍길동: 사라진 마을(디지털),  6,000원",,,,,167
2016-05-13,06관,"08:50,  극장판 안녕 자두야(디지털)","10:30,  곡성(디지털),  9,000원","13:25,  캡틴 아메리카: 시빌 워(디지털)","16:20,  캡틴 아메리카: 시빌 워(디지털)","19:15,  캡틴 아메리카: 시빌 워(디지털)","22:15,  캡틴 아메리카: 시빌 워(디지털)",,,,,155
2016-05-13,07관,"08:55,  엽기적인 그녀 2(디지털)","11:00,  곡성(디지털),  9,000원","14:00,  곡성(디지털),  10,000원","17:00,  곡성(디지털),  10,000원","20:00,  곡성(디지털),  10,000원","23:00,  곡성(디지털),  7,000원",,,,,273
2016-05-14,01관,"09:00,  곡성(디지털),  6,000원","12:00,  곡성(디지털),  9,000원","15:00,  곡성(디지털),  10,000원","18:00,  곡성(디지털),  10,000원","21:00,  곡성(디지털),  10,000원","24:00,  곡성(디지털),  6,000원",,,,,167
2016-05-14,02관,"09:20,  다이버전트 시리즈: 얼리전트(디지털),  6,000원","11:50,  다이버전트 시리즈: 얼리전트(디지털)","14:20,  다이버전트 시리즈: 얼리전트(디지털),  10,000원","16:50,  다이버전트 시리즈: 얼리전트(디지털),  10,000원","19:20,  다이버전트 시리즈: 얼리전트(디지털),  8,000원","21:50,  다이버전트 시리즈: 얼리전트(디지털),  10,000원","24:20,  다이버전트 시리즈: 얼리전트(디지털),  6,000원",,,,105
2016-05-14,COMFORT 3관,"08:55,  캡틴 아메리카: 시빌 워(디지털),  6,000원","11:40,  캡틴 아메리카: 시빌 워(디지털),  8,000원","14:35,  캡틴 아메리카: 시빌 워(디지털),  10,000원","17:30,  곡성(디지털),  10,000원","20:30,  곡성(디지털),  10,000원","23:30,  캡틴 아메리카: 시빌 워(디지털),  6,000원",,,,,99
2016-05-14,04관,"10:20,  탐정 홍길동: 사라진 마을(디지털),  5,000원","13:00,  엽기적인 그녀 2(디지털),  9,000원","15:15,  탐정 홍길동: 사라진 마을(디지털),  10,000원","17:50,  엽기적인 그녀 2(디지털),  10,000원","20:00,  탐정 홍길동: 사라진 마을(디지털),  10,000원","22:30,  엽기적인 그녀 2(디지털),  6,000원","24:50,  엽기적인 그녀 2(디지털),  6,000원",,,,99
2016-05-14,05관,"09:40,  곡성(디지털),  6,000원","12:40,  곡성(디지털),  9,000원","15:40,  곡성(디지털),  10,000원","18:40,  곡성(디지털),  10,000원","21:40,  곡성(디지털),  10,000원","24:40,  탐정 홍길동: 사라진 마을(디지털),  6,000원",,,,,167
2016-05-14,06관,,"10:30,  곡성(디지털),  9,000원","13:30,  곡성(디지털),  9,000원","16:30,  곡성(디지털),  10,000원","19:30,  곡성(디지털),  10,000원","22:30,  곡성(디지털),  8,000원",,,,,155
2016-05-14,07관,"08:50,  엽기적인 그녀 2(디지털)","11:00,  곡성(디지털),  9,000원","14:00,  곡성(디지털),  10,000원","17:00,  곡성(디지털),  10,000원","20:00,  곡성(디지털),  10,000원","23:00,  곡성(디지털),  8,000원",,,,,273
2016-05-15,01관,"09:00,  곡성(디지털),  6,000원","12:00,  곡성(디지털),  9,000원","15:00,  곡성(디지털),  10,000원","18:00,  곡성(디지털),  10,000원","21:00,  곡성(디지털),  10,000원","24:00,  곡성(디지털),  6,000원",,,,,167
2016-05-15,02관,"09:20,  다이버전트 시리즈: 얼리전트(디지털),  6,000원","11:50,  다이버전트 시리즈: 얼리전트(디지털)","14:20,  다이버전트 시리즈: 얼리전트(디지털),  10,000원","16:50,  다이버전트 시리즈: 얼리전트(디지털),  10,000원","19:20,  다이버전트 시리즈: 얼리전트(디지털),  10,000원","21:50,  다이버전트 시리즈: 얼리전트(디지털),  8,000원","24:20,  다이버전트 시리즈: 얼리전트(디지털),  6,000원",,,,105
2016-05-15,COMFORT 3관,"08:50,  캡틴 아메리카: 시빌 워(디지털),  6,000원","11:35,  캡틴 아메리카: 시빌 워(디지털),  9,000원","14:30,  곡성(디지털),  10,000원","17:30,  캡틴 아메리카: 시빌 워(디지털),  10,000원","20:30,  곡성(디지털),  10,000원","23:30,  캡틴 아메리카: 시빌 워(디지털),  6,000원",,,,,99
2016-05-15,04관,"08:50,  탐정 홍길동: 사라진 마을(디지털),  6,000원","11:25,  엽기적인 그녀 2(디지털),  9,000원","13:30,  탐정 홍길동: 사라진 마을(디지털),  9,000원","16:05,  엽기적인 그녀 2(디지털),  10,000원","18:10,  엽기적인 그녀 2(디지털),  8,000원","20:15,  탐정 홍길동: 사라진 마을(디지털),  10,000원",,,,,99
2016-05-15,05관,"09:40,  곡성(디지털),  6,000원","12:40,  곡성(디지털),  9,000원","15:40,  곡성(디지털),  10,000원","18:40,  곡성(디지털),  10,000원","21:40,  곡성(디지털),  10,000원","24:40,  탐정 홍길동: 사라진 마을(디지털)",,,,,167
2016-05-15,06관,"08:50,  극장판 안녕 자두야(디지털),  8,000원","10:30,  곡성(디지털),  9,000원","13:30,  곡성(디지털),  9,000원","16:30,  곡성(디지털),  10,000원","19:30,  곡성(디지털),  10,000원","22:30,  곡성(디지털),  6,000원",,,,,155
2016-05-15,07관,"08:50,  엽기적인 그녀 2(디지털)","11:00,  곡성(디지털),  9,000원","14:00,  곡성(디지털),  10,000원","17:00,  곡성(디지털),  10,000원","20:00,  곡성(디지털),  10,000원","23:00,  곡성(디지털),  6,000원",,,,,273
2016-05-16,01관,"09:00,  곡성(디지털),  6,000원","12:00,  곡성(디지털),  7,000원","15:00,  곡성(디지털),  9,000원","18:00,  곡성(디지털),  9,000원","21:10,  곡성(디지털),  9,000원","24:10,  탐정 홍길동: 사라진 마을(디지털),  5,000원",,,,,167
2016-05-16,02관,"09:10,  다이버전트 시리즈: 얼리전트(디지털)","11:40,  주토피아(디지털더빙),  7,000원","14:10,  다이버전트 시리즈: 얼리전트(디지털),  7,000원","16:40,  다이버전트 시리즈: 얼리전트(디지털),  9,000원","19:10,  다이버전트 시리즈: 얼리전트(디지털),  9,000원","21:40,  다이버전트 시리즈: 얼리전트(디지털),  9,000원","24:20,  다이버전트 시리즈: 얼리전트(디지털)",,,,105
2016-05-16,COMFORT 3관,"09:20,  캡틴 아메리카: 시빌 워(디지털),  6,000원","12:15,  캡틴 아메리카: 시빌 워(디지털)","15:10,  캡틴 아메리카: 시빌 워(디지털),  9,000원","18:05,  캡틴 아메리카: 시빌 워(디지털),  9,000원","21:00,  캡틴 아메리카: 시빌 워(디지털),  9,000원","23:50,  캡틴 아메리카: 시빌 워(디지털),  6,000원",,,,,99
2016-05-16,04관,"08:50,  탐정 홍길동: 사라진 마을(디지털)","11:20,  엽기적인 그녀 2(디지털),  5,000원","13:25,  탐정 홍길동: 사라진 마을(디지털),  7,000원","15:55,  엽기적인 그녀 2(디지털),  9,000원","18:00,  엽기적인 그녀 2(디지털),  9,000원","20:05,  탐정 홍길동: 사라진 마을(디지털),  9,000원","22:35,  엽기적인 그녀 2(디지털)","24:40,  엽기적인 그녀 2(디지털),  6,000원",,,99
2016-05-16,05관,"10:00,  곡성(디지털),  6,000원","13:00,  곡성(디지털),  7,000원","16:00,  곡성(디지털),  9,000원","19:00,  곡성(디지털),  9,000원","22:00,  곡성(디지털),  6,000원",,,,,,167
2016-05-16,06관,"08:50,  극장판 안녕 자두야(디지털)","10:30,  곡성(디지털),  5,000원","13:30,  곡성(디지털),  7,000원","16:30,  곡성(디지털),  9,000원","19:30,  곡성(디지털),  9,000원","22:30,  곡성(디지털),  6,000원",,,,,155
2016-05-16,07관,"08:50,  엽기적인 그녀 2(디지털)","11:00,  곡성(디지털),  7,000원","14:00,  곡성(디지털),  9,000원","17:00,  곡성(디지털),  9,000원","20:00,  곡성(디지털),  9,000원","23:00,  곡성(디지털),  6,000원",,,,,273
2016-05-17,01관,"09:00,  곡성(디지털),  6,000원","12:00,  곡성(디지털),  5,000원","15:00,  곡성(디지털),  9,000원","18:00,  곡성(디지털),  9,000원","21:10,  곡성(디지털),  9,000원","24:10,  탐정 홍길동: 사라진 마을(디지털)",,,,,167
2016-05-17,02관,"09:10,  다이버전트 시리즈: 얼리전트(디지털)","11:40,  주토피아(디지털더빙),  5,000원","14:10,  다이버전트 시리즈: 얼리전트(디지털),  6,000원","16:40,  다이버전트 시리즈: 얼리전트(디지털),  9,000원","19:10,  다이버전트 시리즈: 얼리전트(디지털),  9,000원","21:40,  다이버전트 시리즈: 얼리전트(디지털),  6,000원","24:20,  다이버전트 시리즈: 얼리전트(디지털)",,,,105
2016-05-17,COMFORT 3관,"09:20,  캡틴 아메리카: 시빌 워(디지털),  6,000원","12:15,  캡틴 아메리카: 시빌 워(디지털),  7,000원","15:10,  캡틴 아메리카: 시빌 워(디지털)","18:05,  캡틴 아메리카: 시빌 워(디지털),  9,000원","21:00,  캡틴 아메리카: 시빌 워(디지털),  9,000원","23:50,  캡틴 아메리카: 시빌 워(디지털),  6,000원",,,,,99
2016-05-17,04관,"08:50,  탐정 홍길동: 사라진 마을(디지털)","11:20,  엽기적인 그녀 2(디지털)","13:25,  탐정 홍길동: 사라진 마을(디지털),  7,000원","15:55,  엽기적인 그녀 2(디지털),  6,000원","18:00,  엽기적인 그녀 2(디지털),  9,000원","20:05,  탐정 홍길동: 사라진 마을(디지털),  9,000원","22:35,  엽기적인 그녀 2(디지털),  6,000원","24:40,  엽기적인 그녀 2(디지털)",,,99
2016-05-17,05관,"10:00,  곡성(디지털),  6,000원","13:00,  곡성(디지털),  7,000원","16:00,  곡성(디지털),  9,000원","19:00,  곡성(디지털),  9,000원","22:00,  곡성(디지털),  6,000원",,,,,,167
2016-05-17,06관,"08:50,  극장판 안녕 자두야(디지털)","10:30,  곡성(디지털),  5,000원","13:30,  곡성(디지털),  7,000원","16:30,  곡성(디지털),  9,000원","19:30,  곡성(디지털),  9,000원","22:30,  곡성(디지털),  6,000원",,,,,155
2016-05-17,07관,"08:50,  엽기적인 그녀 2(디지털)","11:00,  곡성(디지털)","14:00,  곡성(디지털),  9,000원","17:00,  곡성(디지털),  9,000원","20:00,  곡성(디지털),  9,000원","23:00,  곡성(디지털),  6,000원",,,,,273
2016-05-18,01관,"09:00,  곡성(디지털),  6,000원","12:00,  곡성(디지털),  7,000원","15:00,  곡성(디지털),  9,000원","18:00,  곡성(디지털),  9,000원","21:10,  곡성(디지털),  9,000원","24:10,  탐정 홍길동: 사라진 마을(디지털),  6,000원",,,,,167
2016-05-18,02관,"09:10,  다이버전트 시리즈: 얼리전트(디지털)","11:40,  주토피아(디지털더빙),  7,000원","14:10,  다이버전트 시리즈: 얼리전트(디지털),  9,000원","16:40,  다이버전트 시리즈: 얼리전트(디지털)","19:10,  다이버전트 시리즈: 얼리전트(디지털),  7,000원","21:40,  다이버전트 시리즈: 얼리전트(디지털),  9,000원","24:20,  다이버전트 시리즈: 얼리전트(디지털),  6,000원",,,,105
2016-05-18,COMFORT 3관,"09:20,  캡틴 아메리카: 시빌 워(디지털),  6,000원","12:15,  캡틴 아메리카: 시빌 워(디지털),  7,000원","15:10,  캡틴 아메리카: 시빌 워(디지털),  9,000원","18:05,  캡틴 아메리카: 시빌 워(디지털),  9,000원","21:00,  캡틴 아메리카: 시빌 워(디지털),  9,000원","23:50,  캡틴 아메리카: 시빌 워(디지털),  6,000원",,,,,99
2016-05-18,04관,"08:50,  탐정 홍길동: 사라진 마을(디지털)","11:20,  엽기적인 그녀 2(디지털),  5,000원","13:25,  탐정 홍길동: 사라진 마을(디지털),  7,000원","15:55,  엽기적인 그녀 2(디지털)","18:00,  엽기적인 그녀 2(디지털),  6,000원","20:05,  탐정 홍길동: 사라진 마을(디지털),  9,000원","22:35,  엽기적인 그녀 2(디지털),  6,000원","24:40,  엽기적인 그녀 2(디지털)",,,99
2016-05-18,05관,"10:00,  곡성(디지털),  6,000원","13:00,  곡성(디지털),  7,000원","16:00,  곡성(디지털),  9,000원","19:00,  곡성(디지털),  9,000원","22:00,  곡성(디지털),  8,000원",,,,,,167
2016-05-18,06관,"08:50,  극장판 안녕 자두야(디지털)","10:30,  곡성(디지털),  7,000원","13:30,  곡성(디지털),  6,000원","16:30,  곡성(디지털),  9,000원","19:30,  곡성(디지털),  9,000원","22:30,  곡성(디지털),  6,000원",,,,,155
2016-05-18,07관,"08:50,  엽기적인 그녀 2(디지털)","11:00,  곡성(디지털),  5,000원","14:00,  곡성(디지털),  9,000원","17:00,  곡성(디지털),  9,000원","20:00,  곡성(디지털),  9,000원","23:00,  곡성(디지털),  6,000원",,,,,273
2016-05-19,01관,"09:10,  계춘할망(디지털),  6,000원","11:45,  계춘할망(디지털),  5,000원","14:10,  계춘할망(디지털),  6,000원","16:40,  계춘할망(디지털),  7,000원","19:10,  계춘할망(디지털),  9,000원","21:35,  계춘할망(디지털),  9,000원","24:10,  계춘할망(디지털),  8,000원",,,,167
2016-05-19,02관,"09:25,  앵그리버드 더 무비(디지털더빙),  6,000원","11:30,  캡틴 아메리카: 시빌 워(디지털),  7,000원","14:30,  앵그리버드 더 무비(디지털),  6,000원","16:30,  곡성(디지털),  9,000원","19:30,  곡성(디지털),  9,000원","22:40,  캡틴 아메리카: 시빌 워(디지털),  6,000원",,,,,105
2016-05-19,COMFORT 3관,"09:20,  하드코어 헨리(디지털),  6,000원","11:20,  하드코어 헨리(디지털),  7,000원","13:35,  하드코어 헨리(디지털),  7,000원","15:40,  하드코어 헨리(디지털),  9,000원","17:55,  하드코어 헨리(디지털),  9,000원","20:05,  싱 스트리트(디지털),  9,000원","22:20,  하드코어 헨리(디지털),  6,000원","24:30,  하드코어 헨리(디지털),  6,000원",,,99
2016-05-19,04관,"09:40,  싱 스트리트(디지털),  6,000원","11:55,  싱 스트리트(디지털),  7,000원","14:20,  싱 스트리트(디지털),  9,000원","16:35,  앵그리버드 더 무비(디지털),  9,000원","18:50,  동급생(디지털),  9,000원","20:20,  동급생(디지털),  9,000원","21:50,  싱 스트리트(디지털),  9,000원","24:20,  싱 스트리트(디지털)",,,99
2016-05-19,05관,"09:30,  동급생(디지털),  6,000원","11:00,  곡성(디지털),  7,000원","14:00,  곡성(디지털),  6,000원","17:00,  곡성(디지털),  9,000원","20:00,  곡성(디지털),  9,000원","23:00,  곡성(디지털),  6,000원",,,,,167
2016-05-19,06관,"09:00,  곡성(디지털),  6,000원","12:00,  곡성(디지털),  7,000원","15:00,  곡성(디지털),  9,000원","18:00,  곡성(디지털),  9,000원","21:00,  곡성(디지털),  9,000원","24:00,  곡성(디지털),  6,000원",,,,,155
2016-05-19,07관,"10:00,  곡성(디지털),  6,000원","13:00,  곡성(디지털),  7,000원","16:00,  곡성(디지털),  9,000원","19:00,  곡성(디지털),  9,000원","22:00,  곡성(디지털),  6,000원",,,,,,273
2016-05-20,01관,"09:10,  계춘할망(디지털),  6,000원","11:45,  계춘할망(디지털),  7,000원","14:10,  계춘할망(디지털),  10,000원","16:40,  계춘할망(디지털),  10,000원","19:10,  계춘할망(디지털),  10,000원","21:35,  계춘할망(디지털),  10,000원","24:10,  계춘할망(디지털),  6,000원",,,,167
2016-05-20,02관,"09:25,  앵그리버드 더 무비(디지털더빙)","11:30,  캡틴 아메리카: 시빌 워(디지털),  9,000원","14:30,  앵그리버드 더 무비(디지털),  10,000원","16:30,  곡성(디지털),  10,000원","19:30,  곡성(디지털),  10,000원","22:30,  곡성(디지털),  6,000원",,,,,105
2016-05-20,COMFORT 3관,"09:05,  하드코어 헨리(디지털),  6,000원","11:20,  하드코어 헨리(디지털),  9,000원","13:35,  하드코어 헨리(디지털),  9,000원","15:40,  하드코어 헨리(디지털),  10,000원","17:55,  하드코어 헨리(디지털),  10,000원","20:10,  앵그리버드 더 무비(디지털),  10,000원","22:20,  하드코어 헨리(디지털),  6,000원","24:30,  하드코어 헨리(디지털),  6,000원",,,99
2016-05-20,04관,"09:40,  싱 스트리트(디지털),  6,000원","11:55,  싱 스트리트(디지털),  7,000원","14:20,  싱 스트리트(디지털),  10,000원","16:35,  앵그리버드 더 무비(디지털),  8,000원","18:50,  동급생(디지털),  10,000원","20:20,  동급생(디지털),  10,000원","21:50,  싱 스트리트(디지털),  10,000원","24:20,  싱 스트리트(디지털),  6,000원",,,99
2016-05-20,05관,"09:30,  동급생(디지털),  6,000원","11:00,  곡성(디지털),  9,000원","14:00,  곡성(디지털),  10,000원","17:00,  곡성(디지털),  10,000원","20:00,  곡성(디지털),  10,000원","23:00,  곡성(디지털),  6,000원",,,,,167
2016-05-20,06관,"09:00,  곡성(디지털),  5,000원","12:00,  곡성(디지털),  9,000원","15:00,  곡성(디지털),  10,000원","18:00,  곡성(디지털),  10,000원","21:00,  곡성(디지털),  10,000원","24:00,  곡성(디지털),  6,000원",,,,,155
2016-05-20,07관,"10:00,  곡성(디지털),  6,000원","13:00,  곡성(디지털),  9,000원","16:00,  곡성(디지털),  10,000원","19:00,  곡성(디지털),  10,000원","22:00,  곡성(디지털),  8,000원",,,,,,273
2016-05-21,01관,"09:00,  곡성(디지털),  6,000원","12:00,  곡성(디지털),  8,000원","15:00,  곡성(디지털),  10,000원","18:00,  곡성(디지털),  10,000원","21:00,  곡성(디지털),  10,000원","24:00,  곡성(디지털),  6,000원",,,,,167
2016-05-21,02관,"09:30,  싱 스트리트(디지털),  6,000원","11:50,  앵그리버드 더 무비(디지털더빙),  9,000원","13:50,  앵그리버드 더 무비(디지털),  9,000원","16:00,  동급생(디지털),  10,000원","17:40,  앵그리버드 더 무비(디지털),  10,000원","19:50,  하드코어 헨리(디지털),  10,000원","21:55,  하드코어 헨리(디지털),  6,000원","24:15,  하드코어 헨리(디지털),  6,000원",,,105
2016-05-21,COMFORT 3관,"10:00,  계춘할망(디지털),  8,000원","12:20,  계춘할망(디지털),  7,000원","14:50,  계춘할망(디지털),  10,000원","17:15,  계춘할망(디지털),  10,000원","19:40,  계춘할망(디지털),  10,000원","22:05,  계춘할망(디지털),  6,000원","24:30,  계춘할망(디지털),  6,000원",,,,99
2016-05-21,04관,"09:40,  하드코어 헨리(디지털),  6,000원","11:40,  싱 스트리트(디지털)","14:00,  캡틴 아메리카: 시빌 워(디지털),  10,000원","16:55,  싱 스트리트(디지털),  10,000원","19:10,  싱 스트리트(디지털),  10,000원","21:25,  싱 스트리트(디지털),  10,000원","23:40,  싱 스트리트(디지털),  6,000원",,,,99
2016-05-21,05관,"09:50,  곡성(디지털),  6,000원","12:50,  곡성(디지털),  9,000원","15:50,  곡성(디지털),  10,000원","18:50,  곡성(디지털),  10,000원","21:50,  곡성(디지털),  10,000원",,,,,,167
2016-05-21,06관,"09:05,  동급생(디지털),  6,000원","10:30,  곡성(디지털),  8,000원","13:30,  곡성(디지털),  9,000원","16:30,  곡성(디지털),  10,000원","19:30,  곡성(디지털),  10,000원","22:30,  곡성(디지털),  6,000원",,,,,155
2016-05-21,07관,"09:20,  앵그리버드 더 무비(디지털더빙)","11:20,  곡성(디지털),  9,000원","14:20,  곡성(디지털),  10,000원","17:20,  곡성(디지털),  10,000원","20:20,  곡성(디지털),  10,000원","23:20,  곡성(디지털),  6,000원",,,,,273
2016-05-22,01관,"09:00,  곡성(디지털),  6,000원","12:00,  곡성(디지털),  9,000원","15:00,  곡성(디지털),  10,000원","18:00,  곡성(디지털),  10,000원","21:00,  곡성(디지털),  10,000원","24:00,  곡성(디지털),  6,000원",,,,,167
2016-05-22,02관,"09:30,  싱 스트리트(디지털),  6,000원","11:50,  앵그리버드 더 무비(디지털더빙),  9,000원","13:50,  앵그리버드 더 무비(디지털),  9,000원","16:00,  동급생(디지털),  10,000원","17:40,  앵그리버드 더 무비(디지털),  10,000원","19:50,  하드코어 헨리(디지털),  10,000원","21:55,  하드코어 헨리(디지털),  6,000원","24:15,  하드코어 헨리(디지털),  6,000원",,,105
2016-05-22,COMFORT 3관,"10:00,  계춘할망(디지털),  6,000원","12:20,  계춘할망(디지털),  8,000원","14:50,  계춘할망(디지털),  10,000원","17:15,  계춘할망(디지털),  10,000원","19:40,  계춘할망(디지털),  10,000원","22:05,  계춘할망(디지털),  6,000원","24:30,  계춘할망(디지털),  6,000원",,,,99
2016-05-22,04관,"09:40,  하드코어 헨리(디지털),  6,000원","11:40,  싱 스트리트(디지털),  6,000원","14:00,  캡틴 아메리카: 시빌 워(디지털),  10,000원","16:55,  싱 스트리트(디지털),  10,000원","19:10,  싱 스트리트(디지털),  10,000원","21:25,  싱 스트리트(디지털),  10,000원","23:40,  싱 스트리트(디지털),  6,000원",,,,99
2016-05-22,05관,"09:50,  곡성(디지털),  6,000원","12:50,  곡성(디지털),  9,000원","15:50,  곡성(디지털),  10,000원","18:50,  곡성(디지털),  10,000원","21:50,  곡성(디지털),  10,000원",,,,,,167
2016-05-22,06관,"09:05,  동급생(디지털),  6,000원","10:30,  곡성(디지털),  9,000원","13:30,  곡성(디지털),  9,000원","16:30,  곡성(디지털),  10,000원","19:30,  곡성(디지털),  10,000원","22:30,  곡성(디지털),  6,000원",,,,,155
2016-05-22,07관,"09:20,  앵그리버드 더 무비(디지털더빙)","11:20,  곡성(디지털),  9,000원","14:20,  곡성(디지털),  10,000원","17:20,  곡성(디지털),  10,000원","20:20,  곡성(디지털),  10,000원","23:20,  곡성(디지털),  6,000원",,,,,273
2016-05-23,01관,"09:00,  곡성(디지털),  6,000원","12:00,  곡성(디지털),  8,000원","15:00,  곡성(디지털),  9,000원","18:00,  곡성(디지털),  9,000원","21:00,  곡성(디지털),  9,000원","24:00,  곡성(디지털),  6,000원",,,,,167
2016-05-23,02관,"09:40,  싱 스트리트(디지털),  6,000원","12:05,  앵그리버드 더 무비(디지털더빙),  5,000원","14:10,  앵그리버드 더 무비(디지털),  9,000원","16:20,  앵그리버드 더 무비(디지털),  9,000원","18:20,  동급생(디지털),  9,000원","19:50,  앵그리버드 더 무비(디지털),  9,000원","22:10,  하드코어 헨리(디지털)","24:10,  하드코어 헨리(디지털),  6,000원",,,105
2016-05-23,COMFORT 3관,"10:10,  계춘할망(디지털),  5,000원","12:30,  계춘할망(디지털),  5,000원","14:50,  계춘할망(디지털),  9,000원","17:10,  계춘할망(디지털),  9,000원","19:40,  계춘할망(디지털),  9,000원","22:00,  계춘할망(디지털),  6,000원","24:20,  계춘할망(디지털)",,,,99
2016-05-23,04관,"09:30,  하드코어 헨리(디지털)","11:30,  싱 스트리트(디지털),  8,000원","13:45,  하드코어 헨리(디지털),  7,000원","15:50,  싱 스트리트(디지털),  9,000원","18:05,  하드코어 헨리(디지털),  9,000원","20:10,  하드코어 헨리(디지털),  6,000원","22:20,  싱 스트리트(디지털),  6,000원","24:30,  싱 스트리트(디지털),  6,000원",,,99
2016-05-23,05관,"09:50,  곡성(디지털),  6,000원","12:50,  곡성(디지털),  7,000원","15:50,  곡성(디지털),  9,000원","18:50,  곡성(디지털),  9,000원","21:50,  곡성(디지털),  9,000원",,,,,,167
2016-05-23,06관,"09:05,  동급생(디지털),  6,000원","10:30,  곡성(디지털),  8,000원","13:30,  곡성(디지털),  7,000원","16:30,  곡성(디지털),  9,000원","19:30,  곡성(디지털),  9,000원","22:30,  곡성(디지털),  6,000원",,,,,155
2016-05-23,07관,"09:20,  앵그리버드 더 무비(디지털더빙)","11:20,  곡성(디지털),  5,000원","14:20,  곡성(디지털),  9,000원","17:20,  곡성(디지털),  9,000원","20:20,  곡성(디지털),  9,000원","23:20,  곡성(디지털),  6,000원",,,,,273
2016-05-24,01관,"09:00,  곡성(디지털),  6,000원","12:00,  곡성(디지털),  7,000원","15:00,  곡성(디지털),  9,000원","18:00,  곡성(디지털),  9,000원","21:00,  곡성(디지털),  9,000원","24:00,  곡성(디지털)",,,,,167
2016-05-24,02관,"09:40,  싱 스트리트(디지털),  6,000원","12:05,  앵그리버드 더 무비(디지털더빙),  7,000원","14:10,  앵그리버드 더 무비(디지털)","16:20,  앵그리버드 더 무비(디지털),  6,000원","18:20,  동급생(디지털),  9,000원","19:50,  앵그리버드 더 무비(디지털),  9,000원","22:10,  하드코어 헨리(디지털),  6,000원","24:10,  하드코어 헨리(디지털),  6,000원",,,105
2016-05-24,COMFORT 3관,"10:10,  계춘할망(디지털),  6,000원","12:30,  계춘할망(디지털),  7,000원","14:50,  계춘할망(디지털),  8,000원","17:10,  계춘할망(디지털),  9,000원","19:40,  계춘할망(디지털),  9,000원","22:00,  계춘할망(디지털),  6,000원","24:20,  계춘할망(디지털)",,,,99
2016-05-24,04관,"09:30,  하드코어 헨리(디지털),  6,000원","11:30,  싱 스트리트(디지털),  7,000원","13:45,  하드코어 헨리(디지털),  6,000원","15:50,  싱 스트리트(디지털),  9,000원","18:05,  하드코어 헨리(디지털),  9,000원","20:10,  하드코어 헨리(디지털),  9,000원","22:20,  싱 스트리트(디지털),  6,000원","24:30,  싱 스트리트(디지털),  6,000원",,,99
2016-05-24,05관,"09:50,  곡성(디지털),  6,000원","12:50,  곡성(디지털),  7,000원","15:50,  곡성(디지털),  9,000원","18:50,  곡성(디지털),  9,000원","21:50,  곡성(디지털),  9,000원",,,,,,167
2016-05-24,06관,"09:05,  동급생(디지털),  6,000원","10:30,  곡성(디지털),  7,000원","13:30,  곡성(디지털),  7,000원","16:30,  곡성(디지털),  9,000원","19:30,  곡성(디지털),  9,000원","22:30,  곡성(디지털),  6,000원",,,,,155
2016-05-24,07관,"09:20,  앵그리버드 더 무비(디지털더빙)","11:20,  곡성(디지털),  7,000원","14:20,  곡성(디지털),  9,000원","17:20,  곡성(디지털),  9,000원","20:20,  곡성(디지털),  9,000원","23:20,  곡성(디지털),  6,000원",,,,,273
2016-05-25,01관,"09:30,  동급생(디지털),  6,000원","11:00,  엑스맨: 아포칼립스(디지털),  7,000원","13:50,  엑스맨: 아포칼립스(디지털),  7,000원","16:40,  엑스맨: 아포칼립스(디지털),  9,000원","19:30,  엑스맨: 아포칼립스(디지털),  9,000원","22:20,  엑스맨: 아포칼립스(디지털),  6,000원",,,,,167
2016-05-25,02관,"09:00,  곡성(디지털)","12:00,  곡성(디지털),  7,000원","15:00,  곡성(디지털),  9,000원","18:05,  곡성(디지털),  5,000원","21:10,  곡성(디지털),  9,000원","24:15,  곡성(디지털),  6,000원",,,,,105
2016-05-25,COMFORT 3관,"09:50,  오베라는 남자(디지털),  6,000원","12:20,  엑스맨: 아포칼립스(디지털),  7,000원","15:10,  엑스맨: 아포칼립스(디지털),  9,000원","18:00,  엑스맨: 아포칼립스(디지털),  5,000원","20:50,  엑스맨: 아포칼립스(디지털),  9,000원","23:40,  엑스맨: 아포칼립스(디지털),  6,000원",,,,,99
2016-05-25,04관,"09:40,  미라클 프롬 헤븐(디지털)","11:55,  미라클 프롬 헤븐(디지털),  7,000원","14:10,  동급생(디지털),  9,000원","15:40,  미라클 프롬 헤븐(디지털)","17:55,  동급생(디지털),  9,000원","19:20,  계춘할망(디지털),  7,000원","21:40,  오베라는 남자(디지털),  9,000원","24:00,  계춘할망(디지털),  6,000원",,,99
2016-05-25,05관,"08:50,  엑스맨: 아포칼립스(디지털),  6,000원","11:40,  엑스맨: 아포칼립스(디지털),  6,000원","14:30,  엑스맨: 아포칼립스(디지털),  9,000원","17:20,  엑스맨: 아포칼립스(디지털),  5,000원","20:10,  엑스맨: 아포칼립스(디지털),  9,000원","23:00,  엑스맨: 아포칼립스(디지털),  6,000원",,,,,167
2016-05-25,06관,"10:20,  곡성(디지털),  6,000원","13:25,  곡성(디지털),  7,000원","16:30,  곡성(디지털),  9,000원","19:35,  곡성(디지털),  6,000원","22:40,  곡성(디지털),  6,000원",,,,,,155
2016-05-25,07관,"10:00,  엑스맨: 아포칼립스(디지털),  6,000원","13:00,  엑스맨: 아포칼립스(디지털),  7,000원","15:50,  엑스맨: 아포칼립스(디지털),  9,000원","18:40,  엑스맨: 아포칼립스(디지털),  9,000원","21:30,  엑스맨: 아포칼립스(디지털),  9,000원","24:20,  엑스맨: 아포칼립스(디지털),  6,000원",,,,,273
2016-05-26,01관,"09:30,  동급생(디지털),  6,000원","11:00,  엑스맨: 아포칼립스(디지털),  6,000원","13:50,  엑스맨: 아포칼립스(디지털),  7,000원","16:40,  엑스맨: 아포칼립스(디지털),  9,000원","19:30,  엑스맨: 아포칼립스(디지털),  9,000원","22:20,  엑스맨: 아포칼립스(디지털),  6,000원",,,,,167
2016-05-26,02관,"09:00,  곡성(디지털),  6,000원","12:00,  곡성(디지털),  7,000원","15:00,  곡성(디지털),  9,000원","18:05,  곡성(디지털),  9,000원","21:10,  곡성(디지털),  9,000원","24:15,  곡성(디지털),  6,000원",,,,,105
2016-05-26,COMFORT 3관,"09:50,  오베라는 남자(디지털),  5,000원","12:20,  엑스맨: 아포칼립스(디지털),  6,000원","15:10,  엑스맨: 아포칼립스(디지털),  9,000원","18:00,  엑스맨: 아포칼립스(디지털),  9,000원","20:50,  엑스맨: 아포칼립스(디지털),  9,000원","23:40,  엑스맨: 아포칼립스(디지털),  6,000원",,,,,99
2016-05-26,04관,"09:40,  미라클 프롬 헤븐(디지털),  6,000원","11:55,  미라클 프롬 헤븐(디지털),  7,000원","14:10,  동급생(디지털),  5,000원","15:40,  미라클 프롬 헤븐(디지털),  6,000원","17:55,  동급생(디지털),  9,000원","19:20,  계춘할망(디지털),  7,000원","21:40,  오베라는 남자(디지털),  9,000원","24:00,  계춘할망(디지털),  6,000원",,,99
2016-05-26,05관,"08:50,  엑스맨: 아포칼립스(디지털),  6,000원","11:40,  엑스맨: 아포칼립스(디지털),  7,000원","14:30,  엑스맨: 아포칼립스(디지털),  9,000원","17:20,  엑스맨: 아포칼립스(디지털),  7,000원","20:10,  엑스맨: 아포칼립스(디지털),  9,000원","23:00,  엑스맨: 아포칼립스(디지털),  6,000원",,,,,167
2016-05-26,06관,"10:20,  곡성(디지털),  6,000원","13:25,  곡성(디지털),  7,000원","16:30,  곡성(디지털),  9,000원","19:35,  곡성(디지털),  9,000원","22:40,  곡성(디지털),  6,000원",,,,,,155
2016-05-26,07관,"10:00,  엑스맨: 아포칼립스(디지털),  6,000원","13:00,  엑스맨: 아포칼립스(디지털),  7,000원","15:50,  엑스맨: 아포칼립스(디지털)","18:40,  엑스맨: 아포칼립스(디지털),  9,000원","21:30,  엑스맨: 아포칼립스(디지털),  9,000원","24:20,  엑스맨: 아포칼립스(디지털),  6,000원",,,,,273
2016-05-27,01관,"09:30,  동급생(디지털),  8,000원","11:00,  엑스맨: 아포칼립스(디지털),  7,000원","13:50,  엑스맨: 아포칼립스(디지털),  9,000원","16:40,  엑스맨: 아포칼립스(디지털),  6,000원","19:30,  엑스맨: 아포칼립스(디지털),  10,000원","22:20,  엑스맨: 아포칼립스(디지털),  6,000원",,,,,167
2016-05-27,02관,"09:00,  곡성(디지털),  6,000원","12:00,  곡성(디지털),  9,000원","15:00,  곡성(디지털),  10,000원","18:05,  곡성(디지털),  10,000원","21:10,  곡성(디지털),  10,000원","24:15,  곡성(디지털),  6,000원",,,,,105
2016-05-27,COMFORT 3관,"09:50,  오베라는 남자(디지털),  6,000원","12:20,  엑스맨: 아포칼립스(디지털),  6,000원","15:10,  엑스맨: 아포칼립스(디지털),  10,000원","18:00,  엑스맨: 아포칼립스(디지털),  10,000원","20:50,  엑스맨: 아포칼립스(디지털),  10,000원","23:40,  엑스맨: 아포칼립스(디지털),  6,000원",,,,,99
2016-05-27,04관,"09:40,  미라클 프롬 헤븐(디지털),  6,000원","11:55,  미라클 프롬 헤븐(디지털)","14:10,  동급생(디지털),  10,000원","15:40,  미라클 프롬 헤븐(디지털),  10,000원","17:55,  동급생(디지털),  10,000원","19:20,  계춘할망(디지털),  10,000원","21:40,  오베라는 남자(디지털),  10,000원","24:00,  계춘할망(디지털),  6,000원",,,99
2016-05-27,05관,"08:50,  엑스맨: 아포칼립스(디지털)","11:40,  엑스맨: 아포칼립스(디지털)","14:30,  엑스맨: 아포칼립스(디지털),  10,000원","17:20,  엑스맨: 아포칼립스(디지털),  8,000원","20:10,  엑스맨: 아포칼립스(디지털),  10,000원","23:00,  엑스맨: 아포칼립스(디지털),  6,000원",,,,,167
2016-05-27,06관,"10:20,  곡성(디지털),  6,000원","13:25,  곡성(디지털),  9,000원","16:30,  곡성(디지털),  10,000원","19:35,  곡성(디지털),  10,000원","22:40,  곡성(디지털),  8,000원",,,,,,155
2016-05-27,07관,"10:00,  엑스맨: 아포칼립스(디지털),  6,000원","13:00,  엑스맨: 아포칼립스(디지털),  9,000원","15:50,  엑스맨: 아포칼립스(디지털),  10,000원","18:40,  엑스맨: 아포칼립스(디지털),  10,000원","21:30,  엑스맨: 아포칼립스(디지털),  10,000원","24:20,  엑스맨: 아포칼립스(디지털),  6,000원",,,,,273
2016-05-28,01관,"09:20,  앵그리버드 더 무비(디지털더빙),  6,000원","11:25,  앵그리버드 더 무비(디지털더빙),  9,000원","13:30,  엑스맨: 아포칼립스(디지털),  9,000원","16:20,  엑스맨: 아포칼립스(디지털),  10,000원","19:10,  엑스맨: 아포칼립스(디지털),  10,000원","22:00,  엑스맨: 아포칼립스(디지털),  6,000원",,,,,167
2016-05-28,02관,"08:55,  곡성(디지털),  6,000원","12:00,  곡성(디지털),  9,000원","15:00,  곡성(디지털),  10,000원","18:05,  곡성(디지털),  10,000원","21:10,  곡성(디지털),  10,000원","24:10,  곡성(디지털),  6,000원",,,,,105
2016-05-28,COMFORT 3관,"09:30,  동급생(디지털),  6,000원","11:00,  엑스맨: 아포칼립스(디지털),  9,000원","14:00,  엑스맨: 아포칼립스(디지털),  10,000원","16:50,  엑스맨: 아포칼립스(디지털),  10,000원","19:40,  엑스맨: 아포칼립스(디지털),  10,000원","22:30,  엑스맨: 아포칼립스(디지털),  6,000원",,,,,99
2016-05-28,04관,"09:40,  미라클 프롬 헤븐(디지털)","11:55,  미라클 프롬 헤븐(디지털)","14:10,  동급생(디지털),  10,000원","15:40,  미라클 프롬 헤븐(디지털),  10,000원","17:55,  동급생(디지털),  10,000원","19:20,  계춘할망(디지털),  10,000원","21:40,  오베라는 남자(디지털),  10,000원","24:00,  계춘할망(디지털),  6,000원",,,99
2016-05-28,05관,"09:00,  엑스맨: 아포칼립스(디지털),  6,000원","11:50,  엑스맨: 아포칼립스(디지털),  9,000원","14:40,  엑스맨: 아포칼립스(디지털),  10,000원","17:30,  엑스맨: 아포칼립스(디지털),  8,000원","20:20,  엑스맨: 아포칼립스(디지털),  10,000원","23:10,  엑스맨: 아포칼립스(디지털),  6,000원",,,,,167
2016-05-28,06관,"09:50,  오베라는 남자(디지털),  6,000원","12:20,  엑스맨: 아포칼립스(디지털),  9,000원","15:10,  엑스맨: 아포칼립스(디지털),  10,000원","18:00,  엑스맨: 아포칼립스(디지털),  10,000원","20:50,  엑스맨: 아포칼립스(디지털),  10,000원","23:40,  엑스맨: 아포칼립스(디지털),  6,000원",,,,,155
2016-05-28,07관,"10:00,  엑스맨: 아포칼립스(디지털),  6,000원","13:00,  엑스맨: 아포칼립스(디지털),  9,000원","15:50,  엑스맨: 아포칼립스(디지털),  10,000원","18:40,  엑스맨: 아포칼립스(디지털),  10,000원","21:30,  엑스맨: 아포칼립스(디지털),  10,000원","24:20,  엑스맨: 아포칼립스(디지털),  6,000원",,,,,273
2016-05-29,01관,"09:20,  앵그리버드 더 무비(디지털더빙),  6,000원","11:25,  앵그리버드 더 무비(디지털더빙),  9,000원","13:30,  곡성(디지털),  9,000원","16:30,  곡성(디지털),  10,000원","19:30,  곡성(디지털),  10,000원","22:30,  곡성(디지털),  6,000원",,,,,167
2016-05-29,02관,"09:00,  곡성(디지털),  6,000원","12:00,  곡성(디지털),  9,000원","15:00,  곡성(디지털),  10,000원","18:05,  곡성(디지털),  10,000원","21:10,  곡성(디지털),  10,000원","24:10,  곡성(디지털),  6,000원",,,,,105
2016-05-29,COMFORT 3관,"09:30,  동급생(디지털),  6,000원","11:00,  엑스맨: 아포칼립스(디지털),  9,000원","14:00,  엑스맨: 아포칼립스(디지털),  10,000원","16:50,  엑스맨: 아포칼립스(디지털),  10,000원","19:40,  엑스맨: 아포칼립스(디지털),  10,000원","22:40,  엑스맨: 아포칼립스(디지털),  10,000원",,,,,99
2016-05-29,04관,"09:40,  미라클 프롬 헤븐(디지털)","11:55,  미라클 프롬 헤븐(디지털),  9,000원","14:10,  동급생(디지털),  8,000원","15:40,  미라클 프롬 헤븐(디지털),  8,000원","17:55,  동급생(디지털),  10,000원","19:20,  계춘할망(디지털),  10,000원","21:40,  오베라는 남자(디지털),  10,000원","24:00,  계춘할망(디지털),  6,000원",,,99
2016-05-29,05관,"09:00,  엑스맨: 아포칼립스(디지털),  6,000원","11:50,  엑스맨: 아포칼립스(디지털),  9,000원","14:40,  엑스맨: 아포칼립스(디지털),  10,000원","17:30,  엑스맨: 아포칼립스(디지털),  10,000원","20:20,  엑스맨: 아포칼립스(디지털),  10,000원","23:30,  엑스맨: 아포칼립스(디지털),  6,000원",,,,,167
2016-05-29,06관,"09:50,  오베라는 남자(디지털),  6,000원","12:20,  엑스맨: 아포칼립스(디지털),  9,000원","15:10,  엑스맨: 아포칼립스(디지털),  10,000원","18:10,  엑스맨: 아포칼립스(디지털),  10,000원","21:00,  엑스맨: 아포칼립스(디지털),  10,000원","23:50,  오베라는 남자(디지털),  6,000원",,,,,155
2016-05-29,07관,"10:00,  엑스맨: 아포칼립스(디지털),  6,000원","13:00,  엑스맨: 아포칼립스(디지털),  9,000원","16:00,  엑스맨: 아포칼립스(디지털),  10,000원","19:00,  엑스맨: 아포칼립스(디지털),  10,000원","21:50,  엑스맨: 아포칼립스(디지털),  10,000원",,,,,,273
2016-05-30,01관,"09:30,  동급생(디지털),  6,000원","11:00,  엑스맨: 아포칼립스(디지털),  7,000원","13:50,  엑스맨: 아포칼립스(디지털),  8,000원","16:40,  엑스맨: 아포칼립스(디지털),  9,000원","19:30,  엑스맨: 아포칼립스(디지털),  9,000원","22:20,  엑스맨: 아포칼립스(디지털),  6,000원",,,,,167
2016-05-30,02관,"09:00,  곡성(디지털)","12:00,  곡성(디지털),  7,000원","15:00,  곡성(디지털),  9,000원","18:05,  곡성(디지털),  9,000원","21:10,  곡성(디지털),  9,000원","24:15,  곡성(디지털),  6,000원",,,,,105
2016-05-30,COMFORT 3관,"09:50,  오베라는 남자(디지털),  6,000원","12:20,  엑스맨: 아포칼립스(디지털),  7,000원","15:10,  엑스맨: 아포칼립스(디지털),  9,000원","18:00,  엑스맨: 아포칼립스(디지털),  9,000원","20:50,  엑스맨: 아포칼립스(디지털),  9,000원","23:40,  엑스맨: 아포칼립스(디지털)",,,,,99
2016-05-30,04관,"09:40,  미라클 프롬 헤븐(디지털)","11:55,  미라클 프롬 헤븐(디지털),  6,000원","14:10,  동급생(디지털),  9,000원","15:40,  미라클 프롬 헤븐(디지털),  5,000원","17:55,  동급생(디지털),  9,000원","19:20,  계춘할망(디지털),  9,000원","21:40,  오베라는 남자(디지털),  9,000원","24:00,  계춘할망(디지털),  6,000원",,,99
2016-05-30,05관,"08:50,  엑스맨: 아포칼립스(디지털),  6,000원","11:40,  엑스맨: 아포칼립스(디지털),  6,000원","14:30,  엑스맨: 아포칼립스(디지털),  9,000원","17:20,  엑스맨: 아포칼립스(디지털),  9,000원","20:10,  엑스맨: 아포칼립스(디지털),  9,000원","23:00,  엑스맨: 아포칼립스(디지털),  6,000원",,,,,167
2016-05-30,06관,"10:20,  곡성(디지털),  6,000원","13:25,  곡성(디지털),  7,000원","16:30,  곡성(디지털),  9,000원","19:35,  곡성(디지털),  9,000원","22:40,  곡성(디지털),  6,000원",,,,,,155
2016-05-30,07관,"10:00,  엑스맨: 아포칼립스(디지털)","13:00,  엑스맨: 아포칼립스(디지털),  7,000원","15:50,  엑스맨: 아포칼립스(디지털),  6,000원","18:40,  엑스맨: 아포칼립스(디지털),  9,000원","21:30,  엑스맨: 아포칼립스(디지털),  9,000원","24:20,  엑스맨: 아포칼립스(디지털),  6,000원",,,,,273
2016-05-31,01관,"09:30,  동급생(디지털),  6,000원","11:00,  엑스맨: 아포칼립스(디지털),  7,000원","13:50,  엑스맨: 아포칼립스(디지털),  7,000원","16:40,  엑스맨: 아포칼립스(디지털),  9,000원","19:30,  엑스맨: 아포칼립스(디지털),  9,000원","22:20,  엑스맨: 아포칼립스(디지털),  6,000원",,,,,167
2016-05-31,02관,"09:00,  곡성(디지털)","12:00,  곡성(디지털),  7,000원","15:00,  곡성(디지털),  9,000원","18:05,  곡성(디지털),  9,000원","21:10,  곡성(디지털),  9,000원","24:15,  곡성(디지털),  6,000원",,,,,105
2016-05-31,COMFORT 3관,"09:50,  오베라는 남자(디지털),  6,000원","12:20,  엑스맨: 아포칼립스(디지털),  7,000원","15:10,  엑스맨: 아포칼립스(디지털),  9,000원","18:00,  엑스맨: 아포칼립스(디지털),  6,000원","20:50,  엑스맨: 아포칼립스(디지털),  9,000원","23:40,  엑스맨: 아포칼립스(디지털),  6,000원",,,,,99
2016-05-31,04관,"09:40,  미라클 프롬 헤븐(디지털)","11:55,  미라클 프롬 헤븐(디지털)","14:10,  동급생(디지털),  6,000원","15:40,  미라클 프롬 헤븐(디지털),  7,000원","17:55,  동급생(디지털),  7,000원","19:20,  계춘할망(디지털),  9,000원","21:40,  오베라는 남자(디지털),  9,000원","24:00,  계춘할망(디지털),  6,000원",,,99
2016-05-31,05관,"08:50,  엑스맨: 아포칼립스(디지털),  6,000원","11:40,  엑스맨: 아포칼립스(디지털),  6,000원","14:30,  엑스맨: 아포칼립스(디지털),  7,000원","17:20,  엑스맨: 아포칼립스(디지털),  7,000원","20:10,  엑스맨: 아포칼립스(디지털),  9,000원","23:00,  엑스맨: 아포칼립스(디지털),  6,000원",,,,,167
2016-05-31,06관,"10:20,  곡성(디지털),  6,000원","13:25,  곡성(디지털),  7,000원","16:30,  곡성(디지털),  9,000원","19:35,  곡성(디지털),  6,000원","22:40,  곡성(디지털),  6,000원",,,,,,155
2016-05-31,07관,"10:00,  엑스맨: 아포칼립스(디지털),  6,000원","13:00,  엑스맨: 아포칼립스(디지털),  6,000원","15:50,  엑스맨: 아포칼립스(디지털),  9,000원","18:40,  엑스맨: 아포칼립스(디지털),  9,000원","21:30,  엑스맨: 아포칼립스(디지털),  9,000원","24:20,  엑스맨: 아포칼립스(디지털)",,,,,273
2016-06-01,01관,"09:00,  아가씨(디지털),  6,000원","11:50,  아가씨(디지털),  7,000원","14:40,  아가씨(디지털),  9,000원","17:30,  아가씨(디지털),  9,000원","20:20,  아가씨(디지털),  9,000원","23:10,  아가씨(디지털),  6,000원",,,,,167
2016-06-01,02관,"09:10,  미 비포 유(디지털),  6,000원","11:30,  동급생(디지털),  7,000원","13:00,  미 비포 유(디지털),  7,000원","15:20,  무서운 이야기 3 : 화성에서 온 소녀(디지털),  6,000원","17:20,  미 비포 유(디지털),  9,000원","19:40,  무서운 이야기 3 : 화성에서 온 소녀(디지털),  9,000원","21:40,  미 비포 유(디지털),  9,000원","24:00,  무서운 이야기 3 : 화성에서 온 소녀(디지털),  6,000원",,,105
2016-06-01,COMFORT 3관,"09:20,  엑스맨: 아포칼립스(디지털),  6,000원","12:15,  엑스맨: 아포칼립스(디지털),  6,000원","15:10,  엑스맨: 아포칼립스(디지털),  9,000원","18:10,  엑스맨: 아포칼립스(디지털),  9,000원","21:10,  엑스맨: 아포칼립스(디지털),  9,000원","24:10,  엑스맨: 아포칼립스(디지털),  6,000원",,,,,99
2016-06-01,04관,,,"14:05,  곡성(디지털),  9,000원","17:10,  더 보이(디지털),  9,000원","19:15,  곡성(디지털),  9,000원","22:30,  더 보이(디지털),  6,000원","24:30,  더 보이(디지털),  6,000원",,,,99
2016-06-01,05관,,"11:00,  아가씨(디지털),  6,000원","13:50,  아가씨(디지털),  7,000원","16:40,  아가씨(디지털),  9,000원","19:30,  아가씨(디지털),  9,000원","22:20,  아가씨(디지털),  6,000원",,,,,167
2016-06-01,06관,,"12:30,  곡성(디지털),  7,000원","15:30,  곡성(디지털),  9,000원","18:50,  동급생(디지털),  9,000원","20:30,  곡성(디지털),  9,000원","23:30,  곡성(디지털),  6,000원",,,,,155
2016-06-01,07관,"09:50,  아가씨(디지털),  6,000원","12:45,  아가씨(디지털),  7,000원","15:40,  아가씨(디지털),  9,000원","18:30,  아가씨(디지털),  9,000원","21:20,  아가씨(디지털),  9,000원","24:20,  아가씨(디지털),  6,000원",,,,,273
2016-06-02,01관,"09:00,  아가씨(디지털),  6,000원","11:50,  아가씨(디지털),  7,000원","14:40,  아가씨(디지털),  9,000원","17:30,  아가씨(디지털),  9,000원","20:20,  아가씨(디지털),  9,000원","23:10,  아가씨(디지털),  6,000원",,,,,167
2016-06-02,02관,"09:10,  미 비포 유(디지털),  6,000원",,"13:30,  미 비포 유(디지털),  8,000원","15:50,  더 보이(디지털),  9,000원","17:50,  무서운 이야기 3 : 화성에서 온 소녀(디지털),  9,000원","20:00,  특별수사: 사형수의 편지(디지털),  7,000원","22:30,  더 보이(디지털),  6,000원","24:30,  무서운 이야기 3 : 화성에서 온 소녀(디지털),  6,000원",,,105
2016-06-02,COMFORT 3관,,"12:25,  엑스맨: 아포칼립스(디지털),  7,000원","15:20,  엑스맨: 아포칼립스(디지털),  9,000원","18:15,  엑스맨: 아포칼립스(디지털),  9,000원","21:10,  엑스맨: 아포칼립스(디지털),  9,000원","24:00,  엑스맨: 아포칼립스(디지털),  6,000원",,,,,99
2016-06-02,04관,,"12:00,  동급생(디지털),  7,000원","13:40,  곡성(디지털),  6,000원","16:50,  미 비포 유(디지털),  9,000원","19:10,  곡성(디지털),  9,000원","22:10,  무서운 이야기 3 : 화성에서 온 소녀(디지털),  6,000원","24:10,  미 비포 유(디지털),  6,000원",,,,99
2016-06-02,05관,,"11:00,  아가씨(디지털),  7,000원","13:50,  아가씨(디지털),  8,000원","16:40,  아가씨(디지털),  9,000원","19:30,  아가씨(디지털),  9,000원","22:20,  아가씨(디지털),  6,000원",,,,,167
2016-06-02,06관,"09:20,  곡성(디지털),  6,000원","12:20,  곡성(디지털),  6,000원","15:30,  곡성(디지털),  9,000원","18:40,  동급생(디지털),  9,000원","20:30,  곡성(디지털),  9,000원","23:40,  곡성(디지털),  6,000원",,,,,155
2016-06-02,07관,"09:50,  아가씨(디지털),  6,000원","12:50,  아가씨(디지털),  6,000원","15:40,  아가씨(디지털),  9,000원","18:30,  아가씨(디지털),  9,000원","21:20,  아가씨(디지털),  9,000원","24:20,  아가씨(디지털),  6,000원",,,,,273
2016-06-03,01관,"09:00,  아가씨(디지털),  6,000원","11:50,  아가씨(디지털),  7,000원","14:40,  아가씨(디지털),  10,000원","17:30,  아가씨(디지털),  10,000원","20:20,  아가씨(디지털),  10,000원","23:10,  아가씨(디지털),  6,000원",,,,,167
2016-06-03,02관,"09:20,  미 비포 유(디지털),  6,000원","11:40,  동급생(디지털),  9,000원","13:10,  미 비포 유(디지털),  9,000원","15:30,  무서운 이야기 3 : 화성에서 온 소녀(디지털),  10,000원","17:40,  미 비포 유(디지털),  10,000원","20:00,  무서운 이야기 3 : 화성에서 온 소녀(디지털),  10,000원","22:00,  미 비포 유(디지털),  8,000원","24:20,  무서운 이야기 3 : 화성에서 온 소녀(디지털),  6,000원",,,105
2016-06-03,COMFORT 3관,"09:10,  엑스맨: 아포칼립스(디지털),  6,000원","12:10,  엑스맨: 아포칼립스(디지털),  9,000원","15:10,  아가씨(디지털),  10,000원","18:00,  아가씨(디지털),  6,000원","21:00,  아가씨(디지털),  10,000원","23:50,  엑스맨: 아포칼립스(디지털),  6,000원",,,,,99
2016-06-03,04관,"09:50,  무서운 이야기 3 : 화성에서 온 소녀(디지털)","12:00,  플래그 더 문(디지털더빙),  9,000원","14:00,  곡성(디지털),  10,000원","17:00,  더 보이(디지털),  10,000원","19:00,  아가씨(디지털),  10,000원","21:50,  더 보이(디지털),  10,000원","24:00,  미 비포 유(디지털),  6,000원",,,,99
2016-06-03,05관,"08:55,  더 보이(디지털),  6,000원","11:00,  아가씨(디지털),  7,000원","13:50,  아가씨(디지털),  9,000원","16:40,  아가씨(디지털),  10,000원","19:30,  아가씨(디지털),  10,000원","22:30,  아가씨(디지털),  8,000원",,,,,167
2016-06-03,06관,"09:40,  곡성(디지털),  6,000원","12:40,  곡성(디지털),  6,000원","15:50,  곡성(디지털),  10,000원","18:50,  동급생(디지털),  10,000원","20:30,  곡성(디지털),  10,000원","23:30,  곡성(디지털),  6,000원",,,,,155
2016-06-03,07관,"10:00,  아가씨(디지털),  6,000원","12:50,  아가씨(디지털),  6,000원","15:40,  아가씨(디지털),  6,000원","18:30,  아가씨(디지털),  10,000원","21:40,  아가씨(디지털),  10,000원","24:30,  아가씨(디지털),  8,000원",,,,,273
2016-06-04,01관,"08:50,  아가씨(디지털),  6,000원","11:50,  아가씨(디지털),  9,000원","14:40,  아가씨(디지털),  10,000원","17:30,  아가씨(디지털),  10,000원","20:20,  아가씨(디지털),  10,000원","23:10,  아가씨(디지털),  6,000원",,,,,167
2016-06-04,02관,"09:30,  엑스맨: 아포칼립스(디지털),  6,000원","12:30,  엑스맨: 아포칼립스(디지털),  8,000원","15:20,  더 보이(디지털),  10,000원","17:20,  곡성(디지털),  10,000원","20:30,  엑스맨: 아포칼립스(디지털),  10,000원","23:30,  더 보이(디지털),  6,000원",,,,,105
2016-06-04,COMFORT 3관,"09:00,  곡성(디지털),  6,000원","12:00,  곡성(디지털),  8,000원","15:10,  아가씨(디지털),  10,000원","18:00,  아가씨(디지털),  10,000원","20:50,  아가씨(디지털),  10,000원","23:40,  곡성(디지털),  8,000원",,,,,99
2016-06-04,04관,,"11:00,  플래그 더 문(디지털더빙),  9,000원","13:00,  무서운 이야기 3 : 화성에서 온 소녀(디지털),  6,000원","15:00,  미 비포 유(디지털),  10,000원","17:20,  무서운 이야기 3 : 화성에서 온 소녀(디지털),  8,000원","19:20,  곡성(디지털),  10,000원","22:20,  미 비포 유(디지털),  6,000원","24:35,  미 비포 유(디지털),  6,000원",,,99
2016-06-04,05관,"09:20,  미 비포 유(디지털),  6,000원","11:40,  미 비포 유(디지털),  9,000원","14:00,  아가씨(디지털),  10,000원","16:50,  아가씨(디지털),  10,000원","19:40,  아가씨(디지털),  10,000원","22:40,  아가씨(디지털),  8,000원",,,,,167
2016-06-04,06관,"09:40,  앵그리버드 더 무비(디지털더빙),  6,000원","11:45,  동급생(디지털),  9,000원","13:20,  아가씨(디지털),  9,000원","16:10,  아가씨(디지털),  10,000원","19:00,  아가씨(디지털),  10,000원","22:00,  아가씨(디지털),  7,000원",,,,,155
2016-06-04,07관,"09:50,  아가씨(디지털),  6,000원","12:40,  아가씨(디지털),  6,000원","15:40,  아가씨(디지털),  10,000원","18:30,  아가씨(디지털),  10,000원","21:20,  아가씨(디지털),  10,000원","24:10,  아가씨(디지털),  6,000원",,,,,273
2016-06-05,01관,"08:50,  아가씨(디지털),  6,000원","11:50,  아가씨(디지털),  9,000원","14:40,  아가씨(디지털),  10,000원","17:30,  아가씨(디지털),  10,000원","20:20,  아가씨(디지털),  10,000원","23:20,  아가씨(디지털),  6,000원",,,,,167
2016-06-05,02관,"09:30,  엑스맨: 아포칼립스(디지털),  6,000원","12:30,  엑스맨: 아포칼립스(디지털),  9,000원","15:20,  더 보이(디지털),  10,000원","17:20,  곡성(디지털),  10,000원","20:30,  엑스맨: 아포칼립스(디지털),  6,000원","23:30,  더 보이(디지털),  8,000원",,,,,105
2016-06-05,COMFORT 3관,"09:00,  곡성(디지털),  6,000원","12:00,  곡성(디지털),  8,000원","15:10,  아가씨(디지털),  10,000원","18:00,  미 비포 유(디지털),  10,000원","20:50,  아가씨(디지털),  10,000원","23:40,  곡성(디지털),  6,000원",,,,,99
2016-06-05,04관,,"11:00,  플래그 더 문(디지털더빙),  9,000원","13:00,  무서운 이야기 3 : 화성에서 온 소녀(디지털),  9,000원","15:00,  미 비포 유(디지털),  10,000원","17:15,  더 보이(디지털),  10,000원","19:20,  곡성(디지털),  10,000원","22:20,  미 비포 유(디지털),  6,000원","24:35,  미 비포 유(디지털),  6,000원",,,99
2016-06-05,05관,"09:20,  미 비포 유(디지털),  6,000원","11:40,  미 비포 유(디지털),  9,000원","14:00,  아가씨(디지털),  10,000원","16:50,  아가씨(디지털),  10,000원","19:40,  아가씨(디지털),  10,000원","22:40,  아가씨(디지털),  6,000원",,,,,167
2016-06-05,06관,"09:40,  앵그리버드 더 무비(디지털더빙),  6,000원","11:45,  동급생(디지털),  9,000원","13:20,  아가씨(디지털),  9,000원","16:10,  아가씨(디지털),  10,000원","19:00,  아가씨(디지털),  10,000원","22:00,  아가씨(디지털),  6,000원",,,,,155
2016-06-05,07관,"09:50,  아가씨(디지털),  6,000원","12:40,  아가씨(디지털),  9,000원","15:40,  아가씨(디지털),  10,000원","18:30,  아가씨(디지털),  10,000원","21:20,  아가씨(디지털),  10,000원","24:10,  아가씨(디지털),  6,000원",,,,,273
2016-06-06,01관,"09:00,  아가씨(디지털),  6,000원","11:50,  아가씨(디지털),  9,000원","14:40,  아가씨(디지털),  10,000원","17:30,  아가씨(디지털),  10,000원","20:20,  아가씨(디지털),  10,000원","23:20,  아가씨(디지털),  6,000원",,,,,167
2016-06-06,02관,"09:30,  엑스맨: 아포칼립스(디지털),  6,000원","12:30,  엑스맨: 아포칼립스(디지털),  9,000원","15:20,  더 보이(디지털),  10,000원","17:20,  곡성(디지털),  10,000원","20:30,  엑스맨: 아포칼립스(디지털),  10,000원","23:30,  더 보이(디지털),  6,000원",,,,,105
2016-06-06,COMFORT 3관,"09:00,  곡성(디지털),  6,000원","12:00,  곡성(디지털),  8,000원","15:10,  아가씨(디지털),  10,000원","18:00,  미 비포 유(디지털),  10,000원","20:50,  아가씨(디지털),  10,000원","23:40,  곡성(디지털),  6,000원",,,,,99
2016-06-06,04관,"09:05,  플래그 더 문(디지털더빙)","11:00,  플래그 더 문(디지털더빙),  6,000원","13:00,  무서운 이야기 3 : 화성에서 온 소녀(디지털),  9,000원","15:00,  미 비포 유(디지털),  10,000원","17:15,  더 보이(디지털),  10,000원","19:20,  곡성(디지털),  10,000원","22:20,  미 비포 유(디지털),  6,000원","24:35,  미 비포 유(디지털),  6,000원",,,99
2016-06-06,05관,"09:20,  미 비포 유(디지털),  6,000원","11:40,  미 비포 유(디지털),  9,000원","14:00,  아가씨(디지털),  10,000원","16:50,  아가씨(디지털),  10,000원","19:40,  아가씨(디지털),  10,000원","22:40,  아가씨(디지털),  6,000원",,,,,167
2016-06-06,06관,"09:40,  앵그리버드 더 무비(디지털더빙),  6,000원","11:45,  동급생(디지털),  9,000원","13:20,  아가씨(디지털),  9,000원","16:10,  아가씨(디지털),  10,000원","19:00,  아가씨(디지털),  10,000원","22:00,  아가씨(디지털),  6,000원",,,,,155
2016-06-06,07관,"09:50,  아가씨(디지털),  6,000원","12:40,  아가씨(디지털),  9,000원","15:40,  아가씨(디지털),  10,000원","18:30,  아가씨(디지털),  10,000원","21:20,  아가씨(디지털),  10,000원","24:10,  아가씨(디지털),  8,000원",,,,,273
2016-06-07,01관,"09:00,  아가씨(디지털),  6,000원","11:50,  아가씨(디지털),  7,000원","14:40,  아가씨(디지털),  9,000원","17:30,  아가씨(디지털),  6,000원","20:20,  아가씨(디지털),  9,000원","23:10,  아가씨(디지털),  6,000원",,,,,167
2016-06-07,02관,"09:50,  엑스맨: 아포칼립스(디지털),  6,000원","12:50,  엑스맨: 아포칼립스(디지털),  7,000원","15:40,  동급생(디지털),  9,000원","17:10,  더 보이(디지털),  9,000원","19:10,  동급생(디지털),  9,000원","20:40,  미 비포 유(디지털),  9,000원","23:00,  더 보이(디지털),  6,000원",,,,105
2016-06-07,COMFORT 3관,"09:20,  미 비포 유(디지털),  6,000원","11:40,  미 비포 유(디지털),  7,000원","14:00,  아가씨(디지털),  9,000원","16:50,  아가씨(디지털),  9,000원",,"22:30,  아가씨(디지털),  6,000원",,,,,99
2016-06-07,04관,"09:10,  플래그 더 문(디지털더빙)","11:10,  플래그 더 문(디지털더빙),  7,000원","13:10,  무서운 이야기 3 : 화성에서 온 소녀(디지털),  6,000원","15:10,  미 비포 유(디지털),  9,000원","17:25,  미 비포 유(디지털),  9,000원","19:40,  아가씨(디지털),  9,000원","22:35,  무서운 이야기 3 : 화성에서 온 소녀(디지털),  6,000원","24:35,  미 비포 유(디지털),  6,000원",,,99
2016-06-07,05관,"08:50,  곡성(디지털),  6,000원","12:00,  곡성(디지털),  7,000원","15:00,  곡성(디지털),  9,000원","18:00,  곡성(디지털),  9,000원","21:00,  엑스맨: 아포칼립스(디지털),  9,000원","23:50,  곡성(디지털),  6,000원",,,,,167
2016-06-07,06관,"10:30,  아가씨(디지털),  6,000원","13:20,  아가씨(디지털),  7,000원","16:10,  아가씨(디지털),  9,000원","19:00,  아가씨(디지털),  9,000원","21:50,  아가씨(디지털),  9,000원",,,,,,155
2016-06-07,07관,"09:40,  아가씨(디지털),  6,000원","12:40,  아가씨(디지털),  7,000원","15:30,  아가씨(디지털),  9,000원","18:20,  아가씨(디지털),  9,000원","21:10,  아가씨(디지털),  9,000원","24:00,  아가씨(디지털),  6,000원",,,,,273
2016-06-08,01관,"09:00,  아가씨(디지털),  6,000원","11:50,  아가씨(디지털),  6,000원","14:40,  아가씨(디지털),  9,000원","17:30,  아가씨(디지털),  9,000원","20:20,  아가씨(디지털),  9,000원","23:10,  아가씨(디지털),  6,000원",,,,,167
2016-06-08,02관,"09:50,  엑스맨: 아포칼립스(디지털),  6,000원","12:50,  엑스맨: 아포칼립스(디지털),  7,000원","15:40,  동급생(디지털),  6,000원","17:10,  더 보이(디지털),  7,000원","19:10,  동급생(디지털),  9,000원","20:40,  엑스맨: 아포칼립스(디지털),  9,000원","23:40,  더 보이(디지털),  6,000원",,,,105
2016-06-08,COMFORT 3관,"09:10,  미 비포 유(디지털),  6,000원","11:30,  무서운 이야기 3 : 화성에서 온 소녀(디지털),  5,000원","13:30,  미 비포 유(디지털),  7,000원","15:50,  더 보이(디지털),  9,000원",,"20:30,  미 비포 유(디지털),  7,000원","23:00,  무서운 이야기 3 : 화성에서 온 소녀(디지털),  6,000원",,,,99
2016-06-08,04관,"09:45,  플래그 더 문(디지털더빙)","11:40,  플래그 더 문(디지털더빙)  Message from the NSAPI plugin: No backend server available for connection: timed out after 10 seconds or idempotent set to OFF.",,,,,,,,,99
