상영일자,상영관,1회,2회,3회,4회,5회,6회,7회,8회,9회,10회,11회,12회,좌석수
2019-06-13,01관,,"17:10,  빅샤크2: 해저2만리(디지털더빙)",,,,,,,,,,,57
2019-06-18,01관,"14:30,  기생충(디지털),  6,000원","17:10,  빅샤크2: 해저2만리(디지털더빙),  6,000원","18:45,  맨 인 블랙: 인터내셔널(디지털),  6,000원",,,,,,,,,,57
2019-06-18,02관,,"14:40,  기생충(디지털),  6,000원","19:35,  기생충(디지털),  6,000원",,,,,,,,,,37
2019-06-19,01관,"10:00,  기생충(디지털),  6,000원","12:30,  맨 인 블랙: 인터내셔널(디지털),  6,000원","14:40,  빅샤크2: 해저2만리(디지털더빙)","16:10,  롱 리브 더 킹: 목포 영웅(디지털),  6,000원","18:25,  기생충(디지털),  6,000원","20:55,  롱 리브 더 킹: 목포 영웅(디지털),  6,000원",,,,,,,57
2019-06-19,02관,"10:10,  맨 인 블랙: 인터내셔널(디지털)","12:20,  기생충(디지털),  6,000원","14:50,  롱 리브 더 킹: 목포 영웅(디지털),  6,000원","17:05,  빅샤크2: 해저2만리(디지털더빙),  6,000원","18:35,  롱 리브 더 킹: 목포 영웅(디지털),  6,000원","20:50,  기생충(디지털),  6,000원",,,,,,,37
2019-06-20,01관,"10:00,  빅샤크2: 해저2만리(디지털더빙)","11:30,  토이 스토리 4(디지털더빙),  6,000원","13:25,  맨 인 블랙: 인터내셔널(디지털),  6,000원","15:35,  기생충(디지털),  6,000원","18:05,  롱 리브 더 킹: 목포 영웅(디지털),  6,000원","20:20,  맨 인 블랙: 인터내셔널(디지털),  6,000원",,,,,,,57
2019-06-20,02관,"10:10,  맨 인 블랙: 인터내셔널(디지털)","12:20,  롱 리브 더 킹: 목포 영웅(디지털),  6,000원","14:35,  토이 스토리 4(디지털더빙),  6,000원","16:30,  기생충(디지털),  6,000원","19:00,  토이 스토리 4(디지털),  6,000원","20:55,  롱 리브 더 킹: 목포 영웅(디지털),  6,000원",,,,,,,37
2019-06-21,01관,"09:50,  빅샤크2: 해저2만리(디지털더빙),  6,000원","11:20,  토이 스토리 4(디지털더빙),  6,000원","13:15,  맨 인 블랙: 인터내셔널(디지털),  6,000원","15:25,  기생충(디지털),  6,000원","17:55,  롱 리브 더 킹: 목포 영웅(디지털),  6,000원","20:10,  맨 인 블랙: 인터내셔널(디지털),  6,000원",,,,,,,57
2019-06-21,02관,"10:00,  맨 인 블랙: 인터내셔널(디지털),  6,000원","12:10,  빅샤크2: 해저2만리(디지털더빙),  6,000원","13:40,  토이 스토리 4(디지털더빙),  6,000원","15:35,  맨 인 블랙: 인터내셔널(디지털),  6,000원","17:45,  기생충(디지털),  6,000원","20:15,  롱 리브 더 킹: 목포 영웅(디지털),  6,000원",,,,,,,37
2019-06-22,01관,"09:50,  빅샤크2: 해저2만리(디지털더빙),  6,000원","11:20,  토이 스토리 4(디지털더빙),  6,000원","13:15,  맨 인 블랙: 인터내셔널(디지털),  6,000원","15:25,  기생충(디지털),  6,000원","17:55,  롱 리브 더 킹: 목포 영웅(디지털),  6,000원","20:10,  맨 인 블랙: 인터내셔널(디지털),  6,000원",,,,,,,57
2019-06-22,02관,"10:00,  맨 인 블랙: 인터내셔널(디지털),  5,000원","12:10,  빅샤크2: 해저2만리(디지털더빙),  6,000원","13:40,  토이 스토리 4(디지털더빙),  6,000원","15:35,  맨 인 블랙: 인터내셔널(디지털),  5,000원","17:45,  기생충(디지털),  6,000원","20:15,  롱 리브 더 킹: 목포 영웅(디지털),  6,000원",,,,,,,37
2019-06-23,01관,"10:00,  빅샤크2: 해저2만리(디지털더빙),  6,000원","11:30,  토이 스토리 4(디지털더빙),  6,000원","13:25,  맨 인 블랙: 인터내셔널(디지털),  6,000원","15:35,  기생충(디지털),  6,000원","18:05,  롱 리브 더 킹: 목포 영웅(디지털),  6,000원","20:20,  맨 인 블랙: 인터내셔널(디지털),  6,000원",,,,,,,57
2019-06-23,02관,"10:10,  맨 인 블랙: 인터내셔널(디지털),  5,000원","12:20,  롱 리브 더 킹: 목포 영웅(디지털),  6,000원","14:35,  토이 스토리 4(디지털더빙),  6,000원","16:30,  기생충(디지털),  6,000원","19:00,  토이 스토리 4(디지털),  6,000원","20:55,  롱 리브 더 킹: 목포 영웅(디지털),  6,000원",,,,,,,37
2019-06-24,01관,"10:20,  기생충(디지털),  6,000원","12:50,  롱 리브 더 킹: 목포 영웅(디지털),  6,000원","15:05,  기생충(디지털),  6,000원","17:35,  롱 리브 더 킹: 목포 영웅(디지털),  6,000원","19:50,  기생충(디지털),  6,000원",,,,,,,,57
2019-06-24,02관,"10:00,  빅샤크2: 해저2만리(디지털더빙)","11:30,  토이 스토리 4(디지털더빙),  6,000원","13:25,  맨 인 블랙: 인터내셔널(디지털),  6,000원","15:35,  토이 스토리 4(디지털더빙),  6,000원","17:30,  토이 스토리 4(디지털),  6,000원","19:25,  맨 인 블랙: 인터내셔널(디지털),  6,000원",,,,,,,37
2019-06-25,01관,,,"13:25,  맨 인 블랙: 인터내셔널(디지털),  6,000원","15:35,  토이 스토리 4(디지털더빙),  6,000원","17:30,  토이 스토리 4(디지털),  6,000원","19:25,  맨 인 블랙: 인터내셔널(디지털),  6,000원",,,,,,,57
2019-06-25,02관,"10:20,  기생충(디지털),  6,000원","12:50,  롱 리브 더 킹: 목포 영웅(디지털),  6,000원","15:05,  기생충(디지털),  6,000원","17:35,  롱 리브 더 킹: 목포 영웅(디지털),  6,000원","19:50,  기생충(디지털),  6,000원",,,,,,,,37
2019-06-26,01관,"10:00,  맨 인 블랙: 인터내셔널(디지털),  5,000원","12:10,  빅샤크2: 해저2만리(디지털더빙)","13:40,  토이 스토리 4(디지털),  5,000원","15:35,  롱 리브 더 킹: 목포 영웅(디지털),  5,000원","17:50,  비스트(디지털),  5,000원","20:15,  존 윅 3: 파라벨룸(디지털),  6,000원",,,,,,,57
2019-06-26,02관,,"12:05,  토이 스토리 4(디지털더빙),  5,000원","14:00,  기생충(디지털),  5,000원","16:30,  비스트(디지털),  5,000원","18:55,  존 윅 3: 파라벨룸(디지털),  5,000원","21:25,  비스트(디지털),  5,000원",,,,,,,37
2019-06-27,01관,,"12:15,  토이 스토리 4(디지털더빙),  6,000원","14:10,  비스트(디지털),  6,000원","16:35,  토이 스토리 4(디지털),  6,000원","18:30,  존 윅 3: 파라벨룸(디지털),  6,000원","21:00,  비스트(디지털),  6,000원",,,,,,,57
2019-06-27,02관,"09:50,  기생충(디지털),  6,000원",,"14:35,  비스트(디지털)","17:00,  맨 인 블랙: 인터내셔널(디지털),  6,000원","19:10,  토이 스토리 4(디지털),  6,000원","21:05,  존 윅 3: 파라벨룸(디지털),  6,000원",,,,,,,37
2019-06-28,01관,"10:00,  맨 인 블랙: 인터내셔널(디지털)","12:10,  빅샤크2: 해저2만리(디지털더빙)","13:40,  토이 스토리 4(디지털),  6,000원","15:35,  롱 리브 더 킹: 목포 영웅(디지털),  6,000원","17:50,  비스트(디지털),  6,000원","20:15,  존 윅 3: 파라벨룸(디지털),  6,000원",,,,,,,57
2019-06-28,02관,"09:50,  롱 리브 더 킹: 목포 영웅(디지털)","12:05,  토이 스토리 4(디지털더빙),  6,000원","14:00,  기생충(디지털),  6,000원","16:30,  토이 스토리 4(디지털),  6,000원","18:25,  존 윅 3: 파라벨룸(디지털),  6,000원","20:55,  비스트(디지털),  6,000원",,,,,,,37
2019-06-29,01관,"10:00,  빅샤크2: 해저2만리(디지털더빙),  6,000원","11:30,  토이 스토리 4(디지털더빙),  6,000원","13:25,  토이 스토리 4(디지털),  6,000원","15:20,  기생충(디지털),  6,000원","17:50,  맨 인 블랙: 인터내셔널(디지털),  6,000원","20:00,  비스트(디지털),  6,000원",,,,,,,57
2019-06-29,02관,"10:00,  롱 리브 더 킹: 목포 영웅(디지털),  6,000원","12:15,  비스트(디지털),  6,000원","14:40,  롱 리브 더 킹: 목포 영웅(디지털),  6,000원","16:55,  토이 스토리 4(디지털),  6,000원","18:50,  비스트(디지털),  6,000원","21:15,  존 윅 3: 파라벨룸(디지털),  6,000원",,,,,,,37
2019-06-30,01관,"10:00,  빅샤크2: 해저2만리(디지털더빙),  6,000원","11:30,  토이 스토리 4(디지털더빙),  6,000원","13:25,  토이 스토리 4(디지털),  6,000원","15:20,  기생충(디지털),  6,000원","17:50,  맨 인 블랙: 인터내셔널(디지털),  6,000원","20:00,  비스트(디지털),  6,000원",,,,,,,57
2019-06-30,02관,"10:00,  롱 리브 더 킹: 목포 영웅(디지털),  6,000원","12:15,  비스트(디지털)","14:40,  롱 리브 더 킹: 목포 영웅(디지털),  6,000원","16:55,  토이 스토리 4(디지털),  6,000원","18:50,  비스트(디지털),  5,000원","21:15,  존 윅 3: 파라벨룸(디지털),  6,000원",,,,,,,37
2019-07-01,01관,"10:00,  토이 스토리 4(디지털더빙)","11:55,  토이 스토리 4(디지털),  6,000원","13:50,  존 윅 3: 파라벨룸(디지털),  6,000원","16:20,  비스트(디지털)","18:45,  맨 인 블랙: 인터내셔널(디지털)","20:52,  존 윅 3: 파라벨룸(디지털),  6,000원",,,,,,,57
2019-07-01,02관,"10:00,  기생충(디지털),  6,000원","12:30,  롱 리브 더 킹: 목포 영웅(디지털),  6,000원","14:45,  비스트(디지털),  6,000원","17:10,  롱 리브 더 킹: 목포 영웅(디지털)","19:25,  비스트(디지털),  6,000원","21:50,  롱 리브 더 킹: 목포 영웅(디지털),  6,000원",,,,,,,37
2019-07-02,01관,"09:50,  롱 리브 더 킹: 목포 영웅(디지털),  6,000원","12:05,  스파이더맨: 파 프롬 홈(디지털),  6,000원","14:30,  비스트(디지털),  6,000원","16:55,  롱 리브 더 킹: 목포 영웅(디지털),  6,000원","19:10,  스파이더맨: 파 프롬 홈(디지털),  6,000원","21:35,  비스트(디지털),  6,000원",,,,,,,57
2019-07-02,02관,"10:00,  토이 스토리 4(디지털더빙)","11:55,  토이 스토리 4(디지털),  6,000원","13:50,  존 윅 3: 파라벨룸(디지털),  6,000원","16:20,  스파이더맨: 파 프롬 홈(디지털),  6,000원","18:45,  맨 인 블랙: 인터내셔널(디지털)","20:55,  존 윅 3: 파라벨룸(디지털),  6,000원",,,,,,,37
2019-07-03,01관,"10:00,  비스트(디지털)","12:25,  롱 리브 더 킹: 목포 영웅(디지털),  6,000원","14:40,  토이 스토리 4(디지털),  6,000원","16:35,  스파이더맨: 파 프롬 홈(디지털),  6,000원","19:00,  토이 스토리 4(디지털더빙),  6,000원","20:55,  존 윅 3: 파라벨룸(디지털),  6,000원",,,,,,,57
2019-07-03,02관,"10:00,  토이 스토리 4(디지털더빙),  6,000원","11:55,  스파이더맨: 파 프롬 홈(디지털),  6,000원","14:20,  존 윅 3: 파라벨룸(디지털),  6,000원","16:50,  스파이더맨: 파 프롬 홈(디지털),  6,000원","19:15,  롱 리브 더 킹: 목포 영웅(디지털),  6,000원","21:30,  스파이더맨: 파 프롬 홈(디지털),  6,000원",,,,,,,37
2019-07-04,01관,"09:50,  롱 리브 더 킹: 목포 영웅(디지털),  6,000원","12:05,  스파이더맨: 파 프롬 홈(디지털),  6,000원","14:30,  토이 스토리 4(디지털),  6,000원","16:25,  스파이더맨: 파 프롬 홈(디지털),  6,000원","18:50,  존 윅 3: 파라벨룸(디지털),  6,000원","21:20,  스파이더맨: 파 프롬 홈(디지털),  6,000원",,,,,,,57
2019-07-04,02관,"10:00,  스파이더맨: 파 프롬 홈(디지털),  6,000원","12:25,  비스트(디지털),  6,000원","14:50,  갤버스턴(디지털),  5,000원","16:40,  토이 스토리 4(디지털더빙),  5,000원","18:35,  스파이더맨: 파 프롬 홈(디지털),  6,000원","21:00,  존 윅 3: 파라벨룸(디지털),  6,000원",,,,,,,37
2019-07-05,01관,"09:50,  롱 리브 더 킹: 목포 영웅(디지털)","12:05,  스파이더맨: 파 프롬 홈(디지털),  6,000원","14:30,  토이 스토리 4(디지털더빙)","16:25,  스파이더맨: 파 프롬 홈(디지털),  6,000원","18:50,  토이 스토리 4(디지털더빙),  6,000원","20:45,  스파이더맨: 파 프롬 홈(디지털),  6,000원",,,,,,,57
2019-07-05,02관,"10:00,  비스트(디지털)","12:25,  토이 스토리 4(디지털)","14:20,  스파이더맨: 파 프롬 홈(디지털)","16:45,  갤버스턴(디지털),  6,000원","18:35,  스파이더맨: 파 프롬 홈(디지털),  6,000원","21:00,  존 윅 3: 파라벨룸(디지털),  6,000원",,,,,,,37
2019-07-06,01관,"09:50,  롱 리브 더 킹: 목포 영웅(디지털),  6,000원","12:05,  스파이더맨: 파 프롬 홈(디지털),  6,000원","14:30,  토이 스토리 4(디지털더빙),  6,000원","16:25,  스파이더맨: 파 프롬 홈(디지털),  6,000원","18:50,  토이 스토리 4(디지털더빙),  6,000원","20:45,  스파이더맨: 파 프롬 홈(디지털),  6,000원",,,,,,,57
2019-07-06,02관,"10:00,  비스트(디지털)","12:25,  토이 스토리 4(디지털),  6,000원","14:20,  스파이더맨: 파 프롬 홈(디지털),  6,000원","16:45,  갤버스턴(디지털),  6,000원","18:35,  스파이더맨: 파 프롬 홈(디지털),  6,000원","21:00,  존 윅 3: 파라벨룸(디지털),  6,000원",,,,,,,37
2019-07-07,01관,"10:00,  토이 스토리 4(디지털더빙),  6,000원","12:00,  천로역정: 천국을 찾아서(디지털더빙),  5,000원","14:10,  스파이더맨: 파 프롬 홈(디지털),  6,000원","16:35,  토이 스토리 4(디지털더빙),  6,000원","18:30,  스파이더맨: 파 프롬 홈(디지털),  6,000원","20:55,  롱 리브 더 킹: 목포 영웅(디지털),  6,000원",,,,,,,57
2019-07-07,02관,"09:50,  비스트(디지털),  6,000원","12:15,  토이 스토리 4(디지털),  6,000원","14:10,  갤버스턴(디지털),  6,000원","16:00,  스파이더맨: 파 프롬 홈(디지털),  6,000원","18:25,  존 윅 3: 파라벨룸(디지털),  6,000원","20:55,  스파이더맨: 파 프롬 홈(디지털),  6,000원",,,,,,,37
2019-07-08,01관,"09:50,  롱 리브 더 킹: 목포 영웅(디지털)","12:05,  비스트(디지털),  6,000원","14:30,  롱 리브 더 킹: 목포 영웅(디지털),  6,000원","16:45,  비스트(디지털),  6,000원","19:10,  롱 리브 더 킹: 목포 영웅(디지털),  6,000원","21:25,  비스트(디지털),  6,000원",,,,,,,57
2019-07-08,02관,"10:00,  토이 스토리 4(디지털더빙)","11:55,  스파이더맨: 파 프롬 홈(디지털),  6,000원","14:20,  토이 스토리 4(디지털더빙)","16:15,  갤버스턴(디지털),  6,000원","18:05,  스파이더맨: 파 프롬 홈(디지털),  6,000원","20:30,  존 윅 3: 파라벨룸(디지털),  6,000원",,,,,,,37
2019-07-09,01관,"10:00,  토이 스토리 4(디지털더빙)","11:55,  스파이더맨: 파 프롬 홈(디지털)","14:20,  토이 스토리 4(디지털더빙),  6,000원","16:15,  갤버스턴(디지털)","18:05,  스파이더맨: 파 프롬 홈(디지털),  6,000원","20:30,  존 윅 3: 파라벨룸(디지털),  6,000원",,,,,,,57
2019-07-09,02관,"09:50,  롱 리브 더 킹: 목포 영웅(디지털)","12:05,  비스트(디지털),  5,000원","14:30,  롱 리브 더 킹: 목포 영웅(디지털),  5,000원","16:45,  비스트(디지털),  6,000원","19:10,  롱 리브 더 킹: 목포 영웅(디지털),  6,000원","21:25,  비스트(디지털),  6,000원",,,,,,,37
2019-07-10,01관,"09:30,  토이 스토리 4(디지털)","11:20,  롱 리브 더 킹: 목포 영웅(디지털)","13:25,  토이 스토리 4(디지털더빙),  6,000원","15:15,  스파이더맨: 파 프롬 홈(디지털),  5,000원","17:45,  기방도령(디지털),  6,000원","20:00,  스파이더맨: 파 프롬 홈(디지털),  6,000원",,,,,,,57
2019-07-10,02관,"09:40,  갤버스턴(디지털),  5,000원","11:25,  기방도령(디지털),  6,000원","13:30,  스파이더맨: 파 프롬 홈(디지털),  6,000원","16:10,  토이 스토리 4(디지털더빙),  6,000원","18:20,  스파이더맨: 파 프롬 홈(디지털),  6,000원","20:45,  롱 리브 더 킹: 목포 영웅(디지털),  6,000원",,,,,,,37
2019-07-11,01관,"09:30,  롱 리브 더 킹: 목포 영웅(디지털),  6,000원","11:40,  스파이더맨: 파 프롬 홈(디지털),  6,000원","14:10,  토이 스토리 4(디지털),  6,000원","16:25,  스파이더맨: 파 프롬 홈(디지털),  6,000원","19:00,  기방도령(디지털),  6,000원","21:10,  스파이더맨: 파 프롬 홈(디지털),  6,000원",,,,,,,57
2019-07-11,02관,"09:40,  갤버스턴(디지털),  6,000원","11:30,  존 윅 3: 파라벨룸(디지털),  6,000원","14:00,  스파이더맨: 파 프롬 홈(디지털),  6,000원","16:40,  토이 스토리 4(디지털더빙),  6,000원","18:45,  스파이더맨: 파 프롬 홈(디지털),  6,000원","21:20,  기방도령(디지털),  5,000원",,,,,,,37
2019-07-12,01관,"09:30,  롱 리브 더 킹: 목포 영웅(디지털),  6,000원","11:40,  스파이더맨: 파 프롬 홈(디지털)","14:10,  토이 스토리 4(디지털더빙),  6,000원","16:15,  스파이더맨: 파 프롬 홈(디지털),  6,000원","18:50,  기방도령(디지털),  6,000원","21:00,  스파이더맨: 파 프롬 홈(디지털),  6,000원",,,,,,,57
2019-07-12,02관,"09:40,  스파이더맨: 파 프롬 홈(디지털),  6,000원","12:10,  갤버스턴(디지털),  6,000원","14:00,  기방도령(디지털),  6,000원","16:10,  토이 스토리 4(디지털더빙),  6,000원","18:15,  토이 스토리 4(디지털),  6,000원","20:20,  스파이더맨: 파 프롬 홈(디지털),  6,000원",,,,,,,37
2019-07-13,01관,"09:30,  기방도령(디지털),  5,000원","11:35,  스파이더맨: 파 프롬 홈(디지털),  6,000원","14:10,  토이 스토리 4(디지털더빙),  6,000원","16:15,  스파이더맨: 파 프롬 홈(디지털),  6,000원","18:45,  토이 스토리 4(디지털더빙),  6,000원","20:50,  스파이더맨: 파 프롬 홈(디지털),  6,000원",,,,,,,57
2019-07-13,02관,"09:40,  갤버스턴(디지털)","11:45,  토이 스토리 4(디지털),  6,000원","13:45,  스파이더맨: 파 프롬 홈(디지털),  6,000원","16:25,  기방도령(디지털),  6,000원","18:30,  스파이더맨: 파 프롬 홈(디지털),  6,000원","21:00,  토이 스토리 4(디지털더빙),  6,000원",,,,,,,37
2019-07-14,01관,"09:30,  토이 스토리 4(디지털더빙),  6,000원","11:30,  스파이더맨: 파 프롬 홈(디지털),  6,000원","14:00,  천로역정: 천국을 찾아서(디지털더빙),  5,000원","16:15,  스파이더맨: 파 프롬 홈(디지털),  6,000원","18:45,  토이 스토리 4(디지털더빙),  6,000원","20:55,  스파이더맨: 파 프롬 홈(디지털),  6,000원",,,,,,,57
2019-07-14,02관,"09:50,  기방도령(디지털)","11:55,  토이 스토리 4(디지털),  5,000원","13:55,  스파이더맨: 파 프롬 홈(디지털),  6,000원","16:25,  갤버스턴(디지털),  6,000원","18:10,  스파이더맨: 파 프롬 홈(디지털),  6,000원","20:45,  기방도령(디지털),  6,000원",,,,,,,37
2019-07-15,01관,"09:30,  토이 스토리 4(디지털더빙),  6,000원","11:25,  스파이더맨: 파 프롬 홈(디지털)","14:00,  토이 스토리 4(디지털더빙),  6,000원","16:00,  스파이더맨: 파 프롬 홈(디지털)","18:35,  토이 스토리 4(디지털),  6,000원","20:35,  스파이더맨: 파 프롬 홈(디지털),  6,000원",,,,,,,57
2019-07-15,02관,"09:40,  갤버스턴(디지털),  5,000원","11:30,  기방도령(디지털),  6,000원","13:35,  스파이더맨: 파 프롬 홈(디지털),  6,000원","16:05,  토이 스토리 4(디지털더빙)","18:05,  스파이더맨: 파 프롬 홈(디지털)","20:30,  기방도령(디지털),  6,000원",,,,,,,37
2019-07-16,01관,"09:30,  갤버스턴(디지털)","11:20,  스파이더맨: 파 프롬 홈(디지털),  6,000원","13:50,  토이 스토리 4(디지털더빙),  6,000원","15:50,  기방도령(디지털),  6,000원","18:00,  토이 스토리 4(디지털),  6,000원","20:00,  스파이더맨: 파 프롬 홈(디지털),  6,000원",,,,,,,57
2019-07-16,02관,"09:30,  토이 스토리 4(디지털더빙),  6,000원","11:25,  기방도령(디지털),  6,000원",,"13:35,  스파이더맨: 파 프롬 홈(디지털),  6,000원","17:50,  스파이더맨: 파 프롬 홈(디지털),  6,000원","16:00,  갤버스턴(디지털)","20:20,  기방도령(디지털),  6,000원",,,,,,37
2019-07-17,01관,"10:30,  기방도령(디지털),  6,000원","12:35,  스파이더맨: 파 프롬 홈(디지털),  6,000원","15:00,  라이온 킹(디지털),  5,000원","17:15,  라이온 킹(디지털더빙),  6,000원","19:30,  스파이더맨: 파 프롬 홈(디지털),  6,000원","22:00,  라이온 킹(디지털),  6,000원",,,,,,,57
2019-07-17,02관,"10:20,  스파이더맨: 파 프롬 홈(디지털)","12:50,  기방도령(디지털),  6,000원","15:00,  라이온 킹(디지털),  6,000원","17:15,  스파이더맨: 파 프롬 홈(디지털),  6,000원","19:45,  라이온 킹(디지털),  6,000원","22:05,  기방도령(디지털),  6,000원",,,,,,,37
2019-07-18,01관,"09:30,  라이온 킹(디지털),  6,000원","11:50,  스파이더맨: 파 프롬 홈(디지털),  6,000원","14:20,  기방도령(디지털),  5,000원","16:30,  토이 스토리 4(디지털더빙),  6,000원","18:30,  기방도령(디지털),  6,000원","20:35,  라이온 킹(디지털),  6,000원",,,,,,,57
2019-07-18,02관,"09:40,  토이 스토리 4(디지털더빙)","11:45,  꼬마 물고기 이자벨: 바다 대모험(디지털더빙)","13:15,  라이온 킹(디지털),  6,000원","15:30,  기방도령(디지털),  6,000원","17:40,  라이온 킹(디지털),  6,000원","20:00,  스파이더맨: 파 프롬 홈(디지털),  6,000원",,,,,,,37
2019-07-19,01관,"09:50,  기방도령(디지털),  6,000원","12:00,  꼬마 물고기 이자벨: 바다 대모험(디지털더빙)","13:30,  라이온 킹(디지털더빙),  6,000원","16:10,  라이온 킹(디지털),  5,000원","18:30,  라이온 킹(디지털),  6,000원","20:50,  라이온 킹(디지털),  6,000원",,,,,,,57
2019-07-19,02관,"09:20,  꼬마 물고기 이자벨: 바다 대모험(디지털더빙),  6,000원","10:50,  기방도령(디지털),  6,000원","13:20,  라이온 킹(디지털더빙),  5,000원","15:40,  라이온 킹(디지털),  6,000원","18:00,  라이온 킹(디지털),  6,000원","20:20,  스파이더맨: 파 프롬 홈(디지털),  6,000원",,,,,,,37
2019-07-20,01관,"09:30,  기방도령(디지털)","11:35,  꼬마 물고기 이자벨: 바다 대모험(디지털더빙),  6,000원","13:10,  라이온 킹(디지털더빙),  6,000원","15:25,  스파이더맨: 파 프롬 홈(디지털),  6,000원","18:00,  라이온 킹(디지털),  6,000원","20:15,  스파이더맨: 파 프롬 홈(디지털),  6,000원",,,,,,,57
2019-07-20,02관,"11:45,  기방도령(디지털),  6,000원","13:55,  꼬마 물고기 이자벨: 바다 대모험(디지털더빙),  6,000원","15:30,  라이온 킹(디지털더빙),  6,000원","17:50,  스파이더맨: 파 프롬 홈(디지털),  6,000원","20:20,  라이온 킹(디지털),  6,000원","09:40,  토이 스토리 4(디지털더빙),  6,000원",,,,,,,37
2019-07-21,01관,"09:20,  라이온 킹(디지털더빙),  6,000원","11:35,  꼬마 물고기 이자벨: 바다 대모험(디지털더빙),  6,000원","13:00,  천로역정: 천국을 찾아서(디지털더빙),  5,000원","15:10,  천로역정: 천국을 찾아서(디지털더빙),  5,000원","17:25,  라이온 킹(디지털),  6,000원","19:45,  스파이더맨: 파 프롬 홈(디지털),  6,000원",,,,,,,57
2019-07-21,02관,"09:50,  꼬마 물고기 이자벨: 바다 대모험(디지털더빙),  6,000원","11:25,  기방도령(디지털),  6,000원","13:30,  라이온 킹(디지털더빙),  6,000원","15:45,  꼬마 물고기 이자벨: 바다 대모험(디지털더빙),  6,000원","17:15,  기방도령(디지털),  6,000원","19:20,  라이온 킹(디지털),  6,000원",,,,,,,37
2019-07-22,01관,"09:40,  극한직업(디지털),  5,000원","11:50,  스파이더맨: 파 프롬 홈(디지털),  6,000원","14:20,  꼬마 물고기 이자벨: 바다 대모험(디지털더빙),  6,000원","15:50,  라이온 킹(디지털),  6,000원","18:10,  스파이더맨: 파 프롬 홈(디지털),  6,000원","20:40,  라이온 킹(디지털),  6,000원",,,,,,,57
2019-07-22,02관,"09:40,  극한직업(디지털),  5,000원","11:55,  기방도령(디지털)","14:00,  라이온 킹(디지털),  6,000원","16:20,  꼬마 물고기 이자벨: 바다 대모험(디지털더빙),  6,000원","17:55,  라이온 킹(디지털),  6,000원","20:15,  기방도령(디지털),  6,000원",,,,,,,37
2019-07-23,01관,"09:40,  극한직업(디지털),  5,000원","11:50,  스파이더맨: 파 프롬 홈(디지털),  5,000원","14:20,  꼬마 물고기 이자벨: 바다 대모험(디지털더빙),  6,000원","15:50,  라이온 킹(디지털),  6,000원","18:10,  스파이더맨: 파 프롬 홈(디지털)","20:40,  라이온 킹(디지털),  6,000원",,,,,,,57
2019-07-23,02관,"09:40,  극한직업(디지털),  5,000원","11:55,  기방도령(디지털),  5,000원","14:00,  라이온 킹(디지털),  6,000원","16:20,  꼬마 물고기 이자벨: 바다 대모험(디지털더빙)","17:55,  라이온 킹(디지털),  6,000원","20:15,  기방도령(디지털),  6,000원",,,,,,,37
2019-07-24,01관,"09:40,  극한직업(디지털),  5,000원","12:00,  라이온 킹(디지털더빙),  6,000원","15:00,  나랏말싸미(디지털),  6,000원","19:40,  나랏말싸미(디지털),  6,000원","17:10,  스파이더맨: 파 프롬 홈(디지털),  5,000원","21:50,  라이온 킹(디지털),  6,000원",,,,,,,57
2019-07-24,02관,"09:40,  극한직업(디지털),  5,000원","13:25,  라이온 킹(디지털더빙),  6,000원","11:50,  꼬마 물고기 이자벨: 바다 대모험(디지털더빙)","15:45,  나랏말싸미(디지털),  6,000원","20:30,  스파이더맨: 파 프롬 홈(디지털),  6,000원","18:00,  라이온 킹(디지털),  6,000원",,,,,,,37
2019-07-25,01관,"09:40,  극한직업(디지털),  5,000원","11:50,  나랏말싸미(디지털),  6,000원","16:20,  나랏말싸미(디지털),  6,000원","20:50,  나랏말싸미(디지털),  6,000원","14:00,  라이온 킹(디지털더빙),  6,000원","18:30,  라이온 킹(디지털),  6,000원",,,,,,,57
2019-07-25,02관,"10:00,  라이온 킹(디지털더빙),  6,000원","18:45,  나랏말싸미(디지털),  6,000원","20:55,  라이온 킹(디지털),  6,000원","12:20,  꼬마 물고기 이자벨: 바다 대모험(디지털더빙),  6,000원","13:55,  스파이더맨: 파 프롬 홈(디지털),  6,000원","16:25,  라이온 킹(디지털),  6,000원",,,,,,,37
2019-07-26,01관,"09:40,  극한직업(디지털),  5,000원","11:50,  나랏말싸미(디지털),  6,000원","14:00,  라이온 킹(디지털더빙),  6,000원","16:20,  나랏말싸미(디지털),  6,000원","18:30,  라이온 킹(디지털),  6,000원","20:50,  나랏말싸미(디지털),  6,000원",,,,,,,57
2019-07-26,02관,"09:40,  극한직업(디지털),  5,000원","11:50,  라이온 킹(디지털더빙),  6,000원","14:10,  꼬마 물고기 이자벨: 바다 대모험(디지털더빙)","15:45,  라이온 킹(디지털),  6,000원","18:05,  나랏말싸미(디지털),  6,000원","20:15,  라이온 킹(디지털),  6,000원",,,,,,,37
2019-07-27,01관,"09:30,  라이온 킹(디지털더빙),  6,000원","11:50,  나랏말싸미(디지털),  6,000원","14:00,  라이온 킹(디지털),  6,000원","16:20,  스파이더맨: 파 프롬 홈(디지털),  6,000원","18:50,  나랏말싸미(디지털),  6,000원","21:00,  라이온 킹(디지털),  6,000원",,,,,,,57
2019-07-27,02관,"09:40,  나랏말싸미(디지털),  6,000원","12:00,  라이온 킹(디지털더빙),  6,000원","14:20,  꼬마 물고기 이자벨: 바다 대모험(디지털더빙),  6,000원","15:55,  나랏말싸미(디지털),  6,000원","18:05,  라이온 킹(디지털),  6,000원","20:25,  스파이더맨: 파 프롬 홈(디지털),  6,000원",,,,,,,37
2019-07-28,01관,"09:30,  라이온 킹(디지털더빙),  6,000원","11:50,  나랏말싸미(디지털),  6,000원","14:00,  라이온 킹(디지털),  6,000원","16:20,  나랏말싸미(디지털),  6,000원","18:30,  라이온 킹(디지털),  6,000원","20:50,  스파이더맨: 파 프롬 홈(디지털),  6,000원",,,,,,,57
2019-07-28,02관,"09:40,  나랏말싸미(디지털),  6,000원","12:00,  라이온 킹(디지털더빙),  6,000원","14:20,  꼬마 물고기 이자벨: 바다 대모험(디지털더빙),  6,000원","15:55,  라이온 킹(디지털),  6,000원","18:15,  나랏말싸미(디지털),  6,000원","20:25,  라이온 킹(디지털),  6,000원",,,,,,,37
2019-07-29,01관,"09:30,  라이온 킹(디지털더빙),  6,000원","11:50,  나랏말싸미(디지털),  6,000원","16:20,  나랏말싸미(디지털),  6,000원","14:00,  라이온 킹(디지털),  6,000원","18:30,  라이온 킹(디지털),  6,000원","20:50,  스파이더맨: 파 프롬 홈(디지털),  6,000원",,,,,,,57
2019-07-29,02관,"12:00,  라이온 킹(디지털더빙),  6,000원","09:40,  나랏말싸미(디지털),  6,000원","18:15,  나랏말싸미(디지털)","15:55,  라이온 킹(디지털),  6,000원","14:20,  꼬마 물고기 이자벨: 바다 대모험(디지털더빙),  6,000원","20:25,  라이온 킹(디지털),  6,000원",,,,,,,37
2019-07-30,01관,"09:30,  라이온 킹(디지털더빙),  6,000원","11:50,  나랏말싸미(디지털),  6,000원","16:20,  나랏말싸미(디지털),  6,000원","14:00,  라이온 킹(디지털),  6,000원","18:30,  라이온 킹(디지털),  6,000원","20:50,  스파이더맨: 파 프롬 홈(디지털),  6,000원",,,,,,,57
2019-07-30,02관,"12:00,  라이온 킹(디지털더빙),  6,000원","09:40,  나랏말싸미(디지털),  6,000원","18:15,  나랏말싸미(디지털),  6,000원","15:55,  라이온 킹(디지털),  6,000원","14:20,  꼬마 물고기 이자벨: 바다 대모험(디지털더빙),  6,000원","20:25,  라이온 킹(디지털),  6,000원",,,,,,,37
2019-07-31,01관,"09:00,  나랏말싸미(디지털),  5,000원","11:15,  엑시트(디지털),  5,000원","13:20,  사자(디지털),  5,000원","15:50,  나랏말싸미(디지털),  5,000원","18:05,  엑시트(디지털),  5,000원","20:15,  사자(디지털),  5,000원",,,,,,,57
2019-07-31,02관,"09:00,  엑시트(디지털),  5,000원","11:10,  라이온 킹(디지털더빙),  5,000원","13:30,  마이펫의 이중생활 2(디지털더빙),  5,000원","15:15,  사자(디지털),  5,000원","17:50,  마이펫의 이중생활 2(디지털더빙),  5,000원","19:50,  라이온 킹(디지털),  5,000원",,,,,,,37
2019-08-01,01관,"09:40,  나랏말싸미(디지털),  5,000원","11:50,  엑시트(디지털),  6,000원","14:00,  사자(디지털),  6,000원","16:30,  나랏말싸미(디지털),  6,000원","18:40,  엑시트(디지털),  6,000원","20:45,  사자(디지털),  6,000원",,,,,,,57
2019-08-01,02관,"10:00,  라이온 킹(디지털더빙),  6,000원","12:20,  마이펫의 이중생활 2(디지털더빙),  6,000원","14:05,  라이온 킹(디지털),  6,000원","16:25,  마이펫의 이중생활 2(디지털더빙),  6,000원","18:10,  사자(디지털),  6,000원","20:40,  엑시트(디지털),  6,000원",,,,,,,37
2019-08-02,01관,"09:40,  나랏말싸미(디지털),  6,000원","11:50,  엑시트(디지털),  6,000원","14:00,  사자(디지털),  6,000원","16:30,  나랏말싸미(디지털),  6,000원","18:40,  엑시트(디지털),  6,000원","20:45,  사자(디지털),  6,000원",,,,,,,57
2019-08-02,02관,"10:00,  라이온 킹(디지털더빙),  6,000원","12:20,  마이펫의 이중생활 2(디지털더빙),  6,000원","14:05,  라이온 킹(디지털),  6,000원","16:25,  마이펫의 이중생활 2(디지털더빙),  6,000원","18:10,  사자(디지털),  6,000원","20:40,  엑시트(디지털),  6,000원",,,,,,,37
2019-08-03,01관,"09:40,  나랏말싸미(디지털),  6,000원","11:50,  엑시트(디지털),  6,000원","14:00,  사자(디지털),  6,000원","16:30,  나랏말싸미(디지털),  6,000원","18:40,  엑시트(디지털),  6,000원","20:45,  사자(디지털),  6,000원",,,,,,,57
2019-08-03,02관,"10:00,  라이온 킹(디지털더빙),  6,000원","12:20,  마이펫의 이중생활 2(디지털더빙),  6,000원","14:05,  라이온 킹(디지털),  6,000원","16:25,  마이펫의 이중생활 2(디지털더빙),  6,000원","18:10,  사자(디지털),  6,000원","20:40,  엑시트(디지털),  6,000원",,,,,,,37
2019-08-04,01관,"09:40,  나랏말싸미(디지털),  6,000원","11:50,  엑시트(디지털),  6,000원","14:00,  사자(디지털),  6,000원","16:30,  나랏말싸미(디지털),  6,000원","18:40,  엑시트(디지털),  6,000원","20:45,  사자(디지털),  6,000원",,,,,,,57
2019-08-04,02관,"10:00,  라이온 킹(디지털더빙),  6,000원","12:20,  마이펫의 이중생활 2(디지털더빙),  6,000원","14:05,  라이온 킹(디지털),  6,000원","16:25,  마이펫의 이중생활 2(디지털더빙),  6,000원","18:10,  사자(디지털),  6,000원","20:40,  엑시트(디지털),  6,000원",,,,,,,37
2019-08-05,01관,"09:40,  나랏말싸미(디지털),  6,000원","11:50,  엑시트(디지털),  6,000원","14:00,  사자(디지털),  6,000원","16:30,  나랏말싸미(디지털),  6,000원","18:40,  엑시트(디지털),  6,000원","20:45,  사자(디지털),  6,000원",,,,,,,57
2019-08-05,02관,"10:00,  라이온 킹(디지털더빙),  6,000원","12:20,  마이펫의 이중생활 2(디지털더빙),  6,000원","14:05,  라이온 킹(디지털),  6,000원","16:25,  마이펫의 이중생활 2(디지털더빙),  6,000원","18:10,  사자(디지털),  6,000원","20:40,  엑시트(디지털),  6,000원",,,,,,,37
2019-08-06,01관,"09:40,  나랏말싸미(디지털)","11:50,  엑시트(디지털),  6,000원","14:00,  사자(디지털),  6,000원","16:30,  나랏말싸미(디지털),  5,000원","18:40,  엑시트(디지털),  6,000원","20:45,  사자(디지털),  6,000원",,,,,,,57
2019-08-06,02관,"10:00,  라이온 킹(디지털더빙)","12:20,  마이펫의 이중생활 2(디지털더빙),  6,000원","14:05,  라이온 킹(디지털),  6,000원","16:25,  마이펫의 이중생활 2(디지털더빙),  6,000원","18:10,  사자(디지털),  6,000원","20:40,  엑시트(디지털),  6,000원","08:20,  사일런스(디지털),  5,000원",,,,,,37
2019-08-07,01관,"09:20,  나랏말싸미(디지털)","11:25,  엑시트(디지털),  6,000원","13:30,  마이펫의 이중생활 2(디지털더빙),  6,000원","15:15,  봉오동 전투(디지털),  6,000원","17:50,  엑시트(디지털),  6,000원","20:20,  봉오동 전투(디지털),  6,000원",,,,,,,57
2019-08-07,02관,"10:00,  마이펫의 이중생활 2(디지털더빙),  6,000원","11:45,  앵그리 버드 2: 독수리 왕국의 침공(디지털더빙),  5,000원","13:45,  라이온 킹(디지털),  6,000원","16:10,  앵그리 버드 2: 독수리 왕국의 침공(디지털더빙),  6,000원","18:30,  봉오동 전투(디지털),  6,000원","21:05,  사자(디지털),  6,000원",,,,,,,37
2019-08-08,01관,"09:20,  나랏말싸미(디지털),  6,000원","11:30,  봉오동 전투(디지털),  6,000원","14:05,  엑시트(디지털),  6,000원","16:10,  봉오동 전투(디지털),  6,000원","18:45,  엑시트(디지털),  6,000원","20:50,  봉오동 전투(디지털),  6,000원",,,,,,,57
2019-08-08,02관,"10:00,  마이펫의 이중생활 2(디지털더빙),  5,000원","12:00,  앵그리 버드 2: 독수리 왕국의 침공(디지털더빙),  6,000원","14:00,  라이온 킹(디지털더빙),  6,000원","16:20,  앵그리 버드 2: 독수리 왕국의 침공(디지털더빙),  6,000원","18:20,  마이펫의 이중생활 2(디지털더빙),  6,000원","20:05,  사자(디지털),  6,000원",,,,,,,37
2019-08-09,01관,"09:20,  엑시트(디지털),  6,000원","11:25,  봉오동 전투(디지털),  6,000원","14:05,  엑시트(디지털),  6,000원","16:35,  봉오동 전투(디지털),  6,000원","19:10,  엑시트(디지털),  6,000원","21:10,  봉오동 전투(디지털),  6,000원",,,,,,,57
2019-08-09,02관,"10:00,  마이펫의 이중생활 2(디지털더빙),  5,000원","12:00,  앵그리 버드 2: 독수리 왕국의 침공(디지털더빙),  6,000원","14:00,  라이온 킹(디지털),  6,000원","16:25,  앵그리 버드 2: 독수리 왕국의 침공(디지털더빙),  6,000원","18:25,  마이펫의 이중생활 2(디지털더빙),  6,000원","20:20,  사자(디지털),  6,000원",,,,,,,37
2019-08-10,01관,"09:20,  나랏말싸미(디지털),  6,000원","11:30,  봉오동 전투(디지털),  6,000원","14:05,  엑시트(디지털),  6,000원","16:10,  봉오동 전투(디지털),  6,000원","18:45,  엑시트(디지털),  6,000원","20:50,  봉오동 전투(디지털),  6,000원",,,,,,,57
2019-08-10,02관,"10:00,  마이펫의 이중생활 2(디지털더빙),  6,000원","12:00,  앵그리 버드 2: 독수리 왕국의 침공(디지털더빙),  6,000원","14:00,  라이온 킹(디지털더빙),  6,000원","16:20,  앵그리 버드 2: 독수리 왕국의 침공(디지털더빙),  6,000원","18:20,  마이펫의 이중생활 2(디지털더빙),  6,000원","20:05,  사자(디지털),  6,000원",,,,,,,37
2019-08-11,01관,"09:20,  엑시트(디지털),  6,000원","11:25,  봉오동 전투(디지털),  6,000원","14:05,  엑시트(디지털),  6,000원","16:35,  봉오동 전투(디지털),  6,000원","19:10,  엑시트(디지털),  6,000원","21:10,  봉오동 전투(디지털),  6,000원",,,,,,,57
2019-08-11,02관,"10:00,  마이펫의 이중생활 2(디지털더빙),  6,000원","12:00,  앵그리 버드 2: 독수리 왕국의 침공(디지털더빙),  6,000원","14:00,  라이온 킹(디지털),  6,000원","16:25,  앵그리 버드 2: 독수리 왕국의 침공(디지털더빙),  6,000원","18:25,  마이펫의 이중생활 2(디지털더빙),  6,000원","20:20,  사자(디지털),  6,000원",,,,,,,37
2019-08-12,01관,"09:20,  나랏말싸미(디지털),  6,000원","11:30,  봉오동 전투(디지털),  6,000원","14:05,  엑시트(디지털),  6,000원","16:10,  봉오동 전투(디지털),  6,000원","18:45,  엑시트(디지털),  6,000원","20:50,  봉오동 전투(디지털),  6,000원",,,,,,,57
2019-08-12,02관,"10:00,  마이펫의 이중생활 2(디지털더빙),  6,000원","12:00,  앵그리 버드 2: 독수리 왕국의 침공(디지털더빙),  6,000원","14:00,  라이온 킹(디지털더빙),  6,000원","16:20,  앵그리 버드 2: 독수리 왕국의 침공(디지털더빙),  6,000원","18:20,  마이펫의 이중생활 2(디지털더빙),  6,000원","20:05,  사자(디지털),  6,000원",,,,,,,37
2019-08-13,01관,"09:20,  엑시트(디지털),  6,000원","11:25,  봉오동 전투(디지털),  6,000원",,"16:35,  봉오동 전투(디지털),  6,000원","19:10,  나랏말싸미(디지털),  6,000원","21:20,  봉오동 전투(디지털),  6,000원","14:05,  엑시트(디지털),  6,000원",,,,,,57
2019-08-13,02관,"10:00,  마이펫의 이중생활 2(디지털더빙),  6,000원","12:00,  앵그리 버드 2: 독수리 왕국의 침공(디지털더빙),  6,000원","14:00,  라이온 킹(디지털),  6,000원","16:25,  앵그리 버드 2: 독수리 왕국의 침공(디지털더빙),  6,000원","18:25,  마이펫의 이중생활 2(디지털더빙),  6,000원","20:20,  사자(디지털),  6,000원","08:00,  기방도령(디지털),  5,000원",,,,,,37
2019-08-14,01관,"09:50,  엑시트(디지털),  6,000원","11:55,  마이펫의 이중생활 2(디지털더빙),  6,000원","13:40,  원더랜드(디지털더빙),  5,000원","15:25,  봉오동 전투(디지털),  6,000원","18:10,  분노의 질주: 홉스&쇼(디지털),  6,000원","20:45,  봉오동 전투(디지털),  6,000원",,,,,,,57
2019-08-14,02관,"09:30,  안녕, 티라노: 영원히, 함께(디지털더빙),  6,000원","11:30,  앵그리 버드 2: 독수리 왕국의 침공(디지털더빙)","13:30,  안녕, 티라노: 영원히, 함께(디지털더빙),  6,000원","15:30,  봉오동 전투(디지털),  6,000원","18:20,  엑시트(디지털),  6,000원","20:25,  분노의 질주: 홉스&쇼(디지털),  6,000원",,,,,,,37
2019-08-15,01관,"09:40,  엑시트(디지털),  6,000원","11:40,  마이펫의 이중생활 2(디지털더빙),  6,000원","13:25,  안녕, 티라노: 영원히, 함께(디지털더빙),  6,000원","15:25,  봉오동 전투(디지털),  6,000원","18:00,  분노의 질주: 홉스&쇼(디지털),  6,000원","20:40,  봉오동 전투(디지털),  6,000원",,,,,,,57
2019-08-15,02관,,"11:45,  앵그리 버드 2: 독수리 왕국의 침공(디지털더빙),  6,000원","13:45,  원더랜드(디지털더빙),  6,000원","15:45,  분노의 질주: 홉스&쇼(디지털),  6,000원","18:20,  봉오동 전투(디지털),  6,000원","20:55,  분노의 질주: 홉스&쇼(디지털),  6,000원","10:00,  원더랜드(디지털더빙),  6,000원",,,,,,37
2019-08-16,01관,"09:40,  엑시트(디지털),  6,000원","11:45,  마이펫의 이중생활 2(디지털더빙),  5,000원","13:30,  원더랜드(디지털더빙),  6,000원","15:15,  봉오동 전투(디지털),  6,000원","17:50,  분노의 질주: 홉스&쇼(디지털),  6,000원","20:30,  봉오동 전투(디지털),  6,000원",,,,,,,57
2019-08-16,02관,"10:00,  안녕, 티라노: 영원히, 함께(디지털더빙),  6,000원","12:00,  앵그리 버드 2: 독수리 왕국의 침공(디지털더빙),  6,000원","14:00,  안녕, 티라노: 영원히, 함께(디지털더빙),  6,000원","16:00,  분노의 질주: 홉스&쇼(디지털),  6,000원","18:40,  봉오동 전투(디지털),  6,000원","21:15,  분노의 질주: 홉스&쇼(디지털),  6,000원",,,,,,,37
2019-08-17,01관,"09:40,  엑시트(디지털),  6,000원","11:40,  마이펫의 이중생활 2(디지털더빙),  6,000원","13:25,  안녕, 티라노: 영원히, 함께(디지털더빙),  6,000원","15:25,  봉오동 전투(디지털),  6,000원","18:00,  분노의 질주: 홉스&쇼(디지털),  6,000원","20:40,  봉오동 전투(디지털),  6,000원",,,,,,,57
2019-08-17,02관,,"11:45,  앵그리 버드 2: 독수리 왕국의 침공(디지털더빙),  6,000원","13:45,  원더랜드(디지털더빙),  6,000원","15:45,  분노의 질주: 홉스&쇼(디지털),  6,000원","18:20,  봉오동 전투(디지털),  6,000원","20:55,  분노의 질주: 홉스&쇼(디지털),  6,000원","10:00,  원더랜드(디지털더빙),  6,000원",,,,,,37
2019-08-18,01관,"09:40,  엑시트(디지털),  6,000원","11:45,  마이펫의 이중생활 2(디지털더빙),  6,000원","13:30,  원더랜드(디지털더빙),  6,000원","15:15,  봉오동 전투(디지털),  6,000원","17:50,  분노의 질주: 홉스&쇼(디지털),  6,000원","20:30,  봉오동 전투(디지털),  6,000원",,,,,,,57
2019-08-18,02관,"10:00,  안녕, 티라노: 영원히, 함께(디지털더빙),  5,000원","12:00,  앵그리 버드 2: 독수리 왕국의 침공(디지털더빙),  6,000원","14:00,  안녕, 티라노: 영원히, 함께(디지털더빙),  6,000원","16:00,  분노의 질주: 홉스&쇼(디지털),  6,000원","18:40,  봉오동 전투(디지털),  6,000원","21:15,  분노의 질주: 홉스&쇼(디지털),  6,000원",,,,,,,37
2019-08-19,01관,"09:40,  엑시트(디지털),  6,000원","11:40,  마이펫의 이중생활 2(디지털더빙)","13:25,  안녕, 티라노: 영원히, 함께(디지털더빙),  5,000원","15:25,  봉오동 전투(디지털),  6,000원","18:00,  분노의 질주: 홉스&쇼(디지털),  6,000원","20:40,  봉오동 전투(디지털),  6,000원",,,,,,,57
2019-08-19,02관,,"11:45,  앵그리 버드 2: 독수리 왕국의 침공(디지털더빙),  6,000원","13:45,  원더랜드(디지털더빙),  5,000원","15:45,  분노의 질주: 홉스&쇼(디지털),  6,000원","18:20,  봉오동 전투(디지털),  6,000원","20:55,  분노의 질주: 홉스&쇼(디지털),  6,000원","10:00,  원더랜드(디지털더빙)",,,,,,37
2019-08-20,01관,"09:40,  원더랜드(디지털더빙),  6,000원","11:25,  엑시트(디지털),  6,000원","13:30,  원더랜드(디지털더빙),  6,000원","15:15,  봉오동 전투(디지털),  6,000원","17:50,  분노의 질주: 홉스&쇼(디지털),  6,000원","20:30,  봉오동 전투(디지털),  6,000원",,,,,,,57
2019-08-20,02관,"10:00,  안녕, 티라노: 영원히, 함께(디지털더빙),  6,000원","12:00,  앵그리 버드 2: 독수리 왕국의 침공(디지털더빙),  6,000원","14:00,  안녕, 티라노: 영원히, 함께(디지털더빙),  6,000원","16:00,  분노의 질주: 홉스&쇼(디지털),  6,000원","18:40,  봉오동 전투(디지털),  6,000원","21:15,  분노의 질주: 홉스&쇼(디지털),  6,000원",,,,,,,37
2019-08-21,01관,"09:30,  봉오동 전투(디지털),  6,000원","12:00,  광대들: 풍문조작단(디지털),  6,000원","14:10,  봉오동 전투(디지털),  6,000원","16:45,  변신(디지털),  6,000원","19:00,  광대들: 풍문조작단(디지털),  6,000원","21:10,  변신(디지털),  6,000원",,,,,,,57
2019-08-21,02관,"10:00,  원더랜드(디지털더빙),  5,000원","11:45,  안녕, 티라노: 영원히, 함께(디지털더빙)","13:45,  엑시트(디지털),  6,000원","15:50,  분노의 질주: 홉스&쇼(디지털),  6,000원","18:30,  엑시트(디지털),  6,000원","20:35,  분노의 질주: 홉스&쇼(디지털),  6,000원",,,,,,,37
2019-08-22,01관,"09:30,  봉오동 전투(디지털),  6,000원","12:25,  엑시트(디지털),  6,000원","14:30,  봉오동 전투(디지털),  6,000원","17:05,  광대들: 풍문조작단(디지털),  6,000원","19:15,  광대들: 풍문조작단(디지털),  6,000원","21:25,  변신(디지털),  6,000원",,,,,,,57
2019-08-22,02관,"10:00,  원더랜드(디지털더빙),  6,000원","11:45,  안녕, 티라노: 영원히, 함께(디지털더빙),  6,000원","13:45,  분노의 질주: 홉스&쇼(디지털),  6,000원","16:25,  변신(디지털),  6,000원","18:40,  분노의 질주: 홉스&쇼(디지털),  6,000원","21:20,  엑시트(디지털),  6,000원",,,,,,,37
2019-08-23,01관,"09:30,  봉오동 전투(디지털),  6,000원","12:25,  엑시트(디지털),  6,000원","14:30,  봉오동 전투(디지털),  6,000원",,"17:05,  광대들: 풍문조작단(디지털),  6,000원","19:15,  광대들: 풍문조작단(디지털),  6,000원","21:25,  변신(디지털),  6,000원",,,,,,57
2019-08-23,02관,"10:00,  원더랜드(디지털더빙)","11:45,  안녕, 티라노: 영원히, 함께(디지털더빙),  6,000원","13:45,  분노의 질주: 홉스&쇼(디지털),  6,000원","16:25,  변신(디지털),  6,000원","18:40,  분노의 질주: 홉스&쇼(디지털),  6,000원","21:20,  엑시트(디지털),  6,000원",,,,,,,37
2019-08-24,01관,"09:50,  봉오동 전투(디지털),  6,000원","12:25,  엑시트(디지털),  6,000원","14:30,  봉오동 전투(디지털),  6,000원","17:05,  광대들: 풍문조작단(디지털),  6,000원","19:15,  광대들: 풍문조작단(디지털),  6,000원","21:25,  변신(디지털),  6,000원",,,,,,,57
2019-08-24,02관,"10:00,  원더랜드(디지털더빙),  6,000원","11:45,  안녕, 티라노: 영원히, 함께(디지털더빙),  6,000원","13:45,  분노의 질주: 홉스&쇼(디지털),  6,000원","16:25,  변신(디지털),  6,000원","18:40,  분노의 질주: 홉스&쇼(디지털),  6,000원","21:20,  엑시트(디지털),  6,000원",,,,,,,37
2019-08-25,01관,"09:50,  봉오동 전투(디지털)","12:25,  엑시트(디지털),  6,000원","14:30,  봉오동 전투(디지털),  6,000원","17:05,  광대들: 풍문조작단(디지털),  6,000원","19:15,  광대들: 풍문조작단(디지털),  6,000원","21:25,  변신(디지털),  6,000원",,,,,,,57
2019-08-25,02관,"10:00,  원더랜드(디지털더빙)","11:45,  안녕, 티라노: 영원히, 함께(디지털더빙),  6,000원","13:45,  분노의 질주: 홉스&쇼(디지털),  6,000원","16:25,  변신(디지털),  6,000원","21:20,  엑시트(디지털),  6,000원",,,,,,,,37
2019-08-26,01관,"09:50,  봉오동 전투(디지털),  6,000원","12:25,  엑시트(디지털),  6,000원","14:30,  봉오동 전투(디지털),  6,000원","17:05,  광대들: 풍문조작단(디지털),  6,000원","19:15,  광대들: 풍문조작단(디지털),  6,000원","21:25,  변신(디지털),  5,000원",,,,,,,57
2019-08-26,02관,"10:00,  원더랜드(디지털더빙)","11:45,  안녕, 티라노: 영원히, 함께(디지털더빙)","13:45,  분노의 질주: 홉스&쇼(디지털),  6,000원","16:25,  변신(디지털),  6,000원","18:40,  분노의 질주: 홉스&쇼(디지털),  6,000원","21:20,  엑시트(디지털),  6,000원",,,,,,,37
2019-08-27,01관,"09:50,  봉오동 전투(디지털),  6,000원","12:25,  엑시트(디지털),  6,000원","14:30,  봉오동 전투(디지털),  6,000원","17:05,  광대들: 풍문조작단(디지털),  6,000원","19:15,  광대들: 풍문조작단(디지털),  6,000원","21:25,  변신(디지털),  5,000원",,,,,,,57
2019-08-27,02관,"10:00,  원더랜드(디지털더빙)","11:45,  안녕, 티라노: 영원히, 함께(디지털더빙),  6,000원","13:45,  분노의 질주: 홉스&쇼(디지털),  6,000원","16:25,  변신(디지털),  6,000원","18:40,  분노의 질주: 홉스&쇼(디지털),  6,000원","21:20,  엑시트(디지털),  6,000원",,,,,,,37
2019-08-28,01관,"10:00,  엑시트(디지털),  5,000원","12:05,  분노의 질주: 홉스&쇼(디지털),  6,000원","14:40,  47미터 2(디지털),  5,000원","16:30,  유열의 음악앨범(디지털),  5,000원","18:55,  47미터 2(디지털),  5,000원","20:45,  유열의 음악앨범(디지털),  5,000원",,,,,,,57
2019-08-28,02관,"09:40,  봉오동 전투(디지털),  5,000원","12:15,  광대들: 풍문조작단(디지털),  5,000원","14:25,  봉오동 전투(디지털),  5,000원","17:00,  변신(디지털),  5,000원","19:15,  광대들: 풍문조작단(디지털),  5,000원","21:20,  변신(디지털),  5,000원",,,,,,,37
2019-08-29,01관,"10:00,  엑시트(디지털),  6,000원","12:05,  분노의 질주: 홉스&쇼(디지털),  6,000원","14:40,  47미터 2(디지털),  6,000원","16:30,  유열의 음악앨범(디지털),  6,000원","18:55,  47미터 2(디지털),  6,000원","20:45,  유열의 음악앨범(디지털),  6,000원",,,,,,,57
2019-08-29,02관,"09:40,  봉오동 전투(디지털)","12:15,  광대들: 풍문조작단(디지털),  6,000원","14:25,  봉오동 전투(디지털),  6,000원","17:00,  변신(디지털),  6,000원","19:15,  광대들: 풍문조작단(디지털),  6,000원","21:20,  변신(디지털),  6,000원",,,,,,,37
2019-08-30,01관,"10:00,  엑시트(디지털),  6,000원","12:05,  분노의 질주: 홉스&쇼(디지털),  6,000원","14:40,  47미터 2(디지털),  6,000원","16:30,  유열의 음악앨범(디지털)","18:55,  47미터 2(디지털),  6,000원","20:45,  유열의 음악앨범(디지털),  6,000원",,,,,,,57
2019-08-30,02관,"09:40,  봉오동 전투(디지털),  5,000원","12:15,  광대들: 풍문조작단(디지털),  6,000원","14:25,  봉오동 전투(디지털),  6,000원","17:00,  변신(디지털),  6,000원","19:15,  광대들: 풍문조작단(디지털),  6,000원","21:20,  변신(디지털),  6,000원",,,,,,,37
2019-08-31,01관,"10:00,  엑시트(디지털),  6,000원","12:05,  분노의 질주: 홉스&쇼(디지털),  6,000원","14:40,  47미터 2(디지털),  6,000원","16:30,  유열의 음악앨범(디지털),  6,000원","18:55,  47미터 2(디지털),  6,000원","20:45,  유열의 음악앨범(디지털),  6,000원",,,,,,,57
2019-08-31,02관,"09:40,  봉오동 전투(디지털)","12:15,  광대들: 풍문조작단(디지털),  6,000원","14:25,  봉오동 전투(디지털),  6,000원","17:00,  변신(디지털),  6,000원","19:15,  광대들: 풍문조작단(디지털),  6,000원","21:20,  변신(디지털),  6,000원",,,,,,,37
2019-09-01,01관,"10:00,  엑시트(디지털),  6,000원","12:05,  분노의 질주: 홉스&쇼(디지털),  6,000원","14:40,  47미터 2(디지털),  6,000원","18:55,  47미터 2(디지털),  6,000원","16:30,  유열의 음악앨범(디지털),  6,000원","20:45,  유열의 음악앨범(디지털),  6,000원",,,,,,,57
2019-09-01,02관,"09:40,  봉오동 전투(디지털)","14:25,  봉오동 전투(디지털),  6,000원","12:15,  광대들: 풍문조작단(디지털),  6,000원","19:15,  광대들: 풍문조작단(디지털),  6,000원","17:00,  변신(디지털),  6,000원","21:20,  변신(디지털),  6,000원",,,,,,,37
2019-09-02,01관,"10:00,  엑시트(디지털),  6,000원","12:05,  분노의 질주: 홉스&쇼(디지털),  6,000원","14:40,  47미터 2(디지털)","16:30,  유열의 음악앨범(디지털),  6,000원","18:55,  47미터 2(디지털),  6,000원","20:45,  유열의 음악앨범(디지털),  6,000원",,,,,,,57
2019-09-02,02관,"09:40,  봉오동 전투(디지털),  6,000원","12:15,  광대들: 풍문조작단(디지털),  6,000원","14:25,  봉오동 전투(디지털),  6,000원","17:00,  변신(디지털),  6,000원","19:15,  광대들: 풍문조작단(디지털),  6,000원","21:20,  변신(디지털),  6,000원",,,,,,,37
2019-09-03,01관,"10:00,  엑시트(디지털),  6,000원","12:05,  분노의 질주: 홉스&쇼(디지털),  6,000원","14:40,  47미터 2(디지털)","16:30,  유열의 음악앨범(디지털),  6,000원","18:55,  47미터 2(디지털),  6,000원","20:45,  유열의 음악앨범(디지털),  6,000원",,,,,,,57
2019-09-03,02관,"09:40,  봉오동 전투(디지털),  6,000원","12:15,  광대들: 풍문조작단(디지털),  6,000원","14:25,  봉오동 전투(디지털),  6,000원","17:00,  변신(디지털),  5,000원","19:15,  광대들: 풍문조작단(디지털),  6,000원","21:20,  변신(디지털),  6,000원",,,,,,,37
2019-09-04,01관,"09:20,  분노의 질주: 홉스&쇼(디지털),  6,000원","11:55,  광대들: 풍문조작단(디지털),  6,000원","14:05,  47미터 2(디지털),  6,000원","15:55,  그것: 두 번째 이야기(디지털)","19:00,  47미터 2(디지털),  6,000원","20:50,  그것: 두 번째 이야기(디지털),  6,000원",,,,,,,57
2019-09-04,02관,"09:40,  유열의 음악앨범(디지털),  6,000원","12:05,  변신(디지털)","14:20,  봉오동 전투(디지털),  6,000원","17:00,  광대들: 풍문조작단(디지털),  6,000원","19:10,  유열의 음악앨범(디지털),  6,000원","21:30,  변신(디지털),  6,000원","23:40,  이스케이프 플랜 3(디지털),  5,000원",,,,,,37
2019-09-05,01관,"09:20,  분노의 질주: 홉스&쇼(디지털)","11:55,  광대들: 풍문조작단(디지털),  6,000원","14:05,  47미터 2(디지털)","15:55,  그것: 두 번째 이야기(디지털),  6,000원","21:00,  그것: 두 번째 이야기(디지털),  6,000원","19:00,  김복동(디지털),  5,000원",,,,,,,57
2019-09-05,02관,,"09:40,  유열의 음악앨범(디지털),  6,000원","19:10,  유열의 음악앨범(디지털),  6,000원","12:05,  변신(디지털)","21:30,  변신(디지털),  6,000원","14:20,  봉오동 전투(디지털),  6,000원","17:00,  광대들: 풍문조작단(디지털)",,,,,,37
2019-09-06,01관,"09:20,  분노의 질주: 홉스&쇼(디지털)","11:55,  광대들: 풍문조작단(디지털),  6,000원","14:05,  47미터 2(디지털)","15:55,  그것: 두 번째 이야기(디지털),  6,000원","19:00,  47미터 2(디지털),  6,000원","20:50,  그것: 두 번째 이야기(디지털),  6,000원",,,,,,,57
2019-09-06,02관,"09:40,  유열의 음악앨범(디지털),  6,000원","12:05,  변신(디지털),  6,000원","14:20,  봉오동 전투(디지털),  6,000원","17:00,  광대들: 풍문조작단(디지털)","19:10,  유열의 음악앨범(디지털),  6,000원","21:30,  변신(디지털),  6,000원",,,,,,,37
2019-09-07,01관,"09:20,  분노의 질주: 홉스&쇼(디지털)","11:55,  광대들: 풍문조작단(디지털),  6,000원","14:05,  47미터 2(디지털),  6,000원","15:55,  그것: 두 번째 이야기(디지털),  6,000원","19:00,  47미터 2(디지털),  6,000원","20:50,  그것: 두 번째 이야기(디지털),  6,000원",,,,,,,57
2019-09-07,02관,"09:40,  유열의 음악앨범(디지털),  6,000원","12:05,  변신(디지털),  6,000원","14:20,  봉오동 전투(디지털),  6,000원","17:00,  광대들: 풍문조작단(디지털),  6,000원","19:10,  유열의 음악앨범(디지털),  6,000원","21:30,  변신(디지털),  6,000원",,,,,,,37
2019-09-08,01관,"09:20,  분노의 질주: 홉스&쇼(디지털),  6,000원","11:55,  광대들: 풍문조작단(디지털),  6,000원","14:05,  47미터 2(디지털),  6,000원","15:55,  그것: 두 번째 이야기(디지털),  6,000원","19:00,  47미터 2(디지털),  6,000원","20:50,  그것: 두 번째 이야기(디지털),  5,000원",,,,,,,57
2019-09-08,02관,"09:20,  유열의 음악앨범(디지털),  6,000원","11:45,  변신(디지털),  6,000원","14:00,  봉오동 전투(디지털),  6,000원","16:35,  광대들: 풍문조작단(디지털),  6,000원","21:20,  변신(디지털),  6,000원",,,,,,,,37
2019-09-09,01관,"09:20,  분노의 질주: 홉스&쇼(디지털),  6,000원","11:55,  광대들: 풍문조작단(디지털),  6,000원","14:05,  47미터 2(디지털)","15:55,  그것: 두 번째 이야기(디지털),  5,000원","19:00,  47미터 2(디지털),  6,000원","20:50,  그것: 두 번째 이야기(디지털),  6,000원",,,,,,,57
2019-09-09,02관,"09:20,  유열의 음악앨범(디지털),  6,000원","11:45,  변신(디지털)","14:00,  봉오동 전투(디지털),  5,000원","16:35,  광대들: 풍문조작단(디지털),  6,000원","18:45,  유열의 음악앨범(디지털)","21:10,  변신(디지털),  6,000원",,,,,,,37
2019-09-10,01관,"09:20,  분노의 질주: 홉스&쇼(디지털),  6,000원","11:55,  광대들: 풍문조작단(디지털),  6,000원","14:05,  47미터 2(디지털),  6,000원","15:55,  그것: 두 번째 이야기(디지털),  6,000원","19:00,  47미터 2(디지털)","20:50,  그것: 두 번째 이야기(디지털),  6,000원",,,,,,,57
2019-09-10,02관,"09:40,  유열의 음악앨범(디지털),  6,000원","12:05,  변신(디지털)","14:20,  봉오동 전투(디지털),  6,000원","17:00,  광대들: 풍문조작단(디지털),  5,000원","19:10,  유열의 음악앨범(디지털),  6,000원","21:30,  변신(디지털),  6,000원",,,,,,,37
2019-09-11,01관,,"12:25,  극장판 반지의 비밀일기(디지털),  6,000원","14:00,  힘을 내요, 미스터 리(디지털),  6,000원","16:20,  나쁜 녀석들: 더 무비(디지털),  6,000원","18:40,  타짜: 원 아이드 잭(디지털),  6,000원","21:20,  힘을 내요, 미스터 리(디지털),  6,000원","09:40,  타짜: 원 아이드 잭(디지털),  6,000원",,,,,,57
2019-09-11,02관,"13:45,  극장판 반지의 비밀일기(디지털)","15:20,  그것: 두 번째 이야기(디지털),  6,000원","18:25,  나쁜 녀석들: 더 무비(디지털),  6,000원","20:40,  타짜: 원 아이드 잭(디지털),  6,000원","11:35,  힘을 내요, 미스터 리(디지털),  6,000원","09:20,  나쁜 녀석들: 더 무비(디지털),  6,000원",,,,,,,37
2019-09-12,01관,,,,,,,"12:25,  극장판 반지의 비밀일기(디지털),  6,000원","14:00,  힘을 내요, 미스터 리(디지털),  6,000원","16:20,  나쁜 녀석들: 더 무비(디지털),  6,000원","18:40,  타짜: 원 아이드 잭(디지털),  6,000원","21:20,  힘을 내요, 미스터 리(디지털),  6,000원","09:40,  타짜: 원 아이드 잭(디지털),  6,000원",57
2019-09-12,02관,"13:45,  극장판 반지의 비밀일기(디지털),  6,000원","15:20,  그것: 두 번째 이야기(디지털),  6,000원","18:25,  나쁜 녀석들: 더 무비(디지털),  6,000원","20:40,  타짜: 원 아이드 잭(디지털),  6,000원","09:20,  나쁜 녀석들: 더 무비(디지털),  6,000원","11:35,  힘을 내요, 미스터 리(디지털),  6,000원",,,,,,,37
2019-09-13,01관,"12:25,  극장판 반지의 비밀일기(디지털),  6,000원","14:00,  힘을 내요, 미스터 리(디지털),  6,000원","16:20,  나쁜 녀석들: 더 무비(디지털),  6,000원","18:40,  타짜: 원 아이드 잭(디지털),  6,000원","21:20,  힘을 내요, 미스터 리(디지털),  6,000원","09:40,  타짜: 원 아이드 잭(디지털),  6,000원",,,,,,,57
2019-09-13,02관,"13:45,  극장판 반지의 비밀일기(디지털),  6,000원","15:20,  그것: 두 번째 이야기(디지털),  6,000원","18:25,  나쁜 녀석들: 더 무비(디지털),  6,000원","20:40,  타짜: 원 아이드 잭(디지털),  6,000원","11:35,  힘을 내요, 미스터 리(디지털),  6,000원","09:20,  나쁜 녀석들: 더 무비(디지털),  6,000원",,,,,,,37
2019-09-14,01관,"12:25,  극장판 반지의 비밀일기(디지털),  6,000원","14:00,  힘을 내요, 미스터 리(디지털),  6,000원","16:20,  나쁜 녀석들: 더 무비(디지털),  6,000원","18:40,  타짜: 원 아이드 잭(디지털),  6,000원","21:20,  힘을 내요, 미스터 리(디지털),  6,000원","09:40,  타짜: 원 아이드 잭(디지털),  6,000원",,,,,,,57
2019-09-14,02관,"13:45,  극장판 반지의 비밀일기(디지털),  6,000원","15:20,  그것: 두 번째 이야기(디지털),  6,000원","18:25,  나쁜 녀석들: 더 무비(디지털),  6,000원","20:40,  타짜: 원 아이드 잭(디지털),  6,000원","09:20,  나쁜 녀석들: 더 무비(디지털),  6,000원","11:35,  힘을 내요, 미스터 리(디지털),  6,000원",,,,,,,37
2019-09-15,01관,"12:25,  극장판 반지의 비밀일기(디지털),  6,000원","14:00,  힘을 내요, 미스터 리(디지털),  6,000원","16:20,  나쁜 녀석들: 더 무비(디지털),  6,000원","18:40,  타짜: 원 아이드 잭(디지털),  6,000원","21:20,  힘을 내요, 미스터 리(디지털),  6,000원","09:40,  타짜: 원 아이드 잭(디지털),  6,000원",,,,,,,57
2019-09-15,02관,"13:45,  극장판 반지의 비밀일기(디지털),  6,000원","15:20,  그것: 두 번째 이야기(디지털),  6,000원","18:25,  나쁜 녀석들: 더 무비(디지털),  6,000원","20:40,  타짜: 원 아이드 잭(디지털),  6,000원","11:35,  힘을 내요, 미스터 리(디지털)","09:20,  나쁜 녀석들: 더 무비(디지털),  6,000원",,,,,,,37
2019-09-16,01관,"12:25,  극장판 반지의 비밀일기(디지털)","14:00,  힘을 내요, 미스터 리(디지털),  6,000원","16:20,  나쁜 녀석들: 더 무비(디지털),  6,000원","18:40,  타짜: 원 아이드 잭(디지털),  6,000원","21:20,  힘을 내요, 미스터 리(디지털),  6,000원","09:40,  타짜: 원 아이드 잭(디지털),  6,000원",,,,,,,57
2019-09-16,02관,"13:45,  극장판 반지의 비밀일기(디지털)","15:20,  그것: 두 번째 이야기(디지털)","18:25,  나쁜 녀석들: 더 무비(디지털),  6,000원","20:40,  타짜: 원 아이드 잭(디지털),  6,000원","11:35,  힘을 내요, 미스터 리(디지털)","09:20,  나쁜 녀석들: 더 무비(디지털),  6,000원","23:05,  안나(디지털),  5,000원",,,,,,37
2019-09-17,01관,"09:30,  극장판 반지의 비밀일기(디지털)","11:00,  힘을 내요, 미스터 리(디지털),  6,000원","13:25,  나쁜 녀석들: 더 무비(디지털),  6,000원","15:50,  타짜: 원 아이드 잭(디지털)","18:30,  힘을 내요, 미스터 리(디지털),  6,000원","20:40,  타짜: 원 아이드 잭(디지털),  6,000원",,,,,,,57
2019-09-17,02관,"09:30,  극장판 반지의 비밀일기(디지털)","11:00,  힘을 내요, 미스터 리(디지털),  6,000원",,"15:35,  나쁜 녀석들: 더 무비(디지털),  6,000원","17:50,  그것: 두 번째 이야기(디지털),  5,000원","20:55,  나쁜 녀석들: 더 무비(디지털),  6,000원","13:10,  힘을 내요, 미스터 리(디지털)",,,,,,37
2019-09-18,01관,"10:00,  극장판 반지의 비밀일기(디지털)","11:35,  예스터데이(디지털),  6,000원","13:55,  나쁜 녀석들: 더 무비(디지털),  6,000원","16:10,  예스터데이(디지털),  6,000원","20:45,  예스터데이(디지털),  6,000원","18:30,  힘을 내요, 미스터 리(디지털),  6,000원",,,,,,,57
2019-09-18,02관,"11:50,  나쁜 녀석들: 더 무비(디지털),  6,000원",,"09:40,  힘을 내요, 미스터 리(디지털)","14:10,  힘을 내요, 미스터 리(디지털),  6,000원","16:30,  타짜: 원 아이드 잭(디지털),  6,000원","19:10,  나쁜 녀석들: 더 무비(디지털),  6,000원","21:25,  타짜: 원 아이드 잭(디지털),  6,000원",,,,,,37
2019-09-19,01관,"10:00,  극장판 반지의 비밀일기(디지털)","11:35,  예스터데이(디지털)","13:55,  애드 아스트라(디지털),  6,000원","16:20,  예스터데이(디지털),  6,000원","18:40,  애드 아스트라(디지털),  6,000원","21:10,  예스터데이(디지털),  6,000원",,,,,,,57
2019-09-19,02관,"09:40,  힘을 내요, 미스터 리(디지털),  6,000원","11:50,  나쁜 녀석들: 더 무비(디지털),  6,000원","14:10,  힘을 내요, 미스터 리(디지털),  6,000원","16:30,  타짜: 원 아이드 잭(디지털),  6,000원","19:10,  나쁜 녀석들: 더 무비(디지털),  6,000원","21:25,  타짜: 원 아이드 잭(디지털),  6,000원",,,,,,,37
2019-09-20,01관,,"12:15,  예스터데이(디지털),  6,000원","14:30,  애드 아스트라(디지털),  6,000원","16:55,  예스터데이(디지털),  6,000원","19:10,  애드 아스트라(디지털),  6,000원","21:35,  예스터데이(디지털),  6,000원","10:00,  나쁜 녀석들: 더 무비(디지털),  6,000원",,,,,,57
2019-09-20,02관,,"12:15,  극장판 반지의 비밀일기(디지털),  6,000원","13:50,  힘을 내요, 미스터 리(디지털),  6,000원","16:00,  타짜: 원 아이드 잭(디지털),  6,000원","18:40,  나쁜 녀석들: 더 무비(디지털),  6,000원","20:55,  타짜: 원 아이드 잭(디지털),  6,000원","09:40,  타짜: 원 아이드 잭(디지털),  6,000원",,,,,,37
2019-09-21,01관,"10:00,  극장판 반지의 비밀일기(디지털),  6,000원","11:35,  예스터데이(디지털),  6,000원","13:55,  애드 아스트라(디지털),  6,000원","16:20,  예스터데이(디지털),  6,000원","18:40,  애드 아스트라(디지털),  6,000원","21:10,  예스터데이(디지털),  6,000원",,,,,,,57
2019-09-21,02관,"09:40,  힘을 내요, 미스터 리(디지털),  5,000원","11:50,  나쁜 녀석들: 더 무비(디지털),  6,000원","14:10,  힘을 내요, 미스터 리(디지털),  6,000원","16:30,  타짜: 원 아이드 잭(디지털),  6,000원","19:10,  나쁜 녀석들: 더 무비(디지털),  6,000원","21:25,  타짜: 원 아이드 잭(디지털),  6,000원",,,,,,,37
2019-09-22,01관,"10:00,  극장판 반지의 비밀일기(디지털),  6,000원","11:35,  예스터데이(디지털),  6,000원","13:55,  애드 아스트라(디지털),  6,000원","16:20,  예스터데이(디지털),  6,000원","18:40,  애드 아스트라(디지털),  6,000원","21:10,  예스터데이(디지털),  6,000원",,,,,,,57
2019-09-22,02관,"09:40,  힘을 내요, 미스터 리(디지털),  6,000원","11:50,  나쁜 녀석들: 더 무비(디지털),  6,000원","14:10,  힘을 내요, 미스터 리(디지털),  6,000원","16:30,  타짜: 원 아이드 잭(디지털),  6,000원",,"21:25,  타짜: 원 아이드 잭(디지털),  6,000원",,,,,,,37
2019-09-23,01관,"10:00,  극장판 반지의 비밀일기(디지털)","11:35,  예스터데이(디지털)","13:55,  애드 아스트라(디지털),  6,000원","16:20,  예스터데이(디지털),  6,000원","18:40,  애드 아스트라(디지털),  6,000원","21:10,  예스터데이(디지털),  6,000원",,,,,,,57
2019-09-23,02관,"09:40,  힘을 내요, 미스터 리(디지털)","11:50,  나쁜 녀석들: 더 무비(디지털)","14:10,  힘을 내요, 미스터 리(디지털),  6,000원","16:30,  타짜: 원 아이드 잭(디지털),  6,000원","19:10,  나쁜 녀석들: 더 무비(디지털),  6,000원","21:25,  타짜: 원 아이드 잭(디지털),  6,000원",,,,,,,37
2019-09-24,01관,"10:00,  극장판 반지의 비밀일기(디지털)","11:35,  예스터데이(디지털),  6,000원","13:55,  애드 아스트라(디지털),  6,000원","16:20,  예스터데이(디지털),  6,000원","18:40,  애드 아스트라(디지털),  5,000원","21:10,  예스터데이(디지털)",,,,,,,57
2019-09-24,02관,"09:40,  힘을 내요, 미스터 리(디지털),  5,000원","11:50,  나쁜 녀석들: 더 무비(디지털),  6,000원","14:10,  힘을 내요, 미스터 리(디지털),  6,000원","16:30,  타짜: 원 아이드 잭(디지털),  6,000원","19:10,  나쁜 녀석들: 더 무비(디지털),  6,000원","21:25,  타짜: 원 아이드 잭(디지털)",,,,,,,37
2019-09-25,01관,"10:00,  애드 아스트라(디지털)","12:25,  예스터데이(디지털)","14:40,  장사리 : 잊혀진 영웅들(디지털),  5,000원","16:45,  양자물리학(디지털),  5,000원","19:15,  장사리 : 잊혀진 영웅들(디지털),  5,000원","21:20,  양자물리학(디지털),  5,000원",,,,,,,57
2019-09-25,02관,"09:40,  나쁜 녀석들: 더 무비(디지털),  5,000원","11:55,  힘을 내요, 미스터 리(디지털)","14:05,  타짜: 원 아이드 잭(디지털),  5,000원","16:55,  장사리 : 잊혀진 영웅들(디지털),  5,000원","19:00,  양자물리학(디지털),  5,000원","21:35,  장사리 : 잊혀진 영웅들(디지털),  5,000원",,,,,,,37
2019-09-26,01관,"10:00,  힘을 내요, 미스터 리(디지털)","12:10,  나쁜 녀석들: 더 무비(디지털),  6,000원","14:25,  장사리 : 잊혀진 영웅들(디지털),  6,000원","16:45,  양자물리학(디지털),  6,000원","19:05,  장사리 : 잊혀진 영웅들(디지털),  6,000원","21:10,  양자물리학(디지털),  6,000원",,,,,,,57
2019-09-26,02관,"10:00,  애드 아스트라(디지털),  6,000원","12:30,  마왕의 딸 이리샤(디지털)","14:15,  예스터데이(디지털),  6,000원","16:30,  애드 아스트라(디지털)","18:55,  예스터데이(디지털)","21:20,  장사리 : 잊혀진 영웅들(디지털),  6,000원","23:10,  안나(디지털),  5,000원",,,,,,37
2019-09-27,01관,"10:00,  애드 아스트라(디지털),  6,000원","12:25,  예스터데이(디지털)","14:40,  장사리 : 잊혀진 영웅들(디지털),  6,000원","16:45,  양자물리학(디지털),  6,000원","19:15,  장사리 : 잊혀진 영웅들(디지털),  6,000원","21:20,  양자물리학(디지털),  6,000원",,,,,,,57
2019-09-27,02관,"10:00,  나쁜 녀석들: 더 무비(디지털)","12:15,  마왕의 딸 이리샤(디지털)","14:00,  타짜: 원 아이드 잭(디지털),  6,000원","16:40,  장사리 : 잊혀진 영웅들(디지털),  6,000원","18:45,  양자물리학(디지털),  6,000원","21:05,  장사리 : 잊혀진 영웅들(디지털),  6,000원",,,,,,,37
2019-09-28,01관,"10:00,  힘을 내요, 미스터 리(디지털),  6,000원","12:10,  나쁜 녀석들: 더 무비(디지털),  6,000원","14:25,  장사리 : 잊혀진 영웅들(디지털),  6,000원","16:45,  양자물리학(디지털),  6,000원","19:05,  장사리 : 잊혀진 영웅들(디지털),  6,000원","21:10,  양자물리학(디지털),  6,000원",,,,,,,57
2019-09-28,02관,"10:00,  애드 아스트라(디지털)","12:30,  마왕의 딸 이리샤(디지털),  6,000원","14:15,  예스터데이(디지털),  5,000원","16:30,  애드 아스트라(디지털),  6,000원","18:55,  예스터데이(디지털),  6,000원","21:20,  장사리 : 잊혀진 영웅들(디지털),  6,000원",,,,,,,37
2019-09-29,01관,"10:00,  애드 아스트라(디지털),  6,000원","12:25,  예스터데이(디지털),  6,000원","14:40,  장사리 : 잊혀진 영웅들(디지털),  6,000원","16:45,  양자물리학(디지털),  6,000원","19:15,  장사리 : 잊혀진 영웅들(디지털),  6,000원","21:20,  양자물리학(디지털)",,,,,,,57
2019-09-29,02관,"10:00,  나쁜 녀석들: 더 무비(디지털),  6,000원","12:15,  마왕의 딸 이리샤(디지털),  6,000원","14:00,  타짜: 원 아이드 잭(디지털),  6,000원","16:40,  장사리 : 잊혀진 영웅들(디지털),  6,000원","18:45,  양자물리학(디지털),  6,000원","21:05,  장사리 : 잊혀진 영웅들(디지털),  6,000원",,,,,,,37
2019-09-30,01관,"10:00,  힘을 내요, 미스터 리(디지털),  6,000원","12:10,  나쁜 녀석들: 더 무비(디지털),  6,000원","14:25,  장사리 : 잊혀진 영웅들(디지털),  6,000원","16:45,  양자물리학(디지털),  6,000원","19:05,  장사리 : 잊혀진 영웅들(디지털),  6,000원","21:10,  양자물리학(디지털),  6,000원",,,,,,,57
2019-09-30,02관,"10:00,  애드 아스트라(디지털),  6,000원","12:30,  마왕의 딸 이리샤(디지털),  6,000원","14:15,  예스터데이(디지털)","16:30,  애드 아스트라(디지털),  6,000원","18:55,  예스터데이(디지털),  6,000원","21:20,  장사리 : 잊혀진 영웅들(디지털),  6,000원",,,,,,,37
2019-10-01,01관,"10:00,  봉오동 전투(디지털),  5,000원","12:35,  마왕의 딸 이리샤(디지털)","14:20,  장사리 : 잊혀진 영웅들(디지털),  6,000원","16:25,  양자물리학(디지털),  6,000원","18:45,  장사리 : 잊혀진 영웅들(디지털),  6,000원","20:50,  양자물리학(디지털),  6,000원",,,,,,,57
2019-10-01,02관,"10:00,  봉오동 전투(디지털),  5,000원","12:35,  나쁜 녀석들: 더 무비(디지털),  6,000원","14:50,  애드 아스트라(디지털),  6,000원","17:15,  예스터데이(디지털),  6,000원","19:30,  양자물리학(디지털),  6,000원","21:50,  장사리 : 잊혀진 영웅들(디지털),  6,000원","08:30,  극장판 반지의 비밀일기(디지털),  5,000원",,,,,,37
2019-10-02,01관,"10:00,  봉오동 전투(디지털),  5,000원","12:35,  애드 아스트라(디지털),  5,000원","15:00,  퍼펙트맨(디지털),  6,000원","17:15,  가장 보통의 연애(디지털)","19:30,  퍼펙트맨(디지털),  6,000원","21:40,  가장 보통의 연애(디지털),  6,000원",,,,,,,57
2019-10-02,02관,"10:00,  봉오동 전투(디지털),  5,000원","12:35,  마왕의 딸 이리샤(디지털)","14:20,  장사리 : 잊혀진 영웅들(디지털),  6,000원","16:25,  조커(디지털),  6,000원","18:50,  양자물리학(디지털),  6,000원","21:20,  조커(디지털),  6,000원",,,,,,,37
2019-10-03,01관,"09:45,  조커(디지털),  6,000원","12:10,  퍼펙트맨(디지털),  6,000원","14:25,  가장 보통의 연애(디지털),  6,000원","16:40,  조커(디지털),  6,000원","19:05,  퍼펙트맨(디지털),  6,000원","21:20,  가장 보통의 연애(디지털),  6,000원",,,,,,,57
2019-10-03,02관,"10:00,  마왕의 딸 이리샤(디지털),  6,000원","11:45,  양자물리학(디지털),  6,000원","14:05,  퍼펙트맨(디지털),  6,000원","16:20,  장사리 : 잊혀진 영웅들(디지털),  6,000원",,"20:55,  장사리 : 잊혀진 영웅들(디지털),  6,000원","18:35,  가장 보통의 연애(디지털),  6,000원",,,,,,37
2019-10-04,01관,"10:00,  봉오동 전투(디지털),  5,000원",,,"17:05,  가장 보통의 연애(디지털),  6,000원","19:20,  퍼펙트맨(디지털),  6,000원","21:40,  가장 보통의 연애(디지털),  6,000원","12:35,  가장 보통의 연애(디지털),  6,000원","14:50,  장사리 : 잊혀진 영웅들(디지털),  6,000원",,,,,57
2019-10-04,02관,"10:00,  봉오동 전투(디지털),  5,000원","12:35,  마왕의 딸 이리샤(디지털),  6,000원",,"16:35,  조커(디지털),  6,000원","19:00,  양자물리학(디지털),  6,000원","21:20,  조커(디지털),  6,000원","14:20,  퍼펙트맨(디지털),  6,000원",,,,,,37
2019-10-05,01관,"09:45,  조커(디지털),  6,000원","12:10,  퍼펙트맨(디지털),  6,000원","14:25,  가장 보통의 연애(디지털),  6,000원","16:40,  조커(디지털),  6,000원","19:05,  퍼펙트맨(디지털),  6,000원","21:20,  가장 보통의 연애(디지털),  6,000원",,,,,,,57
2019-10-05,02관,"10:00,  마왕의 딸 이리샤(디지털),  6,000원","11:45,  양자물리학(디지털)","14:05,  퍼펙트맨(디지털),  6,000원","16:20,  장사리 : 잊혀진 영웅들(디지털),  6,000원",,"20:55,  장사리 : 잊혀진 영웅들(디지털),  6,000원","18:35,  가장 보통의 연애(디지털),  6,000원",,,,,,37
2019-10-06,01관,"09:45,  조커(디지털),  6,000원","12:10,  퍼펙트맨(디지털),  6,000원","14:25,  가장 보통의 연애(디지털),  6,000원","16:40,  조커(디지털),  6,000원","19:05,  퍼펙트맨(디지털),  6,000원","21:20,  가장 보통의 연애(디지털),  6,000원",,,,,,,57
2019-10-06,02관,"10:00,  마왕의 딸 이리샤(디지털),  6,000원","11:45,  양자물리학(디지털),  6,000원","14:05,  퍼펙트맨(디지털),  6,000원","16:20,  장사리 : 잊혀진 영웅들(디지털),  6,000원","18:35,  가장 보통의 연애(디지털),  6,000원","20:50,  퍼펙트맨(디지털)",,,,,,,37
2019-10-07,01관,"09:45,  조커(디지털),  6,000원","12:10,  퍼펙트맨(디지털),  6,000원","14:25,  가장 보통의 연애(디지털),  6,000원","16:40,  조커(디지털),  6,000원","19:05,  퍼펙트맨(디지털),  6,000원","21:20,  가장 보통의 연애(디지털),  6,000원",,,,,,,57
2019-10-07,02관,"10:00,  마왕의 딸 이리샤(디지털)","11:45,  양자물리학(디지털),  6,000원","14:05,  퍼펙트맨(디지털),  6,000원","16:20,  장사리 : 잊혀진 영웅들(디지털),  6,000원",,"20:55,  장사리 : 잊혀진 영웅들(디지털),  6,000원","18:35,  가장 보통의 연애(디지털),  6,000원",,,,,,37
2019-10-08,01관,"09:45,  조커(디지털),  6,000원","12:10,  퍼펙트맨(디지털),  6,000원","14:25,  가장 보통의 연애(디지털),  6,000원","16:40,  조커(디지털),  6,000원","19:05,  퍼펙트맨(디지털),  6,000원","21:20,  가장 보통의 연애(디지털),  6,000원",,,,,,,57
2019-10-08,02관,"10:00,  마왕의 딸 이리샤(디지털)","11:45,  양자물리학(디지털),  6,000원","14:05,  퍼펙트맨(디지털),  6,000원","16:20,  장사리 : 잊혀진 영웅들(디지털),  5,000원","18:35,  가장 보통의 연애(디지털),  6,000원","20:50,  퍼펙트맨(디지털),  6,000원",,,,,,,37
2019-10-09,01관,"10:00,  아이언 자이언트(디지털),  5,000원","11:45,  제미니 맨(디지털),  6,000원","14:05,  아이언 자이언트(디지털),  5,000원","15:50,  조커(디지털),  6,000원","18:15,  제미니 맨(디지털),  6,000원","20:35,  조커(디지털),  6,000원",,,,,,,57
2019-10-09,02관,"10:00,  가장 보통의 연애(디지털),  6,000원","12:15,  장사리 : 잊혀진 영웅들(디지털),  6,000원",,"16:10,  장사리 : 잊혀진 영웅들(디지털),  6,000원","18:40,  퍼펙트맨(디지털),  6,000원","21:00,  가장 보통의 연애(디지털),  6,000원","14:20,  마왕의 딸 이리샤(디지털),  6,000원",,,,,,37
2019-10-10,01관,"10:00,  아이언 자이언트(디지털)","11:45,  아이언 자이언트(디지털)","13:30,  장사리 : 잊혀진 영웅들(디지털),  5,000원","15:35,  조커(디지털),  6,000원","18:40,  제미니 맨(디지털),  6,000원","21:00,  조커(디지털),  6,000원",,,,,,,57
2019-10-10,02관,"10:00,  가장 보통의 연애(디지털),  6,000원","12:15,  장사리 : 잊혀진 영웅들(디지털),  6,000원","14:20,  퍼펙트맨(디지털),  6,000원","16:40,  제미니 맨(디지털),  6,000원","19:00,  퍼펙트맨(디지털),  6,000원","21:15,  가장 보통의 연애(디지털),  6,000원",,,,,,,37
2019-10-11,01관,"10:00,  아이언 자이언트(디지털),  6,000원","11:45,  제미니 맨(디지털),  6,000원","14:05,  아이언 자이언트(디지털),  6,000원","15:50,  조커(디지털),  5,000원","18:40,  제미니 맨(디지털),  6,000원","21:00,  조커(디지털),  6,000원",,,,,,,57
2019-10-11,02관,"10:00,  가장 보통의 연애(디지털),  6,000원","12:15,  장사리 : 잊혀진 영웅들(디지털)","14:30,  퍼펙트맨(디지털),  6,000원","16:35,  장사리 : 잊혀진 영웅들(디지털),  6,000원","19:00,  퍼펙트맨(디지털),  6,000원","21:15,  가장 보통의 연애(디지털),  6,000원",,,,,,,37
2019-10-12,01관,"10:00,  장사리 : 잊혀진 영웅들(디지털)","12:05,  퍼펙트맨(디지털),  6,000원","14:20,  장사리 : 잊혀진 영웅들(디지털),  6,000원","16:25,  가장 보통의 연애(디지털),  6,000원","18:40,  조커(디지털),  6,000원","21:00,  조커(디지털),  6,000원",,,,,,,57
2019-10-12,02관,"10:00,  아이언 자이언트(디지털),  6,000원","11:45,  제미니 맨(디지털),  6,000원",,"15:50,  제미니 맨(디지털),  6,000원","18:20,  퍼펙트맨(디지털),  6,000원","20:40,  가장 보통의 연애(디지털),  6,000원","13:50,  가장 보통의 연애(디지털),  5,000원",,,,,,37
2019-10-13,01관,"10:00,  아이언 자이언트(디지털)","11:45,  제미니 맨(디지털),  6,000원","14:05,  아이언 자이언트(디지털),  6,000원","15:50,  조커(디지털),  6,000원","18:15,  제미니 맨(디지털),  6,000원","20:35,  조커(디지털),  6,000원",,,,,,,57
2019-10-13,02관,"10:00,  가장 보통의 연애(디지털),  6,000원","12:15,  장사리 : 잊혀진 영웅들(디지털),  6,000원","16:35,  장사리 : 잊혀진 영웅들(디지털),  6,000원","14:20,  퍼펙트맨(디지털),  6,000원","21:20,  가장 보통의 연애(디지털),  6,000원",,,,,,,,37
2019-10-14,01관,"10:00,  아이언 자이언트(디지털)","11:45,  제미니 맨(디지털),  5,000원","14:05,  아이언 자이언트(디지털)","15:50,  조커(디지털),  6,000원","18:30,  제미니 맨(디지털),  6,000원","20:50,  조커(디지털),  6,000원",,,,,,,57
2019-10-14,02관,"10:00,  가장 보통의 연애(디지털),  6,000원","12:15,  장사리 : 잊혀진 영웅들(디지털)","14:30,  퍼펙트맨(디지털),  6,000원","16:45,  장사리 : 잊혀진 영웅들(디지털)","18:50,  퍼펙트맨(디지털),  6,000원","21:05,  가장 보통의 연애(디지털),  6,000원",,,,,,,37
2019-10-15,01관,"10:00,  아이언 자이언트(디지털)","11:45,  제미니 맨(디지털)","14:05,  아이언 자이언트(디지털)","15:50,  조커(디지털),  6,000원","18:30,  제미니 맨(디지털),  6,000원","20:50,  조커(디지털),  6,000원",,,,,,,57
2019-10-15,02관,"10:00,  가장 보통의 연애(디지털),  6,000원","12:15,  장사리 : 잊혀진 영웅들(디지털),  6,000원","14:30,  퍼펙트맨(디지털),  6,000원","16:45,  장사리 : 잊혀진 영웅들(디지털),  5,000원","18:50,  퍼펙트맨(디지털),  6,000원","21:05,  가장 보통의 연애(디지털),  6,000원",,,,,,,37
2019-10-16,01관,"10:00,  장사리 : 잊혀진 영웅들(디지털),  5,000원","12:05,  아이언 자이언트(디지털)","13:55,  장사리 : 잊혀진 영웅들(디지털),  6,000원","16:00,  조커(디지털),  6,000원",,"21:00,  조커(디지털),  6,000원","18:40,  가장 보통의 연애(디지털),  6,000원",,,,,,57
2019-10-16,02관,"10:00,  제미니 맨(디지털)","12:20,  퍼펙트맨(디지털)","14:35,  가장 보통의 연애(디지털),  6,000원","16:45,  퍼펙트맨(디지털),  6,000원","19:00,  조커(디지털),  6,000원","21:25,  가장 보통의 연애(디지털)",,,,,,,37
2019-10-17,01관,"10:00,  장사리 : 잊혀진 영웅들(디지털)","12:05,  퍼펙트맨(디지털),  6,000원","14:20,  가장 보통의 연애(디지털),  6,000원","16:30,  조커(디지털),  6,000원","18:55,  두번할까요(디지털),  6,000원","21:10,  말레피센트 2(디지털),  6,000원",,,,,,,57
2019-10-17,02관,,"11:50,  제미니 맨(디지털),  6,000원","14:05,  꼬마 자전거 스피디(디지털더빙)","15:45,  말레피센트 2(디지털),  6,000원","18:40,  조커(디지털),  6,000원","20:55,  두번할까요(디지털),  6,000원","09:40,  가장 보통의 연애(디지털)",,,,,,37
2019-10-18,01관,"10:00,  꼬마 자전거 스피디(디지털더빙),  6,000원","11:35,  조커(디지털),  6,000원","14:00,  말레피센트 2(디지털),  6,000원","16:20,  두번할까요(디지털),  6,000원","18:35,  조커(디지털),  6,000원","21:00,  두번할까요(디지털),  6,000원",,,,,,,57
2019-10-18,02관,"10:00,  아이언 자이언트(디지털),  6,000원","11:50,  퍼펙트맨(디지털),  6,000원","14:10,  제미니 맨(디지털),  6,000원","16:35,  가장 보통의 연애(디지털),  6,000원",,"21:10,  말레피센트 2(디지털),  6,000원","18:45,  말레피센트 2(디지털),  6,000원",,,,,,37
2019-10-19,01관,"10:00,  꼬마 자전거 스피디(디지털더빙),  6,000원","11:35,  조커(디지털),  6,000원","14:00,  말레피센트 2(디지털),  6,000원","16:20,  두번할까요(디지털),  6,000원","18:35,  조커(디지털),  6,000원","21:00,  두번할까요(디지털),  6,000원",,,,,,,57
2019-10-19,02관,,"11:50,  퍼펙트맨(디지털),  5,000원","14:10,  장사리 : 잊혀진 영웅들(디지털),  5,000원","16:35,  가장 보통의 연애(디지털),  6,000원","18:45,  제미니 맨(디지털),  6,000원","21:10,  말레피센트 2(디지털),  6,000원","09:40,  두번할까요(디지털),  6,000원",,,,,,37
2019-10-20,01관,"10:00,  꼬마 자전거 스피디(디지털더빙),  6,000원","11:35,  조커(디지털),  6,000원","14:00,  말레피센트 2(디지털),  6,000원","16:20,  두번할까요(디지털),  6,000원","18:35,  조커(디지털),  6,000원","21:00,  두번할까요(디지털),  6,000원",,,,,,,57
2019-10-20,02관,"10:00,  아이언 자이언트(디지털)","11:50,  퍼펙트맨(디지털),  6,000원","14:10,  제미니 맨(디지털),  6,000원","16:35,  가장 보통의 연애(디지털),  6,000원",,"21:10,  말레피센트 2(디지털),  6,000원","18:45,  말레피센트 2(디지털),  6,000원",,,,,,37
2019-10-21,01관,"10:00,  꼬마 자전거 스피디(디지털더빙)","11:35,  조커(디지털),  6,000원","14:00,  말레피센트 2(디지털),  6,000원","16:20,  두번할까요(디지털),  6,000원","18:35,  조커(디지털),  6,000원","21:00,  두번할까요(디지털),  6,000원",,,,,,,57
2019-10-21,02관,,"11:50,  퍼펙트맨(디지털)","14:10,  장사리 : 잊혀진 영웅들(디지털),  6,000원","16:35,  가장 보통의 연애(디지털),  6,000원","18:45,  제미니 맨(디지털),  6,000원","21:10,  말레피센트 2(디지털),  6,000원","09:40,  가장 보통의 연애(디지털)",,,,,,37
2019-10-22,01관,"10:00,  꼬마 자전거 스피디(디지털더빙),  6,000원","11:35,  조커(디지털)",,"16:20,  두번할까요(디지털)","18:35,  조커(디지털),  6,000원","21:00,  두번할까요(디지털)","14:00,  나쁜 녀석들: 더 무비(디지털 가치봄),  5,000원",,,,,,57
2019-10-22,02관,"10:00,  아이언 자이언트(디지털)","11:50,  퍼펙트맨(디지털),  6,000원",,"16:35,  가장 보통의 연애(디지털),  6,000원","18:45,  제미니 맨(디지털),  6,000원","21:10,  말레피센트 2(디지털),  6,000원","14:10,  말레피센트 2(디지털),  6,000원",,,,,,37
2019-10-23,01관,"10:00,  빅트립: 아기팬더 배달 대모험(디지털)","11:45,  두번할까요(디지털),  6,000원","14:00,  말레피센트 2(디지털),  6,000원","16:20,  82년생 김지영(디지털),  6,000원",,"21:00,  82년생 김지영(디지털),  6,000원","18:40,  조커(디지털),  6,000원",,,,,,57
2019-10-23,02관,"10:00,  꼬마 자전거 스피디(디지털더빙)","11:35,  말레피센트 2(디지털)",,"16:10,  더 킹: 헨리 5세(디지털),  6,000원","18:55,  82년생 김지영(디지털),  6,000원","21:10,  말레피센트 2(디지털),  6,000원","13:50,  두번할까요(디지털)",,,,,,37
2019-10-24,01관,"10:00,  빅트립: 아기팬더 배달 대모험(디지털)","11:45,  두번할까요(디지털),  6,000원","14:00,  말레피센트 2(디지털),  6,000원","16:20,  82년생 김지영(디지털),  6,000원",,"21:00,  82년생 김지영(디지털),  6,000원","18:40,  조커(디지털),  6,000원",,,,,,57
2019-10-24,02관,"10:00,  꼬마 자전거 스피디(디지털더빙)","11:35,  말레피센트 2(디지털),  6,000원","13:50,  두번할까요(디지털),  6,000원","16:10,  더 킹: 헨리 5세(디지털),  5,000원","18:55,  82년생 김지영(디지털),  6,000원","21:10,  말레피센트 2(디지털),  5,000원",,,,,,,37
2019-10-25,01관,"10:00,  빅트립: 아기팬더 배달 대모험(디지털),  6,000원","11:45,  두번할까요(디지털)","14:00,  말레피센트 2(디지털),  5,000원","16:20,  82년생 김지영(디지털),  6,000원",,"21:00,  82년생 김지영(디지털),  6,000원","18:40,  조커(디지털),  6,000원",,,,,,57
2019-10-25,02관,"10:00,  꼬마 자전거 스피디(디지털더빙)","11:35,  말레피센트 2(디지털),  6,000원",,"16:10,  더 킹: 헨리 5세(디지털)","18:55,  82년생 김지영(디지털),  6,000원","21:10,  말레피센트 2(디지털),  6,000원","13:50,  82년생 김지영(디지털),  6,000원",,,,,,37
2019-10-26,01관,"10:00,  빅트립: 아기팬더 배달 대모험(디지털),  6,000원","11:45,  두번할까요(디지털)","14:00,  말레피센트 2(디지털),  6,000원","16:20,  82년생 김지영(디지털),  6,000원",,"21:00,  82년생 김지영(디지털),  6,000원","18:40,  조커(디지털),  6,000원",,,,,,57
2019-10-26,02관,"10:00,  꼬마 자전거 스피디(디지털더빙)","11:35,  말레피센트 2(디지털),  6,000원",,"16:10,  더 킹: 헨리 5세(디지털),  6,000원","18:55,  82년생 김지영(디지털),  6,000원","21:10,  말레피센트 2(디지털),  6,000원","13:50,  82년생 김지영(디지털),  6,000원",,,,,,37
2019-10-27,01관,"10:00,  빅트립: 아기팬더 배달 대모험(디지털),  5,000원","11:45,  두번할까요(디지털),  6,000원","14:00,  말레피센트 2(디지털),  6,000원","16:20,  82년생 김지영(디지털),  6,000원",,"21:00,  82년생 김지영(디지털),  6,000원","18:40,  조커(디지털),  6,000원",,,,,,57
2019-10-27,02관,"10:00,  꼬마 자전거 스피디(디지털더빙)","11:35,  말레피센트 2(디지털),  5,000원",,"16:10,  더 킹: 헨리 5세(디지털),  5,000원",,"21:10,  말레피센트 2(디지털),  6,000원","13:50,  82년생 김지영(디지털),  6,000원",,,,,,37
2019-10-28,01관,"10:00,  빅트립: 아기팬더 배달 대모험(디지털)","11:45,  두번할까요(디지털),  6,000원","14:25,  말레피센트 2(디지털)",,"19:30,  두번할까요(디지털),  6,000원","21:40,  82년생 김지영(디지털),  6,000원","16:45,  82년생 김지영(디지털),  6,000원",,,,,,57
2019-10-28,02관,"10:00,  꼬마 자전거 스피디(디지털더빙)","11:35,  말레피센트 2(디지털),  6,000원",,"16:10,  더 킹: 헨리 5세(디지털),  6,000원","18:55,  82년생 김지영(디지털),  6,000원","21:10,  말레피센트 2(디지털),  6,000원","13:50,  82년생 김지영(디지털),  6,000원",,,,,,37
2019-10-29,01관,"10:00,  빅트립: 아기팬더 배달 대모험(디지털)","11:45,  두번할까요(디지털),  6,000원","14:00,  말레피센트 2(디지털)","16:20,  82년생 김지영(디지털),  6,000원",,"21:00,  82년생 김지영(디지털),  6,000원","18:40,  조커(디지털),  6,000원",,,,,,57
2019-10-29,02관,"10:00,  꼬마 자전거 스피디(디지털더빙)","11:35,  말레피센트 2(디지털)",,"16:10,  더 킹: 헨리 5세(디지털),  6,000원","18:55,  82년생 김지영(디지털),  6,000원","21:10,  말레피센트 2(디지털),  6,000원","13:50,  82년생 김지영(디지털),  6,000원",,,,,,37
2019-10-30,01관,"10:00,  빅트립: 아기팬더 배달 대모험(디지털)","11:45,  날씨의 아이(디지털),  5,000원","14:00,  말레피센트 2(디지털)","16:20,  터미네이터: 다크 페이트(디지털),  5,000원","18:50,  82년생 김지영(디지털),  5,000원","21:10,  터미네이터: 다크 페이트(디지털),  5,000원",,,,,,,57
2019-10-30,02관,"10:00,  꼬마 자전거 스피디(디지털더빙)","11:35,  두번할까요(디지털)","13:45,  더 킹: 헨리 5세(디지털),  5,000원","16:25,  말레피센트 2(디지털)","18:45,  터미네이터: 다크 페이트(디지털),  5,000원","21:15,  82년생 김지영(디지털),  5,000원",,,,,,,37
2019-10-31,01관,"10:00,  빅트립: 아기팬더 배달 대모험(디지털)","11:45,  날씨의 아이(디지털)","14:00,  터미네이터: 다크 페이트(디지털),  6,000원","16:30,  터미네이터: 다크 페이트(디지털),  6,000원","19:00,  82년생 김지영(디지털),  6,000원","21:20,  터미네이터: 다크 페이트(디지털),  6,000원",,,,,,,57
2019-10-31,02관,"09:40,  말레피센트 2(디지털),  6,000원","12:00,  82년생 김지영(디지털),  6,000원",,"16:40,  더 킹: 헨리 5세(디지털),  6,000원","19:20,  터미네이터: 다크 페이트(디지털),  6,000원","21:45,  82년생 김지영(디지털),  6,000원","14:20,  날씨의 아이(디지털)",,,,,,37
