1회,2회,3회,4회,5회,6회,7회,8회,상영관,상영일자,좌석수
"11:30,  로마(디지털),  10,000원","20:25,  헌터 킬러(디지털),  10,000원",,,,,,,01관,2019-01-01,59
"00:05,  내여자의 정사-무삭제판(디지털),  1,000원","17:40,  로마(디지털),  10,000원",,,,,,,01관,2019-01-02,59
"00:05,  조선음란기방 옥미향 명기열전(디지털),  1,000원",,,,,,,,01관,2019-01-03,59
"00:05,  어린 형수 4(디지털),  2,000원","17:50,  로마(디지털),  10,000원",,,,,,,01관,2019-01-04,59
"00:05,  완벽한 그녀의 비밀(디지털),  2,000원","17:55,  로마(디지털),  10,000원",,,,,,,01관,2019-01-05,59
"00:05,  황비홍-천하지남북영웅(디지털),  1,000원",,,,,,,,01관,2019-01-06,59
"00:05,  지퍼스 크리퍼스 3(디지털),  2,000원","20:15,  헌터 킬러(디지털),  10,000원",,,,,,,01관,2019-01-07,59
"00:05,  조선음란기방 옥미향(디지털),  1,000원","20:30,  헌터 킬러(디지털),  10,000원",,,,,,,01관,2019-01-08,59
"11:20,  로마(디지털),  10,000원","17:55,  로마(디지털),  10,000원",,,,,,,01관,2019-01-09,59
"00:05,  디거즈:원혼의 부활(디지털),  1,000원","17:35,  로마(디지털)",,,,,,,01관,2019-01-10,59
"00:05,  후배부부와 교환섹스-무삭제(디지털),  2,000원","15:35,  로마(디지털),  10,000원","20:20,  로마(디지털)",,,,,,01관,2019-01-11,59
"11:30,  로마(디지털),  10,000원","17:55,  로마(디지털),  10,000원",,,,,,,01관,2019-01-12,59
"11:00,  헌터 킬러(디지털),  10,000원","15:45,  헌터 킬러(디지털),  10,000원","20:40,  헌터 킬러(디지털)",,,,,,01관,2019-01-13,59
"10:50,  로마(디지털),  10,000원","15:35,  로마(디지털),  10,000원","20:20,  로마(디지털)",,,,,,01관,2019-01-14,59
"00:05,  등산의 참맛(디지털),  2,000원","17:55,  로마(디지털)",,,,,,,01관,2019-01-15,59
"10:50,  로마(디지털),  10,000원","15:35,  로마(디지털),  10,000원","20:20,  로마(디지털)",,,,,,01관,2019-01-16,59
"00:05,  더 배드 넌(디지털),  1,000원",,,,,,,,01관,2019-01-17,59
"00:05,  여기어때 빈방있나요(디지털),  2,000원","18:25,  우행록: 어리석은 자의 기록(디지털),  10,000원",,,,,,,01관,2019-01-18,59
"11:30,  로마(디지털),  10,000원",,,,,,,,01관,2019-01-19,59
"11:00,  스파이더맨: 뉴 유니버스(디지털)",,,,,,,,01관,2019-01-20,59
"11:20,  스파이더맨: 뉴 유니버스(디지털)",,,,,,,,01관,2019-01-21,59
"00:05,  어린 처형- 무삭제판(디지털),  2,000원","16:00,  선종 무문관(디지털),  10,000원",,,,,,,01관,2019-01-22,59
"11:20,  스파이더맨: 뉴 유니버스(디지털)",,,,,,,,01관,2019-01-23,59
"00:05,  에로 킬러 에리카(디지털),  1,000원",,,,,,,,01관,2019-01-24,59
"00:05,  금지된 사랑 : 나는 친구의 아내를…(디지털),  2,000원",,,,,,,,01관,2019-01-25,59
"11:20,  로마(디지털),  10,000원",,,,,,,,01관,2019-01-26,59
"00:05,  아틀란틱 림 라이징(디지털),  1,000원",,,,,,,,01관,2019-01-27,59
"00:05,  빌리어네어 보이즈클럽(디지털),  1,000원",,,,,,,,01관,2019-01-28,59
"00:05,  젊은 미망인(디지털),  2,000원",,,,,,,,01관,2019-01-29,59
"00:05,  친구엄마 그리고 정사-무삭제판(디지털),  1,000원",,,,,,,,01관,2019-01-30,59
"00:05,  트로이 그레이트 워(디지털),  1,000원","04:35,  에로 킬러 마리아(디지털),  1,000원",,,,,,,01관,2019-01-31,59
"11:30,  스파이더맨: 뉴 유니버스(디지털)",,,,,,,,01관,2019-02-01,59
"00:05,  블러드 다이아몬드 파이널(디지털),  1,000원",,,,,,,,01관,2019-02-02,59
"01:20,  맛색녀의 성적유희(디지털),  1,000원",,,,,,,,01관,2019-02-03,59
"11:30,  인생 후르츠(디지털),  10,000원","20:35,  쿠르스크(디지털),  10,000원",,,,,,,01관,2019-02-04,59
"16:00,  선종 무문관(디지털)",,,,,,,,01관,2019-02-05,59
"11:30,  인생 후르츠(디지털),  10,000원","20:35,  쿠르스크(디지털)",,,,,,,01관,2019-02-06,59
"00:05,  섹스는 맛있다 무삭제판(디지털),  2,000원",,,,,,,,01관,2019-02-07,59
"11:50,  인생 후르츠(디지털),  10,000원",,,,,,,,01관,2019-02-08,59
"00:05,  그대 이름은 장미(디지털),  2,000원",,,,,,,,01관,2019-02-09,59
"00:05,  그대 이름은 장미(디지털),  2,000원",,,,,,,,01관,2019-02-10,59
"00:05,  그대 이름은 장미(디지털),  2,000원",,,,,,,,01관,2019-02-11,59
"00:05,  내방에 일본여자가 있다(디지털),  2,000원",,,,,,,,01관,2019-02-12,59
"00:05,  그대 이름은 장미(디지털),  2,000원",,,,,,,,01관,2019-02-13,59
"00:05,  어린 새엄마-감독판(디지털),  1,000원",,,,,,,,01관,2019-02-14,59
"00:05,  자매의은밀한스와핑-무삭제(디지털),  2,000원",,,,,,,,01관,2019-02-15,59
"11:40,  챔피언스(디지털)",,,,,,,,01관,2019-02-16,59
"11:40,  로마(디지털)",,,,,,,,01관,2019-02-17,59
"00:05,  외도에 빠진 아내(디지털),  2,000원",,,,,,,,01관,2019-02-18,59
"00:05,  친구에게 빼앗긴 남편(디지털),  2,000원",,,,,,,,01관,2019-02-19,59
"00:05,  중독: 관음증-무삭제판(디지털),  1,000원",,,,,,,,01관,2019-02-20,59
"00:05,  에이리언 어택 2019(디지털),  1,000원",,,,,,,,01관,2019-02-21,59
"00:05,  장모의유혹(디지털),  2,000원","22:15,  챔피언스(디지털),  10,000원",,,,,,,01관,2019-02-22,59
"11:40,  인생 후르츠(디지털),  10,000원","18:00,  인생 후르츠(디지털),  10,000원",,,,,,,01관,2019-02-23,59
"11:40,  인생 후르츠(디지털)","18:00,  인생 후르츠(디지털),  10,000원",,,,,,,01관,2019-02-24,59
"00:05,  우리 도련님(디지털),  2,000원",,,,,,,,01관,2019-02-25,59
"11:20,  챔피언스(디지털),  10,000원",,,,,,,,01관,2019-02-26,59
"00:05,  젊은 누나-무삭제판(디지털),  1,000원","15:40,  인생 후르츠(디지털),  10,000원",,,,,,,01관,2019-02-27,59
"00:05,  논스톱 투 헬(디지털),  1,000원","20:25,  콜드 체이싱(디지털),  10,000원",,,,,,,01관,2019-02-28,59
"00:05,  보어 살인 멧돼지(디지털),  2,000원","20:20,  콜드 체이싱(디지털),  10,000원",,,,,,,01관,2019-03-01,59
"11:10,  인생 후르츠(디지털),  10,000원","20:20,  콜드 체이싱(디지털),  10,000원",,,,,,,01관,2019-03-02,59
"11:10,  인생 후르츠(디지털),  10,000원","20:20,  콜드 체이싱(디지털),  10,000원",,,,,,,01관,2019-03-03,59
"00:05,  보어 살인 멧돼지(디지털),  2,000원","20:20,  콜드 체이싱(디지털),  10,000원",,,,,,,01관,2019-03-04,59
"11:35,  인생 후르츠(디지털),  10,000원","15:50,  인생 후르츠(디지털),  10,000원",,,,,,,01관,2019-03-05,59
"00:05,  폰섹스의 덫- 무삭제판(디지털),  1,000원","15:50,  인생 후르츠(디지털),  10,000원",,,,,,,01관,2019-03-06,59
"00:05,  감금의 정사(디지털),  1,000원",,,,,,,,01관,2019-03-07,59
"00:05,  가슴 큰 여자친구(디지털),  2,000원","15:50,  인생 후르츠(디지털),  10,000원",,,,,,,01관,2019-03-08,59
"13:20,  로마(디지털),  10,000원","15:55,  인생 후르츠(디지털),  10,000원",,,,,,,01관,2019-03-09,59
"00:05,  파라노말 기생충(디지털),  1,000원","15:45,  인생 후르츠(디지털),  10,000원",,,,,,,01관,2019-03-10,59
"00:05,  월드 워 핵전쟁의 서막(디지털),  2,000원",,,,,,,,01관,2019-03-11,59
"00:05,  월드 워 핵전쟁의 서막(디지털),  2,000원",,,,,,,,01관,2019-03-12,59
"16:00,  인생 후르츠(디지털),  10,000원",,,,,,,,01관,2019-03-13,59
"00:05,  엄마 애인 2(디지털),  2,000원",,,,,,,,01관,2019-03-14,59
"00:05,  옆집 아가씨(디지털),  2,000원","16:00,  인생 후르츠(디지털),  10,000원",,,,,,,01관,2019-03-15,59
"00:05,  은밀한 쇼-꽃의 장(디지털),  2,000원","15:45,  인생 후르츠(디지털),  10,000원",,,,,,,01관,2019-03-16,59
"00:05,  터미네이터 솔저(디지털),  1,000원","15:30,  인생 후르츠(디지털),  10,000원",,,,,,,01관,2019-03-17,59
"00:00,  월드 워 핵전쟁의 서막(디지털),  2,000원","15:50,  인생 후르츠(디지털)",,,,,,,01관,2019-03-18,59
"00:05,  맛섹 은밀한 경험 - 무삭제판(디지털),  1,000원",,,,,,,,01관,2019-03-19,59
"11:40,  인생 후르츠(디지털)","15:55,  인생 후르츠(디지털),  10,000원",,,,,,,01관,2019-03-20,59
"00:05,  딸의 친구 3 (디지털),  2,000원","16:55,  인생 후르츠(디지털),  10,000원",,,,,,,01관,2019-03-21,59
"11:40,  인생 후르츠(디지털)","15:55,  인생 후르츠(디지털),  10,000원",,,,,,,01관,2019-03-22,59
"00:05,  캐시디 레드(디지털),  2,000원","18:30,  인생 후르츠(디지털),  10,000원",,,,,,,01관,2019-03-23,59
"00:05,  그레이브 하우스(디지털),  1,000원","17:55,  인생 후르츠(디지털)",,,,,,,01관,2019-03-24,59
"00:05,  상류시대 무삭제판(디지털),  2,000원",,,,,,,,01관,2019-03-25,59
"00:05,  나의 노예가 되어주세요 2(디지털),  2,000원","15:45,  인생 후르츠(디지털),  10,000원",,,,,,,01관,2019-03-26,59
"00:05,  내 완벽한 남사친의 비밀(디지털),  2,000원","15:55,  인생 후르츠(디지털),  10,000원",,,,,,,01관,2019-03-27,59
"00:05,  어린 엄마 2(디지털),  2,000원","15:15,  인생 후르츠(디지털),  10,000원",,,,,,,01관,2019-03-28,59
"00:05,  동생의 여자-무삭제(디지털),  2,000원","15:55,  인생 후르츠(디지털)",,,,,,,01관,2019-03-29,59
"00:05,  내 완벽한 남사친의 비밀(디지털),  2,000원","15:40,  인생 후르츠(디지털),  10,000원",,,,,,,01관,2019-03-30,59
"00:05,  내 완벽한 남사친의 비밀(디지털),  2,000원","15:55,  인생 후르츠(디지털),  10,000원",,,,,,,01관,2019-03-31,59
"00:05,  수상한 아가씨(디지털),  2,000원","13:15,  인생 후르츠(디지털)","15:00,  인생 후르츠(디지털),  10,000원","20:15,  인생 후르츠(디지털)",,,,,01관,2019-04-01,59
"12:00,  인생 후르츠(디지털)","13:45,  인생 후르츠(디지털),  10,000원","15:30,  인생 후르츠(디지털)",,,,,,01관,2019-04-02,59
"13:00,  아픈 만큼 사랑한다(디지털)","16:25,  아픈 만큼 사랑한다(디지털),  10,000원","20:20,  아픈 만큼 사랑한다(디지털),  10,000원",,,,,,01관,2019-04-03,59
"00:05,  내 이웃과의 섹스라이프(디지털),  1,000원","15:30,  아픈 만큼 사랑한다(디지털),  10,000원","19:25,  아픈 만큼 사랑한다(디지털),  10,000원",,,,,,01관,2019-04-04,59
"00:05,  여배우: 섹스수업(디지털),  2,000원","17:55,  아픈 만큼 사랑한다(디지털)",,,,,,,01관,2019-04-05,59
"13:00,  아픈 만큼 사랑한다(디지털),  10,000원","16:25,  아픈 만큼 사랑한다(디지털),  10,000원","20:20,  아픈 만큼 사랑한다(디지털),  10,000원",,,,,,01관,2019-04-06,59
"13:00,  아픈 만큼 사랑한다(디지털)","16:25,  아픈 만큼 사랑한다(디지털)","20:20,  아픈 만큼 사랑한다(디지털),  10,000원",,,,,,01관,2019-04-07,59
"13:00,  아픈 만큼 사랑한다(디지털)","16:25,  아픈 만큼 사랑한다(디지털)","20:20,  아픈 만큼 사랑한다(디지털),  9,000원",,,,,,01관,2019-04-08,59
"13:00,  아픈 만큼 사랑한다(디지털)","17:35,  아픈 만큼 사랑한다(디지털)","19:20,  아픈 만큼 사랑한다(디지털)","21:05,  아픈 만큼 사랑한다(디지털),  10,000원",,,,,01관,2019-04-09,59
"12:10,  아픈 만큼 사랑한다(디지털)","15:35,  아픈 만큼 사랑한다(디지털),  10,000원",,,,,,,01관,2019-04-10,59
"00:05,  빙봉협: 시공행자(디지털),  1,000원","17:45,  아픈 만큼 사랑한다(디지털)",,,,,,,01관,2019-04-11,59
"12:20,  로망(디지털)","20:15,  아픈 만큼 사랑한다(디지털),  10,000원",,,,,,,01관,2019-04-12,59
"12:30,  로망(디지털),  10,000원","20:30,  아픈 만큼 사랑한다(디지털),  10,000원",,,,,,,01관,2019-04-13,59
"12:30,  아픈 만큼 사랑한다(디지털)","14:15,  아픈 만큼 사랑한다(디지털),  10,000원","20:05,  아픈 만큼 사랑한다(디지털),  10,000원",,,,,,01관,2019-04-14,59
"13:00,  파도치는 땅(디지털)","18:35,  아픈 만큼 사랑한다(디지털),  10,000원","20:20,  아픈 만큼 사랑한다(디지털),  10,000원",,,,,,01관,2019-04-15,59
"00:05,  이웃집 형수-무삭제(디지털),  1,000원","20:15,  아픈 만큼 사랑한다(디지털),  10,000원",,,,,,,01관,2019-04-16,59
"00:05,  너 말고 니 언니(디지털),  2,000원","18:35,  아픈 만큼 사랑한다(디지털),  10,000원","20:20,  아픈 만큼 사랑한다(디지털),  10,000원",,,,,,01관,2019-04-17,59
"00:05,  상류클럽(디지털),  1,000원",,,,,,,,01관,2019-04-18,59
"00:05,  엄마학개론(디지털),  2,000원","20:40,  아픈 만큼 사랑한다(디지털),  10,000원",,,,,,,01관,2019-04-19,59
"13:00,  아픈 만큼 사랑한다(디지털)","14:45,  아픈 만큼 사랑한다(디지털),  10,000원","16:30,  아픈 만큼 사랑한다(디지털),  10,000원","18:15,  아픈 만큼 사랑한다(디지털)","20:00,  아픈 만큼 사랑한다(디지털)",,,,01관,2019-04-20,59
"13:00,  아픈 만큼 사랑한다(디지털),  10,000원","14:45,  아픈 만큼 사랑한다(디지털),  10,000원","16:30,  아픈 만큼 사랑한다(디지털),  10,000원","18:15,  아픈 만큼 사랑한다(디지털),  10,000원","20:00,  아픈 만큼 사랑한다(디지털),  10,000원",,,,01관,2019-04-21,59
"12:20,  아픈 만큼 사랑한다(디지털)","16:15,  아픈 만큼 사랑한다(디지털)","20:10,  아픈 만큼 사랑한다(디지털),  9,000원",,,,,,01관,2019-04-22,59
"11:00,  아픈 만큼 사랑한다(디지털),  10,000원","14:55,  아픈 만큼 사랑한다(디지털),  10,000원","18:50,  아픈 만큼 사랑한다(디지털)","20:35,  아픈 만큼 사랑한다(디지털),  10,000원",,,,,01관,2019-04-23,59
"00:05,  유정 - 스며들다(디지털),  2,000원",,"20:10,  아픈 만큼 사랑한다(디지털),  10,000원",,,,,,01관,2019-04-24,59
"00:05,  유정 - 스며들다(디지털),  2,000원","18:15,  어벤져스: 엔드게임(디지털),  10,000원",,,,,,,01관,2019-04-25,59
"00:05,  유정 - 스며들다(디지털),  2,000원","19:20,  어벤져스: 엔드게임(디지털),  10,000원",,,,,,,01관,2019-04-26,59
"10:25,  아픈 만큼 사랑한다(디지털),  10,000원","17:45,  아픈 만큼 사랑한다(디지털),  10,000원",,,,,,,01관,2019-04-27,59
"10:25,  아픈 만큼 사랑한다(디지털)","17:45,  아픈 만큼 사랑한다(디지털),  10,000원",,,,,,,01관,2019-04-28,59
"12:00,  어벤져스: 엔드게임(디지털)","19:20,  어벤져스: 엔드게임(디지털),  10,000원",,,,,,,01관,2019-04-29,59
"10:25,  어벤져스: 엔드게임(디지털)","17:45,  어벤져스: 엔드게임(디지털)",,,,,,,01관,2019-04-30,59
"10:25,  어벤져스: 엔드게임(디지털),  10,000원","17:45,  어벤져스: 엔드게임(디지털)",,,,,,,01관,2019-05-01,59
"00:05,  어린 누나 3(디지털),  2,000원","17:45,  어벤져스: 엔드게임(디지털)",,,,,,,01관,2019-05-02,59
"00:05,  착한 사촌 여동생(디지털),  2,000원","17:45,  아픈 만큼 사랑한다(디지털)",,,,,,,01관,2019-05-03,59
"10:25,  어벤져스: 엔드게임(디지털)","17:45,  아픈 만큼 사랑한다(디지털)",,,,,,,01관,2019-05-04,59
"10:25,  어벤져스: 엔드게임(디지털)","17:45,  아픈 만큼 사랑한다(디지털),  10,000원",,,,,,,01관,2019-05-05,59
"10:25,  어벤져스: 엔드게임(디지털),  9,000원","17:45,  아픈 만큼 사랑한다(디지털)",,,,,,,01관,2019-05-06,59
"00:05,  여대생들의은밀한아르바이트(디지털),  2,000원","17:40,  어벤져스: 엔드게임(디지털)",,,,,,,01관,2019-05-07,59
"00:05,  남편친구들(디지털),  2,000원","17:40,  어벤져스: 엔드게임(디지털)",,,,,,,01관,2019-05-08,59
"00:05,  어린 처제 3(디지털),  2,000원","17:45,  아픈 만큼 사랑한다(디지털)",,,,,,,01관,2019-05-09,59
"12:35,  더 캡틴(디지털)",,,,,,,,01관,2019-05-10,59
"10:25,  어벤져스: 엔드게임(디지털)","17:45,  아픈 만큼 사랑한다(디지털)",,,,,,,01관,2019-05-11,59
"10:00,  어벤져스: 엔드게임(디지털)","15:00,  아픈 만큼 사랑한다(디지털),  6,000원",,,,,,,01관,2019-05-12,59
"10:25,  어벤져스: 엔드게임(디지털)","17:40,  아픈 만큼 사랑한다(디지털)",,,,,,,01관,2019-05-13,59
"00:05,  엄마 애인 2 - 무삭제판(디지털),  2,000원","16:45,  어벤져스: 엔드게임(디지털)",,,,,,,01관,2019-05-14,59
"00:05,  어린고모(디지털),  2,000원","17:40,  아픈 만큼 사랑한다(디지털)","19:25,  아픈 만큼 사랑한다(디지털),  10,000원",,,,,,01관,2019-05-15,59
"00:05,  화끈한 룸메이트(디지털),  2,000원","16:30,  아픈 만큼 사랑한다(디지털),  10,000원","18:15,  아픈 만큼 사랑한다(디지털),  10,000원","20:00,  아픈 만큼 사랑한다(디지털)",,,,,01관,2019-05-16,59
"00:05,  보도드라이버: 떡마차(디지털),  2,000원","14:15,  아픈 만큼 사랑한다(디지털)","16:00,  아픈 만큼 사랑한다(디지털)","17:45,  아픈 만큼 사랑한다(디지털)","19:30,  아픈 만큼 사랑한다(디지털),  10,000원",,,,01관,2019-05-17,59
"10:20,  장난스런 키스(디지털),  2,000원","14:15,  아픈 만큼 사랑한다(디지털)","16:00,  아픈 만큼 사랑한다(디지털)","17:45,  아픈 만큼 사랑한다(디지털)","19:30,  아픈 만큼 사랑한다(디지털)",,,,01관,2019-05-18,59
"09:30,  장난스런 키스(디지털),  2,000원","14:15,  아픈 만큼 사랑한다(디지털)","16:00,  아픈 만큼 사랑한다(디지털)","17:45,  아픈 만큼 사랑한다(디지털)","19:30,  아픈 만큼 사랑한다(디지털)",,,,01관,2019-05-19,59
"12:30,  아픈 만큼 사랑한다(디지털),  5,000원","16:30,  아픈 만큼 사랑한다(디지털)","18:15,  아픈 만큼 사랑한다(디지털),  10,000원","20:00,  아픈 만큼 사랑한다(디지털)",,,,,01관,2019-05-20,59
"00:05,  어린 엄마 2 - 무삭제판(디지털),  2,000원","16:30,  아픈 만큼 사랑한다(디지털)","18:15,  아픈 만큼 사랑한다(디지털)","20:00,  아픈 만큼 사랑한다(디지털)",,,,,01관,2019-05-21,59
"12:30,  아픈 만큼 사랑한다(디지털)","14:15,  아픈 만큼 사랑한다(디지털)","16:00,  아픈 만큼 사랑한다(디지털)","17:45,  아픈 만큼 사랑한다(디지털)","19:30,  아픈 만큼 사랑한다(디지털),  10,000원",,,,01관,2019-05-22,59
"00:05,  음란 과외 2(디지털),  2,000원","16:30,  아픈 만큼 사랑한다(디지털)","18:15,  아픈 만큼 사랑한다(디지털)","20:00,  아픈 만큼 사랑한다(디지털),  10,000원",,,,,01관,2019-05-23,59
"00:05,  잘주는 여비서들(디지털),  2,000원","14:15,  아픈 만큼 사랑한다(디지털)","16:00,  아픈 만큼 사랑한다(디지털),  5,000원","17:45,  아픈 만큼 사랑한다(디지털)","19:30,  아픈 만큼 사랑한다(디지털),  10,000원",,,,01관,2019-05-24,59
"12:40,  아픈 만큼 사랑한다(디지털)","14:25,  아픈 만큼 사랑한다(디지털)","16:10,  아픈 만큼 사랑한다(디지털),  10,000원","19:50,  아픈 만큼 사랑한다(디지털)",,,,,01관,2019-05-25,59
"12:30,  아픈 만큼 사랑한다(디지털),  10,000원","14:15,  아픈 만큼 사랑한다(디지털)","16:00,  아픈 만큼 사랑한다(디지털),  10,000원","17:45,  아픈 만큼 사랑한다(디지털),  10,000원","19:30,  아픈 만큼 사랑한다(디지털)",,,,01관,2019-05-26,59
"12:00,  아픈 만큼 사랑한다(디지털)",,,,,,,,01관,2019-05-27,59
"12:30,  울지마, 톤즈(디지털)","17:45,  아픈 만큼 사랑한다(디지털),  10,000원",,,,,,,01관,2019-05-28,59
"12:30,  울지마, 톤즈(디지털)","17:45,  아픈 만큼 사랑한다(디지털),  10,000원",,,,,,,01관,2019-05-29,59
"00:05,  금의위: 용태자의 난(디지털),  1,000원","18:10,  교회오빠(디지털),  10,000원",,,,,,,01관,2019-05-30,59
"00:05,  접대 전문 여비서(디지털),  2,000원","18:10,  교회오빠(디지털),  10,000원",,,,,,,01관,2019-05-31,59
"11:45,  기생충(디지털),  10,000원","19:25,  기생충(디지털),  10,000원",,,,,,,01관,2019-06-01,59
"12:15,  기생충(디지털),  10,000원","18:10,  교회오빠(디지털),  10,000원",,,,,,,01관,2019-06-02,59
"11:40,  아이아이 가사: 다시 만난 그날(디지털),  10,000원","19:50,  기생충(디지털)",,,,,,,01관,2019-06-03,59
"12:00,  아픈 만큼 사랑한다(디지털)","15:25,  아픈 만큼 사랑한다(디지털),  10,000원",,,,,,,01관,2019-06-04,59
"00:05,  무협: 강호수사대(디지털),  2,000원","19:50,  기생충(디지털),  10,000원",,,,,,,01관,2019-06-05,59
"00:05,  막내 형수(디지털),  2,000원","16:10,  교회오빠(디지털),  10,000원",,,,,,,01관,2019-06-06,59
"00:05,  일일시호일(디지털),  1,000원","16:10,  교회오빠(디지털),  10,000원",,,,,,,01관,2019-06-07,59
"11:15,  라플라스의 마녀(디지털),  6,000원","17:15,  교회오빠(디지털),  10,000원",,,,,,,01관,2019-06-08,59
"11:15,  라플라스의 마녀(디지털),  6,000원","17:35,  교회오빠(디지털),  10,000원",,,,,,,01관,2019-06-09,59
"12:00,  교회오빠(디지털),  10,000원","16:10,  교회오빠(디지털),  10,000원",,,,,,,01관,2019-06-10,59
"00:05,  딸의 친구 3 - 무삭제판(디지털),  2,000원","15:55,  아픈 만큼 사랑한다(디지털),  10,000원","19:30,  교회오빠(디지털),  10,000원",,,,,,01관,2019-06-11,59
"12:30,  교회오빠(디지털),  10,000원","16:05,  교회오빠(디지털)","19:40,  교회오빠(디지털),  10,000원",,,,,,01관,2019-06-12,59
"12:40,  교회오빠(디지털),  10,000원","16:10,  교회오빠(디지털),  10,000원",,,,,,,01관,2019-06-13,59
"00:05,  보도드라이버: 풀코스(디지털),  2,000원","16:05,  교회오빠(디지털),  10,000원","19:40,  교회오빠(디지털),  10,000원",,,,,,01관,2019-06-14,59
"12:30,  아픈 만큼 사랑한다(디지털),  10,000원","16:05,  아픈 만큼 사랑한다(디지털),  10,000원","19:45,  교회오빠(디지털),  10,000원",,,,,,01관,2019-06-15,59
"12:30,  아픈 만큼 사랑한다(디지털),  6,000원","16:25,  교회오빠(디지털),  10,000원","20:00,  교회오빠(디지털),  10,000원",,,,,,01관,2019-06-16,59
"12:30,  교회오빠(디지털),  10,000원","16:05,  교회오빠(디지털)","19:40,  교회오빠(디지털),  10,000원",,,,,,01관,2019-06-17,59
"00:05,  독고다이(디지털),  1,000원","14:15,  아픈 만큼 사랑한다(디지털),  10,000원",,,,,,,01관,2019-06-18,59
"00:05,  누나의 맛(디지털),  2,000원","16:05,  교회오빠(디지털),  10,000원",,,,,,,01관,2019-06-19,59
"00:05,  아우슈비츠(디지털),  2,000원","16:05,  교회오빠(디지털),  10,000원",,,,,,,01관,2019-06-20,59
"00:05,  시월드(디지털),  2,000원","16:05,  아픈 만큼 사랑한다(디지털)","20:00,  아픈 만큼 사랑한다(디지털)",,,,,,01관,2019-06-21,59
"00:05,  아우슈비츠(디지털),  2,000원","16:05,  교회오빠(디지털),  10,000원",,,,,,,01관,2019-06-22,59
"00:05,  아우슈비츠(디지털),  2,000원","16:05,  교회오빠(디지털),  10,000원",,,,,,,01관,2019-06-23,59
"16:00,  아픈 만큼 사랑한다(디지털),  5,000원","19:35,  아픈 만큼 사랑한다(디지털)",,,,,,,01관,2019-06-24,59
"11:25,  교회오빠(디지털),  10,000원",,,,,,,,01관,2019-06-25,59
"11:25,  교회오빠(디지털),  10,000원",,,,,,,,01관,2019-06-26,59
"12:30,  교회오빠(디지털),  10,000원","16:05,  교회오빠(디지털),  10,000원",,,,,,,01관,2019-06-27,59
"12:30,  교회오빠(디지털),  10,000원","16:05,  교회오빠(디지털),  10,000원",,,,,,,01관,2019-06-28,59
"00:05,  아우슈비츠(디지털),  2,000원","18:15,  교회오빠(디지털),  10,000원","20:00,  교회오빠(디지털),  10,000원",,,,,,01관,2019-06-29,59
"12:30,  교회오빠(디지털),  10,000원","16:00,  교회오빠(디지털),  10,000원",,,,,,,01관,2019-06-30,59
"11:25,  교회오빠(디지털),  10,000원",,,,,,,,01관,2019-07-01,59
"12:30,  교회오빠(디지털),  10,000원","16:05,  교회오빠(디지털),  10,000원","17:50,  교회오빠(디지털),  10,000원",,,,,,01관,2019-07-02,59
"12:30,  교회오빠(디지털),  10,000원","16:05,  교회오빠(디지털),  10,000원","19:40,  교회오빠(디지털),  10,000원",,,,,,01관,2019-07-03,59
"00:05,  종횡강호: 용유검의 전설(디지털),  1,000원","16:05,  교회오빠(디지털),  10,000원","17:50,  교회오빠(디지털),  10,000원",,,,,,01관,2019-07-04,59
"00:05,  이모의유혹2(디지털),  2,000원","16:05,  교회오빠(디지털),  10,000원","19:40,  교회오빠(디지털),  10,000원",,,,,,01관,2019-07-05,59
"12:30,  교회오빠(디지털),  10,000원","16:05,  교회오빠(디지털),  10,000원","19:40,  교회오빠(디지털),  10,000원",,,,,,01관,2019-07-06,59
"12:30,  교회오빠(디지털),  10,000원","16:05,  교회오빠(디지털),  10,000원","19:40,  교회오빠(디지털),  10,000원",,,,,,01관,2019-07-07,59
"12:30,  교회오빠(디지털),  10,000원","16:05,  교회오빠(디지털),  10,000원","17:50,  교회오빠(디지털)",,,,,,01관,2019-07-08,59
"12:30,  교회오빠(디지털),  10,000원","16:05,  교회오빠(디지털),  10,000원",,,,,,,01관,2019-07-09,59
"12:30,  교회오빠(디지털),  10,000원","16:05,  교회오빠(디지털),  10,000원","19:40,  교회오빠(디지털),  10,000원",,,,,,01관,2019-07-10,59
"00:05,  딸의 친구 4(디지털),  2,000원","16:05,  교회오빠(디지털),  10,000원",,,,,,,01관,2019-07-11,59
"12:20,  교회오빠(디지털),  10,000원","14:10,  교회오빠(디지털),  10,000원","16:00,  교회오빠(디지털),  10,000원","19:40,  교회오빠(디지털),  10,000원",,,,,01관,2019-07-12,59
"12:20,  교회오빠(디지털),  10,000원","14:10,  교회오빠(디지털),  10,000원","16:00,  교회오빠(디지털),  10,000원","19:40,  교회오빠(디지털),  10,000원",,,,,01관,2019-07-13,59
"12:25,  교회오빠(디지털),  10,000원","16:05,  교회오빠(디지털),  10,000원","19:40,  교회오빠(디지털),  10,000원",,,,,,01관,2019-07-14,59
"12:30,  교회오빠(디지털),  10,000원","16:05,  교회오빠(디지털),  10,000원","19:40,  교회오빠(디지털),  10,000원",,,,,,01관,2019-07-15,59
"12:30,  교회오빠(디지털),  10,000원","16:05,  교회오빠(디지털),  10,000원","19:40,  교회오빠(디지털),  10,000원",,,,,,01관,2019-07-16,59
"12:30,  교회오빠(디지털),  10,000원","16:05,  교회오빠(디지털),  10,000원","19:40,  교회오빠(디지털)",,,,,,01관,2019-07-17,59
"00:05,  막내 이모(디지털),  1,000원","16:05,  교회오빠(디지털)","19:40,  교회오빠(디지털)",,,,,,01관,2019-07-18,59
"10:30,  교회오빠(디지털)","12:20,  교회오빠(디지털)","14:10,  교회오빠(디지털),  10,000원","16:00,  교회오빠(디지털),  10,000원","19:40,  교회오빠(디지털)",,,,01관,2019-07-19,59
"12:20,  교회오빠(디지털),  10,000원","16:50,  교회오빠(디지털),  10,000원","20:25,  교회오빠(디지털),  10,000원",,,,,,01관,2019-07-20,59
"13:00,  교회오빠(디지털),  10,000원","16:40,  교회오빠(디지털),  10,000원","20:15,  교회오빠(디지털),  10,000원",,,,,,01관,2019-07-21,59
"12:30,  교회오빠(디지털)","16:05,  교회오빠(디지털),  10,000원","19:40,  교회오빠(디지털),  10,000원",,,,,,01관,2019-07-22,59
"12:30,  교회오빠(디지털),  10,000원","16:05,  교회오빠(디지털),  10,000원","19:40,  교회오빠(디지털),  10,000원",,,,,,01관,2019-07-23,59
"12:30,  교회오빠(디지털),  10,000원","16:05,  교회오빠(디지털),  10,000원",,,,,,,01관,2019-07-24,59
"00:05,  관전남(디지털),  1,000원","16:05,  교회오빠(디지털),  10,000원",,,,,,,01관,2019-07-25,59
"12:30,  교회오빠(디지털)","14:15,  교회오빠(디지털),  10,000원","16:00,  교회오빠(디지털)",,,,,,01관,2019-07-26,59
"12:20,  교회오빠(디지털),  10,000원","14:10,  교회오빠(디지털),  10,000원","16:00,  교회오빠(디지털),  10,000원","19:40,  교회오빠(디지털),  10,000원",,,,,01관,2019-07-27,59
"12:20,  교회오빠(디지털)","14:10,  교회오빠(디지털),  10,000원","16:00,  교회오빠(디지털),  10,000원","19:40,  교회오빠(디지털),  10,000원",,,,,01관,2019-07-28,59
"12:30,  교회오빠(디지털)","16:05,  교회오빠(디지털),  10,000원","19:40,  교회오빠(디지털),  10,000원",,,,,,01관,2019-07-29,59
"12:30,  교회오빠(디지털),  10,000원","16:40,  교회오빠(디지털),  10,000원","20:15,  교회오빠(디지털),  10,000원",,,,,,01관,2019-07-30,59
"12:30,  교회오빠(디지털),  10,000원","16:05,  교회오빠(디지털),  10,000원",,,,,,,01관,2019-07-31,59
"00:05,  어린 처형 2(디지털),  2,000원","16:40,  교회오빠(디지털),  10,000원","20:15,  교회오빠(디지털),  10,000원",,,,,,01관,2019-08-01,59
"12:30,  교회오빠(디지털),  10,000원","16:40,  교회오빠(디지털),  10,000원","20:15,  교회오빠(디지털),  10,000원",,,,,,01관,2019-08-02,59
"12:20,  교회오빠(디지털),  10,000원","14:10,  교회오빠(디지털),  10,000원","16:00,  교회오빠(디지털),  10,000원",,,,,,01관,2019-08-03,59
"11:45,  교회오빠(디지털),  10,000원","13:35,  교회오빠(디지털)","19:40,  교회오빠(디지털),  10,000원",,,,,,01관,2019-08-04,59
"11:50,  교회오빠(디지털),  10,000원",,"20:15,  교회오빠(디지털),  10,000원",,,,,,01관,2019-08-05,59
"12:15,  교회오빠(디지털),  10,000원","16:25,  교회오빠(디지털),  10,000원",,,,,,,01관,2019-08-06,59
"12:15,  교회오빠(디지털),  10,000원","16:25,  교회오빠(디지털)",,,,,,,01관,2019-08-07,59
"00:05,  첫경험 2(디지털),  2,000원","16:05,  교회오빠(디지털),  10,000원",,,,,,,01관,2019-08-08,59
"00:05,  누나의 속사정(디지털),  1,000원",,,,,,,,01관,2019-08-09,59
"00:05,  워파이터(디지털),  2,000원","16:25,  교회오빠(디지털),  10,000원",,,,,,,01관,2019-08-10,59
"12:15,  교회오빠(디지털),  10,000원","16:25,  교회오빠(디지털),  10,000원",,,,,,,01관,2019-08-11,59
"12:15,  교회오빠(디지털),  10,000원","19:40,  주전장(디지털),  10,000원",,,,,,,01관,2019-08-12,59
"01:25,  접대 전문 여비서 무삭제(디지털),  2,000원","15:35,  주전장(디지털),  10,000원",,,,,,,01관,2019-08-13,59
"00:05,  내 사촌 누나 무삭제(디지털),  2,000원",,,,,,,,01관,2019-08-14,59
"11:30,  교회오빠(디지털),  8,000원","20:35,  교회오빠(디지털),  10,000원",,,,,,,01관,2019-08-15,59
"00:05,  가슴큰엄마들(디지털),  2,000원","16:25,  주전장(디지털),  10,000원",,,,,,,01관,2019-08-16,59
"00:05,  더 바이 바이 맨(디지털),  2,000원","16:25,  교회오빠(디지털),  10,000원",,,,,,,01관,2019-08-17,59
"15:00,  500일의 썸머(디지털),  10,000원",,,,,,,,01관,2019-08-18,59
"23:55,  존 윅 3: 파라벨룸(디지털),  1,000원",,,,,,,,01관,2019-08-20,59
"02:10,  존 윅 3: 파라벨룸(디지털),  1,000원","18:05,  교회오빠(디지털)",,,,,,,01관,2019-08-21,59
"00:05,  어린 이모 2(디지털),  2,000원",,,,,,,,01관,2019-08-22,59
"12:10,  아픈 만큼 사랑한다(디지털),  10,000원",,,,,,,,01관,2019-08-23,59
"00:05,  더 바이 바이 맨(디지털),  2,000원","18:15,  교회오빠(디지털),  10,000원",,,,,,,01관,2019-08-24,59
"12:00,  아픈 만큼 사랑한다(디지털),  10,000원","17:55,  교회오빠(디지털),  10,000원",,,,,,,01관,2019-08-25,59
"12:00,  아픈 만큼 사랑한다(디지털),  10,000원",,,,,,,,01관,2019-08-26,59
"00:05,  옆집 누나 무삭제판(디지털),  1,000원","15:55,  교회오빠(디지털)",,,,,,,01관,2019-08-27,59
"12:00,  아픈 만큼 사랑한다(디지털)","20:25,  교회오빠(디지털),  10,000원",,,,,,,01관,2019-08-28,59
"00:05,  젊은엄마 그리고 섹스(디지털),  1,000원","16:10,  아픈 만큼 사랑한다(디지털)",,,,,,,01관,2019-08-29,59
"00:05,  긴섹충 (디지털),  2,000원","19:30,  교회오빠(디지털)",,,,,,,01관,2019-08-30,59
"16:20,  아픈 만큼 사랑한다(디지털),  10,000원","20:00,  교회오빠(디지털),  10,000원",,,,,,,01관,2019-08-31,59
"12:30,  아픈 만큼 사랑한다(디지털)","16:05,  교회오빠(디지털),  10,000원",,,,,,,01관,2019-09-01,59
"11:10,  누구나 아는 비밀(디지털),  2,000원","20:25,  교회오빠(디지털),  10,000원",,,,,,,01관,2019-09-02,59
"12:00,  주전장(디지털),  10,000원","16:05,  교회오빠(디지털),  10,000원",,,,,,,01관,2019-09-03,59
"00:05,  이스케이프 플랜 3(디지털),  2,000원","16:10,  교회오빠(디지털),  10,000원",,,,,,,01관,2019-09-04,59
"00:05,  사돈 처녀 2(디지털),  2,000원","16:05,  교회오빠(디지털)",,,,,,,01관,2019-09-05,59
"00:05,  완벽한 타인 : 비밀의 스와핑 (디지털),  2,000원","16:20,  교회오빠(디지털),  10,000원",,,,,,,01관,2019-09-06,59
"00:05,  존 윅 3: 파라벨룸(디지털),  1,000원","16:05,  교회오빠(디지털),  10,000원",,,,,,,01관,2019-09-07,59
"00:05,  존 윅 3: 파라벨룸(디지털),  1,000원","16:05,  교회오빠(디지털),  10,000원",,,,,,,01관,2019-09-08,59
"00:05,  존 윅 3: 파라벨룸(디지털),  1,000원","16:10,  교회오빠(디지털)",,,,,,,01관,2019-09-09,59
"00:05,  막내 형수 - 무삭제판(디지털),  2,000원","16:05,  교회오빠(디지털),  10,000원",,,,,,,01관,2019-09-10,59
"00:05,  존 윅 3: 파라벨룸(디지털),  1,000원","16:10,  교회오빠(디지털)",,,,,,,01관,2019-09-11,59
"00:05,  아내의 친구(디지털),  1,000원","16:05,  교회오빠(디지털),  10,000원",,,,,,,01관,2019-09-12,59
"00:05,  존 윅 3: 파라벨룸(디지털),  1,000원","20:05,  교회오빠(디지털),  10,000원",,,,,,,01관,2019-09-13,59
"00:05,  존 윅 3: 파라벨룸(디지털),  1,000원","16:05,  교회오빠(디지털),  10,000원",,,,,,,01관,2019-09-14,59
"00:05,  존 윅 3: 파라벨룸(디지털),  1,000원","16:05,  교회오빠(디지털),  10,000원",,,,,,,01관,2019-09-15,59
"00:05,  존 윅 3: 파라벨룸(디지털),  1,000원","16:20,  교회오빠(디지털)",,,,,,,01관,2019-09-16,59
"00:05,  존 윅 3: 파라벨룸(디지털),  1,000원","17:50,  교회오빠(디지털)",,,,,,,01관,2019-09-17,59
"12:00,  아픈 만큼 사랑한다(디지털)","17:50,  교회오빠(디지털),  9,000원",,,,,,,01관,2019-09-18,59
"00:05,  어린 식모(디지털),  2,000원",,,,,,,,01관,2019-09-19,59
"00:05,  야곱의 사다리(디지털),  2,000원","17:50,  교회오빠(디지털),  10,000원",,,,,,,01관,2019-09-20,59
"00:05,  야곱의 사다리(디지털),  2,000원","17:50,  교회오빠(디지털),  10,000원",,,,,,,01관,2019-09-21,59
"11:30,  주전장(디지털),  10,000원","15:50,  교회오빠(디지털),  10,000원",,,,,,,01관,2019-09-22,59
"00:05,  야곱의 사다리(디지털),  2,000원","18:10,  교회오빠(디지털),  10,000원",,,,,,,01관,2019-09-23,59
"00:05,  야곱의 사다리(디지털),  2,000원","17:50,  교회오빠(디지털),  10,000원",,,,,,,01관,2019-09-24,59
"12:00,  아픈 만큼 사랑한다(디지털)","17:50,  교회오빠(디지털)",,,,,,,01관,2019-09-25,59
"00:05,  처제의 일기(디지털),  2,000원","20:00,  애월(디지털),  10,000원","15:00,  애월(디지털),  10,000원",,,,,,01관,2019-09-26,59
"00:05,  내 여자의 남자들(디지털),  2,000원","20:00,  애월(디지털),  10,000원","15:00,  애월(디지털),  10,000원",,,,,,01관,2019-09-27,59
"11:30,  아픈 만큼 사랑한다(디지털),  10,000원","20:00,  애월(디지털),  10,000원","15:00,  애월(디지털),  10,000원",,,,,,01관,2019-09-28,59
"11:30,  아픈 만큼 사랑한다(디지털)","20:00,  애월(디지털),  10,000원","15:00,  애월(디지털),  10,000원",,,,,,01관,2019-09-29,59
"11:30,  아픈 만큼 사랑한다(디지털)","20:00,  애월(디지털),  10,000원","15:00,  애월(디지털),  10,000원",,,,,,01관,2019-09-30,59
"00:05,  루터(디지털),  2,000원","19:55,  너의 췌장을 먹고 싶어(디지털),  10,000원",,,,,,,01관,2018-01-01,59
"00:05,  킬 유어 프렌즈(디지털),  2,000원","19:55,  너의 췌장을 먹고 싶어(디지털)",,,,,,,01관,2018-01-02,59
"11:00,  너의 췌장을 먹고 싶어(디지털)","17:55,  러브레터(디지털)",,,,,,,01관,2018-01-03,59
"00:05,  무림축구(디지털),  2,000원",,,,,,,,01관,2018-01-04,59
"00:05,  무림축구(디지털),  2,000원",,,,,,,,01관,2018-01-05,59
"00:05,  무림축구(디지털),  2,000원",,,,,,,,01관,2018-01-06,59
"00:05,  무림축구(디지털),  2,000원",,,,,,,,01관,2018-01-07,59
"10:00,  굿타임(디지털)",,,,,,,,01관,2018-01-08,59
"10:00,  굿타임(디지털)",,,,,,,,01관,2018-01-09,59
"00:05,  정사2: 친구 새엄마-무삭제판(디지털),  2,000원",,,,,,,,01관,2018-01-10,59
"00:05,  아내들의 속사정(디지털),  2,000원",,,,,,,,01관,2018-01-11,59
"10:00,  윈드 리버(디지털),  10,000원",,,,,,,,01관,2018-01-12,59
"10:00,  스타박'스 다방(디지털)",,,,,,,,01관,2018-01-13,59
"09:30,  윈드 리버(디지털),  10,000원",,,,,,,,01관,2018-01-14,59
"00:05,  발칙한 동거(디지털),  2,000원",,,,,,,,01관,2018-01-15,59
"09:50,  스타박'스 다방(디지털)",,,,,,,,01관,2018-01-16,59
"00:05,  동창생의 목적 - 감독판(디지털),  2,000원",,,,,,,,01관,2018-01-17,59
"00:05,  서바이벌 패밀리(디지털),  2,000원",,,,,,,,01관,2018-01-18,59
"00:05,  삼생삼세 십리도화(디지털),  2,000원",,,,,,,,01관,2018-01-19,59
"00:05,  삼생삼세 십리도화(디지털),  2,000원",,,,,,,,01관,2018-01-20,59
"00:05,  삼생삼세 십리도화(디지털),  2,000원",,,,,,,,01관,2018-01-21,59
"00:05,  삼생삼세 십리도화(디지털),  2,000원",,,,,,,,01관,2018-01-22,59
"01:10,  삼생삼세 십리도화(디지털),  2,000원",,,,,,,,01관,2018-01-23,59
"00:05,  직쏘(디지털),  2,000원",,,,,,,,01관,2018-01-24,59
"00:05,  하우스 오브 데스(디지털),  2,000원",,,,,,,,01관,2018-01-25,59
"00:05,  하우스 오브 데스(디지털),  2,000원","22:30,  레더페이스(디지털),  2,000원",,,,,,,01관,2018-01-26,59
"00:05,  하우스 오브 데스(디지털),  2,000원","06:51,  레더페이스(디지털),  2,000원",,,,,,,01관,2018-01-27,59
"00:05,  하우스 오브 데스(디지털),  2,000원",,,,,,,,01관,2018-01-28,59
"01:40,  직쏘(디지털),  2,000원","00:05,  레더페이스(디지털),  2,000원",,,,,,,01관,2018-01-29,59
"01:40,  직쏘(디지털),  2,000원",,,,,,,,01관,2018-01-30,59
"00:05,  숨바꼭질: 겟 아웃(디지털)",,,,,,,,01관,2018-01-31,59
"00:05,  금의위: 혈지도(디지털),  2,000원",,,,,,,,01관,2018-02-01,59
"00:05,  금의위: 혈지도(디지털),  2,000원",,,,,,,,01관,2018-02-02,59
"00:05,  금의위: 혈지도(디지털),  2,000원",,,,,,,,01관,2018-02-03,59
"00:05,  금의위: 혈지도(디지털),  2,000원","07:59,  프리 스테이트(디지털),  2,000원",,,,,,,01관,2018-02-04,59
"01:40,  금의위: 혈지도(디지털)","16:20,  그녀는 거짓말을 너무 사랑해(디지털),  10,000원",,,,,,,01관,2018-02-05,59
"00:05,  프리 스테이트(디지털),  2,000원","16:20,  강철비(디지털),  10,000원",,,,,,,01관,2018-02-06,59
"00:05,  정사 : 질투의 덫 - 감독판(디지털),  2,000원","18:40,  강철비(디지털)",,,,,,,01관,2018-02-07,59
"00:05,  프리 스테이트(디지털),  2,000원",,,,,,,,01관,2018-02-08,59
"00:05,  금의위: 혈지도(디지털),  2,000원","04:53,  프리 스테이트(디지털),  2,000원","06:47,  프리 스테이트(디지털),  2,000원",,,,,,01관,2018-02-09,59
"00:05,  금의위: 혈지도(디지털),  2,000원","02:59,  프리 스테이트(디지털),  2,000원","04:53,  프리 스테이트(디지털),  2,000원",,,,,,01관,2018-02-10,59
"00:05,  금의위: 혈지도(디지털),  2,000원","04:53,  프리 스테이트(디지털),  2,000원","06:47,  프리 스테이트(디지털),  2,000원",,,,,,01관,2018-02-11,59
"00:05,  금의위: 혈지도(디지털)","20:00,  신과함께-죄와 벌(디지털)",,,,,,,01관,2018-02-12,59
"00:05,  금의위: 혈지도(디지털)",,,,,,,,01관,2018-02-13,59
"00:05,  금의위: 혈지도(디지털)","11:10,  퍼스트 스텝(디지털),  10,000원",,,,,,,01관,2018-02-14,59
"00:05,  무림9대문파-호골매화(디지털),  2,000원",,,,,,,,01관,2018-02-15,59
"00:05,  무림9대문파-호골매화(디지털),  2,000원",,,,,,,,01관,2018-02-16,59
"00:05,  무림9대문파-호골매화(디지털),  2,000원",,,,,,,,01관,2018-02-17,59
"00:05,  무림9대문파-호골매화(디지털),  2,000원","21:30,  퍼스트 스텝(디지털),  10,000원",,,,,,,01관,2018-02-18,59
"00:05,  무림9대문파-호골매화(디지털)","17:05,  1987(디지털)",,,,,,,01관,2018-02-19,59
"00:05,  무림9대문파-호골매화(디지털)",,,,,,,,01관,2018-02-20,59
"00:05,  무림9대문파-호골매화(디지털)","17:10,  신과함께-죄와 벌(디지털)",,,,,,,01관,2018-02-21,59
"00:05,  무림9대문파-호골매화(디지털),  2,000원",,,,,,,,01관,2018-02-22,59
"00:05,  무림9대문파-호골매화(디지털),  2,000원",,,,,,,,01관,2018-02-23,59
"00:05,  무림9대문파-호골매화(디지털),  2,000원",,,,,,,,01관,2018-02-24,59
"00:05,  무림9대문파-호골매화(디지털),  2,000원",,,,,,,,01관,2018-02-25,59
"00:05,  무림9대문파-호골매화(디지털),  2,000원",,,,,,,,01관,2018-02-26,59
"00:05,  무림9대문파-호골매화(디지털),  2,000원",,,,,,,,01관,2018-02-27,59
"00:05,  연애사슬(디지털),  2,000원","19:30,  신과함께-죄와 벌(디지털)",,,,,,,01관,2018-02-28,59
"00:05,  탱크 독(디지털),  2,000원",,,,,,,,01관,2018-03-01,59
"00:05,  이모의 유혹(디지털),  2,000원","20:30,  게이트(디지털),  10,000원",,,,,,,01관,2018-03-02,59
"00:05,  탱크 독(디지털),  2,000원","19:10,  월요일이 사라졌다(디지털),  10,000원",,,,,,,01관,2018-03-03,59
"00:05,  탱크 독(디지털),  2,000원","19:10,  게이트(디지털),  10,000원",,,,,,,01관,2018-03-04,59
"00:05,  퍼즐(디지털),  2,000원","17:50,  게이트(디지털)",,,,,,,01관,2018-03-05,59
"00:05,  퍼즐(디지털),  2,000원","15:10,  게이트(디지털)",,,,,,,01관,2018-03-06,59
"00:05,  세 번째 살인(디지털),  2,000원","17:50,  게이트(디지털)",,,,,,,01관,2018-03-07,59
"01:30,  내딸 : 아찔한 동거(디지털),  2,000원",,,,,,,,01관,2018-03-08,59
"00:05,  걸스 나잇(디지털),  2,000원","17:30,  월요일이 사라졌다(디지털),  10,000원",,,,,,,01관,2018-03-09,59
"00:05,  탱크 독(디지털)","17:40,  셰이프 오브 워터: 사랑의 모양(디지털),  10,000원",,,,,,,01관,2018-03-10,59
"00:05,  탱크 독(디지털)","12:30,  패딩턴 2(디지털)",,,,,,,01관,2018-03-11,59
"00:05,  퍼즐(디지털),  2,000원","19:30,  신과함께-죄와 벌(디지털)",,,,,,,01관,2018-03-12,59
"00:05,  퍼즐(디지털),  2,000원","16:30,  월요일이 사라졌다(디지털)",,,,,,,01관,2018-03-13,59
"00:05,  퍼즐(디지털),  2,000원","19:30,  신과함께-죄와 벌(디지털)",,,,,,,01관,2018-03-14,59
"00:05,  일진(디지털),  2,000원",,,,,,,,01관,2018-03-15,59
"00:05,  일진(디지털),  2,000원","20:50,  월요일이 사라졌다(디지털),  10,000원",,,,,,,01관,2018-03-16,59
"00:05,  일진(디지털),  2,000원","18:20,  월요일이 사라졌다(디지털),  10,000원",,,,,,,01관,2018-03-17,59
"00:05,  일진(디지털),  2,000원","16:15,  월요일이 사라졌다(디지털),  10,000원",,,,,,,01관,2018-03-18,59
"00:05,  일진(디지털),  2,000원","16:30,  일진(디지털),  10,000원",,,,,,,01관,2018-03-19,59
"00:05,  일진(디지털),  2,000원",,,,,,,,01관,2018-03-20,59
"00:05,  일진(디지털),  2,000원","16:50,  신과함께-죄와 벌(디지털)",,,,,,,01관,2018-03-21,59
"00:05,  일진(디지털),  2,000원",,,,,,,,01관,2018-03-22,59
"00:05,  일진(디지털),  2,000원",,,,,,,,01관,2018-03-23,59
"00:05,  일진(디지털),  2,000원","19:20,  월요일이 사라졌다(디지털),  10,000원",,,,,,,01관,2018-03-24,59
"00:05,  일진(디지털),  2,000원","19:20,  월요일이 사라졌다(디지털),  10,000원",,,,,,,01관,2018-03-25,59
"00:05,  일진(디지털),  2,000원",,,,,,,,01관,2018-03-26,59
"00:05,  일진(디지털),  2,000원","16:00,  타클라마칸(디지털)",,,,,,,01관,2018-03-27,59
"00:05,  일진(디지털),  2,000원","18:05,  신과함께-죄와 벌(디지털)",,,,,,,01관,2018-03-28,59
"00:05,  게이트(디지털),  2,000원",,,,,,,,01관,2018-03-29,59
"01:05,  게이트(디지털),  2,000원","12:05,  타클라마칸(디지털)",,,,,,,01관,2018-03-30,59
"00:05,  도시괴담(디지털),  2,000원","20:20,  월요일이 사라졌다(디지털),  10,000원",,,,,,,01관,2018-03-31,59
"00:05,  도시괴담(디지털),  2,000원","13:30,  리틀 포레스트(디지털),  10,000원",,,,,,,01관,2018-04-01,59
"00:05,  게이트(디지털),  2,000원","18:00,  지금 만나러 갑니다(디지털)",,,,,,,01관,2018-04-02,59
"00:05,  게이트(디지털),  2,000원","18:00,  지금 만나러 갑니다(디지털)",,,,,,,01관,2018-04-03,59
"00:05,  게이트(디지털),  2,000원","18:00,  지금 만나러 갑니다(디지털)",,,,,,,01관,2018-04-04,59
"00:05,  게이트(디지털),  2,000원","20:40,  셰이프 오브 워터: 사랑의 모양(디지털),  10,000원",,,,,,,01관,2018-04-05,59
"00:05,  게이트(디지털),  2,000원","18:30,  셰이프 오브 워터: 사랑의 모양(디지털),  10,000원",,,,,,,01관,2018-04-06,59
"00:05,  게이트(디지털),  2,000원","19:05,  셰이프 오브 워터: 사랑의 모양(디지털),  10,000원",,,,,,,01관,2018-04-07,59
"00:05,  게이트(디지털),  2,000원","16:50,  셰이프 오브 워터: 사랑의 모양(디지털),  10,000원",,,,,,,01관,2018-04-08,59
"00:05,  게이트(디지털),  2,000원","20:35,  리틀 포레스트(디지털),  10,000원",,,,,,,01관,2018-04-09,59
"00:05,  하숙집 여주인의 목적-감독판(디지털),  2,000원","14:50,  리틀 포레스트(디지털)",,,,,,,01관,2018-04-10,59
"00:05,  12 솔져스(디지털)",,,,,,,,01관,2018-04-11,59
"00:05,  대부업자: 소울 앤 캐시(디지털),  2,000원",,,,,,,,01관,2018-04-12,59
"00:05,  대부업자: 소울 앤 캐시(디지털),  2,000원","20:40,  곤지암(디지털)",,,,,,,01관,2018-04-13,59
"00:05,  대부업자: 소울 앤 캐시(디지털),  2,000원","17:15,  곤지암(디지털)","21:00,  곤지암(디지털)",,,,,,01관,2018-04-14,59
"00:05,  대부업자: 소울 앤 캐시(디지털),  2,000원",,,,,,,,01관,2018-04-15,59
"12:50,  대부업자: 소울 앤 캐시(디지털)",,,,,,,,01관,2018-04-16,59
"02:01,  맛있는 섹스 누나 친구-감독판(디지털),  2,000원",,,,,,,,01관,2018-04-17,59
"00:05,  사라진 밤(디지털),  2,000원","21:10,  곤지암(디지털)",,,,,,,01관,2018-04-18,59
"00:05,  사라진 밤(디지털),  2,000원","20:25,  셰이프 오브 워터: 사랑의 모양(디지털),  10,000원",,,,,,,01관,2018-04-19,59
"00:05,  사라진 밤(디지털),  2,000원","18:30,  셰이프 오브 워터: 사랑의 모양(디지털),  10,000원",,,,,,,01관,2018-04-20,59
"00:05,  스페셜 포스 : 화이트 마운틴(디지털),  2,000원","18:40,  셰이프 오브 워터: 사랑의 모양(디지털),  10,000원",,,,,,,01관,2018-04-21,59
"00:05,  스페셜 포스 : 화이트 마운틴(디지털),  2,000원","20:55,  쓰리 빌보드(디지털),  10,000원",,,,,,,01관,2018-04-22,59
"00:05,  사라진 밤(디지털),  2,000원","13:00,  아버지를 찾아서(디지털)",,,,,,,01관,2018-04-23,59
"00:05,  그녀의 색맛: 감독판(디지털),  2,000원","13:20,  아버지를 찾아서(디지털),  10,000원",,,,,,,01관,2018-04-24,59
"00:05,  사라진 밤(디지털),  2,000원","13:00,  아버지를 찾아서(디지털)",,,,,,,01관,2018-04-25,59
"00:05,  신 전래동화(디지털),  2,000원",,,,,,,,01관,2018-04-26,59
"00:05,  신 전래동화(디지털),  2,000원",,,,,,,,01관,2018-04-27,59
"00:05,  신 전래동화(디지털),  2,000원","18:20,  셰이프 오브 워터: 사랑의 모양(디지털),  10,000원",,,,,,,01관,2018-04-28,59
"00:05,  신 전래동화(디지털),  2,000원","20:35,  쓰리 빌보드(디지털),  10,000원",,,,,,,01관,2018-04-29,59
"00:05,  사라진 밤(디지털),  2,000원","20:20,  곤지암(디지털),  10,000원",,,,,,,01관,2018-04-30,59
"00:05,  사라진 밤(디지털),  2,000원","11:15,  곤지암(디지털),  10,000원","13:05,  곤지암(디지털),  10,000원",,,,,,01관,2018-05-01,59
"00:05,  사라진 밤(디지털),  2,000원","14:50,  곤지암(디지털),  10,000원","18:10,  곤지암(디지털)","20:00,  곤지암(디지털),  10,000원",,,,,01관,2018-05-02,59
"00:05,  신 전래동화(디지털),  2,000원",,,,,,,,01관,2018-05-03,59
"00:05,  딸의 애인(디지털),  2,000원","20:50,  곤지암(디지털),  10,000원",,,,,,,01관,2018-05-04,59
"00:05,  슬레이브워(디지털),  2,000원","20:55,  곤지암(디지털),  10,000원",,,,,,,01관,2018-05-05,59
"00:05,  슬레이브워(디지털),  2,000원","12:20,  셰이프 오브 워터: 사랑의 모양(디지털),  10,000원",,,,,,,01관,2018-05-06,59
"08:00,  신 전래동화(디지털),  2,000원","14:30,  클레어의 카메라(디지털),  10,000원",,,,,,,01관,2018-05-07,59
"00:05,  나를 기억해(디지털),  2,000원","14:30,  클레어의 카메라(디지털)",,,,,,,01관,2018-05-08,59
"00:05,  어린 이모(디지털),  2,000원","14:30,  클레어의 카메라(디지털)",,,,,,,01관,2018-05-09,59
"00:05,  삼손(디지털),  2,000원","16:25,  당갈(디지털)",,,,,,,01관,2018-05-10,59
"00:05,  삼손(디지털),  2,000원","14:55,  당갈(디지털)",,,,,,,01관,2018-05-11,59
"00:05,  슬레이브워(디지털),  2,000원","05:10,  5.18 힌츠페터 스토리(디지털),  5,000원",,,,,,,01관,2018-05-12,59
"00:05,  슬레이브워(디지털),  2,000원","03:35,  5.18 힌츠페터 스토리(디지털),  5,000원",,,,,,,01관,2018-05-13,59
"13:00,  클레어의 카메라(디지털)","18:25,  곤지암(디지털)","20:20,  곤지암(디지털)",,,,,,01관,2018-05-14,59
"00:05,  도망자 2018(디지털)","17:00,  곤지암(디지털)",,,,,,,01관,2018-05-15,59
"00:05,  맨 프럼 어스2: 홀로신(디지털)","18:25,  곤지암(디지털)","20:20,  곤지암(디지털),  10,000원",,,,,,01관,2018-05-16,59
"00:05,  맨 프럼 어스2: 홀로신(디지털),  2,000원",,,,,,,,01관,2018-05-17,59
"00:05,  도망자 2018(디지털),  2,000원",,,,,,,,01관,2018-05-18,59
"00:05,  도망자 2018(디지털),  2,000원",,,,,,,,01관,2018-05-19,59
"00:05,  도망자 2018(디지털),  2,000원",,,,,,,,01관,2018-05-20,59
"00:05,  아웃도어 비긴즈(디지털),  2,000원","18:10,  5.18 힌츠페터 스토리(디지털)",,,,,,,01관,2018-05-21,59
"00:05,  아웃도어 비긴즈(디지털),  2,000원","18:10,  5.18 힌츠페터 스토리(디지털)",,,,,,,01관,2018-05-22,59
"00:05,  아웃도어 비긴즈(디지털),  2,000원","18:10,  5.18 힌츠페터 스토리(디지털)",,,,,,,01관,2018-05-23,59
"03:30,  아웃도어 비긴즈(디지털),  2,000원",,,,,,,,01관,2018-05-24,59
"00:05,  딜레마(디지털),  2,000원","15:50,  당갈(디지털)",,,,,,,01관,2018-05-25,59
"03:30,  아웃도어 비긴즈(디지털),  2,000원","13:10,  부르고뉴, 와인에서 찾은 인생(디지털),  10,000원",,,,,,,01관,2018-05-26,59
"03:30,  아웃도어 비긴즈(디지털),  2,000원","13:10,  부르고뉴, 와인에서 찾은 인생(디지털),  10,000원",,,,,,,01관,2018-05-27,59
"01:30,  아웃도어 비긴즈(디지털),  2,000원",,,,,,,,01관,2018-05-28,59
"00:05,  중독: 관음증-감독판(디지털),  2,000원",,,,,,,,01관,2018-05-29,59
"01:30,  아웃도어 비긴즈(디지털),  2,000원",,,,,,,,01관,2018-05-30,59
"03:30,  아웃도어 비긴즈(디지털),  2,000원",,,,,,,,01관,2018-05-31,59
"03:30,  아웃도어 비긴즈(디지털),  2,000원",,,,,,,,01관,2018-06-01,59
"03:30,  아웃도어 비긴즈(디지털),  2,000원","20:35,  불한당: 나쁜 놈들의 세상(디지털),  10,000원",,,,,,,01관,2018-06-02,59
"03:30,  아웃도어 비긴즈(디지털),  2,000원","20:35,  불한당: 나쁜 놈들의 세상(디지털),  10,000원",,,,,,,01관,2018-06-03,59
"01:30,  라스트 미션(디지털)",,,,,,,,01관,2018-06-04,59
"01:30,  라스트 미션(디지털)","14:10,  5.18 힌츠페터 스토리(디지털)",,,,,,,01관,2018-06-05,59
"01:30,  라스트 미션(디지털)","17:25,  버닝(디지털),  10,000원",,,,,,,01관,2018-06-06,59
"00:05,  제로 아워 킬러(디지털),  2,000원",,,,,,,,01관,2018-06-07,59
"00:05,  제로 아워 킬러(디지털),  2,000원",,,,,,,,01관,2018-06-08,59
"00:05,  제로 아워 킬러(디지털),  2,000원",,,,,,,,01관,2018-06-09,59
"00:05,  제로 아워 킬러(디지털),  2,000원",,,,,,,,01관,2018-06-10,59
"00:05,  라스트 미션(디지털)","15:15,  버닝(디지털),  10,000원",,,,,,,01관,2018-06-11,59
"00:05,  라스트 미션(디지털)","16:45,  불한당: 나쁜 놈들의 세상(디지털),  10,000원",,,,,,,01관,2018-06-12,59
"00:05,  라스트 미션(디지털)","15:35,  버닝(디지털),  10,000원",,,,,,,01관,2018-06-13,59
"00:05,  정글(디지털),  2,000원","17:35,  불한당: 나쁜 놈들의 세상(디지털),  10,000원",,,,,,,01관,2018-06-14,59
"00:05,  정글(디지털),  2,000원","17:35,  불한당: 나쁜 놈들의 세상(디지털),  10,000원",,,,,,,01관,2018-06-15,59
"00:05,  정글(디지털),  2,000원","11:30,  당갈(디지털),  10,000원",,,,,,,01관,2018-06-16,59
"10:00,  5.18 힌츠페터 스토리(디지털),  10,000원","14:50,  당갈(디지털),  10,000원",,,,,,,01관,2018-06-17,59
"12:00,  5.18 힌츠페터 스토리(디지털)","19:00,  버닝(디지털),  10,000원",,,,,,,01관,2018-06-18,59
"00:05,  제로 아워 킬러(디지털)",,,,,,,,01관,2018-06-19,59
"00:05,  제로 아워 킬러(디지털)",,,,,,,,01관,2018-06-20,59
"00:05,  깊은 관계(디지털)","11:00,  게이트-완결판(디지털)",,,,,,,01관,2018-06-21,59
"00:05,  깊은 관계(디지털),  1,000원","11:00,  게이트-완결판(디지털)",,,,,,,01관,2018-06-22,59
"00:05,  루킹 글라스(디지털),  2,000원",,,,,,,,01관,2018-06-23,59
"00:05,  천사의 시간(디지털),  2,000원","15:50,  당갈(디지털),  10,000원",,,,,,,01관,2018-06-24,59
"00:05,  천사의 시간(디지털),  2,000원","11:00,  게이트-완결판(디지털),  10,000원",,,,,,,01관,2018-06-25,59
"00:05,  초능력자 2018 : 염력(디지털)","11:00,  게이트-완결판(디지털)",,,,,,,01관,2018-06-26,59
"00:05,  초능력자 2018 : 염력(디지털)","11:00,  게이트-완결판(디지털)",,,,,,,01관,2018-06-27,59
"00:05,  천사의 시간(디지털),  2,000원",,,,,,,,01관,2018-06-28,59
"00:05,  천사의 시간(디지털),  2,000원","04:40,  5.18 힌츠페터 스토리(디지털),  2,000원",,,,,,,01관,2018-06-29,59
"00:05,  천사의 시간(디지털),  2,000원",,,,,,,,01관,2018-06-30,59
"00:05,  천사의 시간(디지털),  2,000원","19:30,  시카리오: 데이 오브 솔다도(디지털),  10,000원",,,,,,,01관,2018-07-01,59
"00:05,  천사의 시간(디지털),  2,000원",,,,,,,,01관,2018-07-02,59
"00:05,  천사의 시간(디지털),  2,000원","14:25,  5.18 힌츠페터 스토리(디지털)",,,,,,,01관,2018-07-03,59
"00:05,  천사의 시간(디지털),  2,000원","10:30,  5.18 힌츠페터 스토리(디지털)",,,,,,,01관,2018-07-04,59
"00:05,  당대명포-의문의 주검(디지털),  1,000원","17:25,  하나 그리고 둘(디지털),  10,000원",,,,,,,01관,2018-07-05,59
"00:05,  당대명포-의문의 주검(디지털),  1,000원","19:40,  하나 그리고 둘(디지털),  10,000원",,,,,,,01관,2018-07-06,59
"00:05,  아메리칸 사이코 2018 (디지털),  1,000원","19:10,  하나 그리고 둘(디지털),  10,000원",,,,,,,01관,2018-07-07,59
"00:05,  허리케인 샤크네이도(디지털),  1,000원","20:25,  하나 그리고 둘(디지털),  10,000원",,,,,,,01관,2018-07-08,59
"11:20,  게이트-완결판(디지털)","19:50,  버닝(디지털),  10,000원",,,,,,,01관,2018-07-09,59
"00:05,  애연(디지털),  1,000원","19:55,  버닝(디지털),  10,000원",,,,,,,01관,2018-07-10,59
"00:05,  애연(디지털),  1,000원","17:35,  독전(디지털),  10,000원",,,,,,,01관,2018-07-11,59
"00:05,  당대명포-고수의 부활(디지털),  1,000원",,,,,,,,01관,2018-07-12,59
"00:05,  당대명포-고수의 부활(디지털),  1,000원",,,,,,,,01관,2018-07-13,59
"00:05,  뱅크 잡: 리크루트(디지털),  1,000원",,,,,,,,01관,2018-07-14,59
"00:05,  좋아하지도 않으면서(디지털),  2,000원",,,,,,,,01관,2018-07-15,59
"00:05,  5.18 힌츠페터 스토리(디지털),  1,000원","10:45,  5.18 힌츠페터 스토리(디지털)",,,,,,,01관,2018-07-16,59
"00:05,  5.18 힌츠페터 스토리(디지털),  1,000원","12:00,  5.18 힌츠페터 스토리(디지털)",,,,,,,01관,2018-07-17,59
"00:05,  당대명포-의문의 주검(디지털)","20:45,  펠리니를 찾아서(디지털),  10,000원",,,,,,,01관,2018-07-18,59
"00:05,  당대명포-의문의 주검(디지털),  1,000원",,,,,,,,01관,2018-07-19,59
"00:05,  당대명포-무림고수 대결전(디지털),  1,000원","13:00,  레옹 (필름),  10,000원","20:30,  레옹 (필름),  10,000원",,,,,,01관,2018-07-20,59
"00:05,  좋아하지도 않으면서(디지털),  2,000원","11:25,  레옹 (필름),  10,000원","21:40,  레옹 (필름),  10,000원",,,,,,01관,2018-07-21,59
"00:05,  슈퍼히어로 스팍스(디지털),  1,000원","18:00,  하나 그리고 둘(디지털),  12,000원",,,,,,,01관,2018-07-22,59
"00:05,  뮤즈(디지털),  2,000원",,,,,,,,01관,2018-07-23,59
"00:05,  당대명포-고수의 부활(디지털)",,,,,,,,01관,2018-07-24,59
"00:05,  당대명포-고수의 부활(디지털)","17:45,  독전: 익스텐디드 컷(디지털),  10,000원",,,,,,,01관,2018-07-25,59
"00:05,  용의자: 폭탄 테러를 막아라(디지털),  1,000원",,,,,,,,01관,2018-07-26,59
"00:05,  글래디에이터: 바이킹과의 전쟁(디지털),  1,000원",,,,,,,,01관,2018-07-27,59
"00:05,  쿵푸 크로니클(디지털),  2,000원",,,,,,,,01관,2018-07-28,59
"00:05,  쿵푸 크로니클(디지털),  2,000원",,,,,,,,01관,2018-07-29,59
"13:10,  속닥속닥(디지털)","15:00,  속닥속닥(디지털)",,,,,,,01관,2018-07-30,59
"00:05,  당대명포-무림고수 대결전(디지털)",,,,,,,,01관,2018-07-31,59
"00:05,  당대명포-무림고수 대결전(디지털),  1,000원","20:00,  독전: 익스텐디드 컷(디지털),  10,000원",,,,,,,01관,2018-08-01,59
"00:05,  글래디에이터: 바이킹과의 전쟁(디지털),  1,000원","20:10,  레옹 (필름)",,,,,,,01관,2018-08-02,59
"01:50,  더 바디: 트리(디지털),  1,000원",,,,,,,,01관,2018-08-03,59
"00:05,  쿵푸 크로니클(디지털),  2,000원",,,,,,,,01관,2018-08-04,59
"00:05,  쿵푸 크로니클(디지털),  2,000원",,,,,,,,01관,2018-08-05,59
"12:10,  펠리니를 찾아서(디지털)","16:15,  펠리니를 찾아서(디지털),  10,000원",,,,,,,01관,2018-08-06,59
"07:00,  루나: 소녀의 복수(디지털),  2,000원","20:50,  어느 가족(디지털),  10,000원",,,,,,,01관,2018-08-07,59
"12:00,  빅 식(디지털),  10,000원","20:50,  어느 가족(디지털),  10,000원",,,,,,,01관,2018-08-08,59
"05:00,  불륜에 맛들린 순진한 아내(디지털),  2,000원",,,,,,,,01관,2018-08-09,59
"00:05,  고양이 닌자(디지털),  2,000원","20:45,  어느 가족(디지털),  10,000원",,,,,,,01관,2018-08-10,59
"00:05,  고양이 닌자(디지털),  2,000원","17:10,  어느 가족(디지털),  10,000원",,,,,,,01관,2018-08-11,59
"00:05,  미드나잇 맨(디지털),  1,000원","17:10,  어느 가족(디지털),  10,000원",,,,,,,01관,2018-08-12,59
"12:10,  펠리니를 찾아서(디지털),  10,000원","16:30,  펠리니를 찾아서(디지털)",,,,,,,01관,2018-08-13,59
"00:05,  맛있는 스와핑(디지털),  1,000원","14:40,  빅 식(디지털),  10,000원",,,,,,,01관,2018-08-14,59
"00:05,  미션 이스탄불3: 더 리벤지(디지털),  2,000원","18:20,  어느 가족(디지털),  10,000원",,,,,,,01관,2018-08-15,59
"00:05,  더티웨딩(디지털),  2,000원","18:30,  맘마미아!2(디지털),  10,000원",,,,,,,01관,2018-08-16,59
"07:00,  고양이 닌자(디지털),  2,000원","18:20,  어느 가족(디지털),  10,000원",,,,,,,01관,2018-08-17,59
"03:13,  데드 엔드 데몬(디지털),  1,000원","16:50,  어느 가족(디지털),  10,000원","21:20,  맘마미아!2(디지털),  10,000원",,,,,,01관,2018-08-18,59
"03:13,  컨저링 고스트(디지털),  1,000원","16:30,  맘마미아!2(디지털),  10,000원","21:00,  어느 가족(디지털),  10,000원",,,,,,01관,2018-08-19,59
"11:30,  빅 식(디지털)","18:20,  어느 가족(디지털),  10,000원",,,,,,,01관,2018-08-20,59
"11:40,  빅 식(디지털),  10,000원","18:30,  맘마미아!2(디지털)",,,,,,,01관,2018-08-21,59
"11:30,  빅 식(디지털),  10,000원","18:20,  어느 가족(디지털),  10,000원",,,,,,,01관,2018-08-22,59
"00:05,  맛있는 처형(디지털),  2,000원","15:30,  맘마미아!2(디지털)",,,,,,,01관,2018-08-23,59
"00:05,  더 크리미널 마인드 : 공공의 적(디지털),  1,000원","15:30,  맘마미아!2(디지털),  10,000원",,,,,,,01관,2018-08-24,59
"00:05,  워 랜드(디지털),  1,000원","15:00,  맘마미아!2(디지털)",,,,,,,01관,2018-08-25,59
"00:05,  인간 사냥 게임(디지털),  1,000원","15:00,  어느 가족(디지털),  10,000원",,,,,,,01관,2018-08-26,59
"12:30,  맘마미아!2(디지털)","17:00,  맘마미아!2(디지털)",,,,,,,01관,2018-08-27,59
"13:50,  어느 가족(디지털),  10,000원",,,,,,,,01관,2018-08-28,59
"11:30,  맘마미아!2(디지털)","20:50,  더 보이스(디지털),  10,000원",,,,,,,01관,2018-08-29,59
"01:40,  황야의 총잡이(디지털),  1,000원","20:10,  더 보이스(디지털),  10,000원",,,,,,,01관,2018-08-30,59
"03:05,  워 랜드(디지털),  1,000원","20:00,  더 보이스(디지털),  10,000원",,,,,,,01관,2018-08-31,59
"03:05,  나이트메어 비긴즈(디지털),  1,000원",,,,,,,,01관,2018-09-01,59
"03:05,  추룡(디지털),  1,000원","20:10,  서치(디지털),  10,000원",,,,,,,01관,2018-09-02,59
"13:30,  어느 가족(디지털),  10,000원",,,,,,,,01관,2018-09-03,59
"11:40,  맘마미아!2(디지털),  10,000원",,,,,,,,01관,2018-09-04,59
"17:30,  더 보이스(디지털),  10,000원",,,,,,,,01관,2018-09-05,59
"00:05,  몸으로 접대한 아내(디지털),  2,000원",,,,,,,,01관,2018-09-06,59
"00:05,  과외의 추억(디지털),  2,000원",,,,,,,,01관,2018-09-07,59
"00:05,  초대녀 - 무삭제판(디지털),  2,000원",,,,,,,,01관,2018-09-08,59
"01:40,  컨저링 오브 고스트헌터즈(디지털),  1,000원",,,,,,,,01관,2018-09-09,59
"14:30,  더 스퀘어(디지털),  10,000원",,,,,,,,01관,2018-09-10,59
"00:05,  빅 스코어(디지털),  2,000원",,,,,,,,01관,2018-09-11,59
"00:05,  사춘기 여동생(디지털),  2,000원",,,,,,,,01관,2018-09-12,59
"01:25,  젊은엄마네하숙집(디지털),  2,000원",,,,,,,,01관,2018-09-13,59
"00:05,  맞짱(디지털),  1,000원",,,,,,,,01관,2018-09-14,59
"00:05,  맞짱(디지털),  1,000원",,,,,,,,01관,2018-09-15,59
"00:05,  맞짱(디지털),  1,000원",,,,,,,,01관,2018-09-16,59
"13:30,  더 스퀘어(디지털),  10,000원",,,,,,,,01관,2018-09-17,59
"19:00,  델마와 루이스 (디지털),  10,000원",,,,,,,,01관,2018-09-18,59
"00:05,  맞짱(디지털),  1,000원","18:40,  어드리프트:우리가 함께한 바다(디지털),  10,000원",,,,,,,01관,2018-09-19,59
"00:05,  성인용품 사용설명서(디지털),  2,000원",,,,,,,,01관,2018-09-20,59
"00:05,  착한 여동생(디지털),  2,000원",,,,,,,,01관,2018-09-21,59
"00:05,  불량가족, 행복의 맛(디지털),  2,000원","16:45,  어드리프트:우리가 함께한 바다(디지털),  10,000원",,,,,,,01관,2018-09-22,59
"00:05,  앤: 영혼이 깃든 인형(디지털),  1,000원","18:40,  너의 결혼식(디지털),  10,000원",,,,,,,01관,2018-09-23,59
"08:50,  휴게소(디지털),  2,000원","19:05,  너의 결혼식(디지털),  10,000원",,,,,,,01관,2018-09-24,59
"08:50,  휴게소(디지털),  2,000원","18:55,  너의 결혼식(디지털),  10,000원",,,,,,,01관,2018-09-25,59
"08:50,  휴게소(디지털),  2,000원","19:05,  원더풀 고스트(디지털),  10,000원",,,,,,,01관,2018-09-26,59
"00:05,  착한 이모의 은밀한 아르바이트(디지털),  2,000원","17:25,  원더풀 고스트(디지털),  10,000원",,,,,,,01관,2018-09-27,59
"00:05,  치에리와 체리(디지털),  2,000원","17:25,  원더풀 고스트(디지털),  10,000원",,,,,,,01관,2018-09-28,59
"00:05,  리:본(디지털),  1,000원","18:40,  너의 결혼식(디지털),  10,000원",,,,,,,01관,2018-09-29,59
"00:05,  파라노말 하우스(디지털),  1,000원","16:35,  원더풀 고스트(디지털),  10,000원",,,,,,,01관,2018-09-30,59
"07:40,  휴게소(디지털),  2,000원","18:00,  원더풀 고스트(디지털),  10,000원",,,,,,,01관,2018-10-01,59
"00:05,  촉산 복마전(디지털),  2,000원","18:00,  원더풀 고스트(디지털),  10,000원",,,,,,,01관,2018-10-02,59
"07:40,  휴게소(디지털),  2,000원","16:45,  원더풀 고스트(디지털),  10,000원",,,,,,,01관,2018-10-03,59
"00:05,  치에리와 체리(디지털),  2,000원",,,,,,,,01관,2018-10-04,59
"00:05,  치에리와 체리(디지털),  2,000원",,,,,,,,01관,2018-10-05,59
"00:05,  치에리와 체리(디지털),  2,000원",,,,,,,,01관,2018-10-06,59
"00:05,  치에리와 체리(디지털),  2,000원","16:35,  원더풀 고스트(디지털),  10,000원","20:40,  원더풀 고스트(디지털),  10,000원",,,,,,01관,2018-10-07,59
"00:05,  뷰티풀 뱀파이어(디지털),  1,000원","20:15,  원더풀 고스트(디지털),  10,000원",,,,,,,01관,2018-10-08,59
"10:50,  원더풀 고스트(디지털),  9,000원","12:45,  원더풀 고스트(디지털),  10,000원","16:55,  원더풀 고스트(디지털),  10,000원",,,,,,01관,2018-10-09,59
"11:50,  죄 많은 소녀(디지털),  10,000원",,,,,,,,01관,2018-10-10,59
"00:05,  완전한 사육: 감금의 미학(디지털),  1,000원",,,,,,,,01관,2018-10-11,59
"13:40,  너의 결혼식(디지털),  10,000원",,,,,,,,01관,2018-10-12,59
"00:05,  촉산 복마전(디지털),  2,000원","18:30,  미쓰백(디지털),  10,000원",,,,,,,01관,2018-10-13,59
"00:05,  촉산 복마전(디지털),  2,000원","18:30,  미쓰백(디지털),  10,000원",,,,,,,01관,2018-10-14,59
"00:05,  조건아빠: 슈가대디(디지털),  2,000원","15:45,  너의 결혼식(디지털),  10,000원",,,,,,,01관,2018-10-15,59
"12:40,  너의 결혼식(디지털),  10,000원",,,,,,,,01관,2018-10-16,59
,"15:45,  너의 결혼식(디지털),  10,000원",,,,,,,01관,2018-10-17,59
"00:05,  예쁜누나(디지털),  2,000원",,,,,,,,01관,2018-10-18,59
"00:05,  작년 겨울, 너와 이별(디지털),  1,000원",,,,,,,,01관,2018-10-19,59
"10:30,  원더풀 고스트(디지털),  10,000원","20:35,  미쓰백(디지털),  10,000원",,,,,,,01관,2018-10-20,59
"14:30,  너의 결혼식(디지털),  10,000원",,,,,,,,01관,2018-10-21,59
"17:30,  너의 결혼식(디지털),  10,000원",,,,,,,,01관,2018-10-22,59
"00:05,  마지막 정사: 여럿이 다같이-무삭제판(디지털),  1,000원",,,,,,,,01관,2018-10-23,59
"00:05,  어린 새엄마-무삭제판(디지털),  1,000원",,,,,,,,01관,2018-10-24,59
"00:05,  옆집소녀2(디지털),  2,000원","04:25,  깊은 밤 갑자기(디지털),  2,000원",,,,,,,01관,2018-10-25,59
"15:40,  호밀밭의 반항아(디지털),  10,000원",,,,,,,,01관,2018-10-26,59
"10:40,  원더풀 고스트(디지털)",,,,,,,,01관,2018-10-27,59
"10:40,  원더풀 고스트(디지털),  10,000원",,,,,,,,01관,2018-10-28,59
"00:05,  우리가족같이(디지털),  2,000원","20:10,  너의 결혼식(디지털)",,,,,,,01관,2018-10-29,59
"00:05,  오르가즘 레스토랑 (디지털),  2,000원",,,,,,,,01관,2018-10-30,59
"12:00,  동화(디지털),  10,000원","20:15,  미쓰백(디지털),  10,000원",,,,,,,01관,2018-10-31,59
"00:05,  어린 누나 2(디지털),  2,000원",,,,,,,,01관,2018-11-01,59
"16:00,  타샤 튜더(디지털),  10,000원",,,,,,,,01관,2018-11-02,59
"01:50,  더 넌: 수녀의 저주(디지털),  2,000원",,,,,,,,01관,2018-11-03,59
"00:05,  지오 쓰나미(디지털),  1,000원",,"18:30,  타샤 튜더(디지털),  10,000원",,,,,,01관,2018-11-04,59
"14:05,  타샤 튜더(디지털),  10,000원","17:45,  타샤 튜더(디지털),  10,000원",,,,,,,01관,2018-11-05,59
"00:05,  섹스는 맛있다(디지털),  2,000원",,,,,,,,01관,2018-11-06,59
"00:05,  야한 정사의 맛 - 무삭제판(디지털),  1,000원",,,,,,,,01관,2018-11-07,59
"00:05,  퓨쳐 월드(디지털),  2,000원",,,,,,,,01관,2018-11-08,59
"00:05,  노리개가 된 유부녀 (디지털),  2,000원",,,,,,,,01관,2018-11-09,59
"00:05,  블러드 오렌지(디지털),  2,000원",,,,,,,,01관,2018-11-10,59
"00:05,  레드 후드(디지털),  1,000원",,,,,,,,01관,2018-11-11,59
"16:35,  바울(디지털),  10,000원",,,,,,,,01관,2018-11-12,59
"00:05,  조건엄마:슈가맘(디지털),  2,000원",,,,,,,,01관,2018-11-13,59
"00:05,  조건엄마:슈가맘(디지털),  2,000원",,,,,,,,01관,2018-11-14,59
"00:05,  아빠친구2(디지털),  2,000원",,,,,,,,01관,2018-11-15,59
"00:05,  도묘필기3: 제국의 부활(디지털),  1,000원",,,,,,,,01관,2018-11-16,59
"00:05,  도묘필기3: 제국의 부활(디지털),  1,000원",,,,,,,,01관,2018-11-17,59
"00:05,  도묘필기3: 제국의 부활(디지털),  1,000원","13:10,  바울(디지털),  10,000원",,,,,,,01관,2018-11-18,59
"00:05,  나미야 잡화점의 기적: 또 하나의 이야기(디지털),  2,000원",,,,,,,,01관,2018-11-19,59
"00:05,  은밀한 여작가의 사생활 (디지털),  2,000원",,,,,,,,01관,2018-11-20,59
"20:30,  바울(디지털),  10,000원",,,,,,,,01관,2018-11-21,59
"00:05,  도묘필기3: 제국의 부활(디지털),  1,000원",,,,,,,,01관,2018-11-22,59
"00:05,  도묘필기3: 제국의 부활(디지털),  1,000원",,,,,,,,01관,2018-11-23,59
"00:05,  도묘필기3: 제국의 부활(디지털),  1,000원",,,,,,,,01관,2018-11-24,59
"00:05,  도묘필기3: 제국의 부활(디지털),  1,000원","18:05,  바울(디지털),  10,000원",,,,,,,01관,2018-11-25,59
"22:30,  동네사람들(디지털),  2,000원",,,,,,,,01관,2018-11-26,59
"00:05,  새 어린 엄마 - 무삭제판(디지털),  1,000원",,,,,,,,01관,2018-11-27,59
"00:05,  마지막 정사: 여럿이 다같이-감독판(디지털),  1,000원",,,,,,,,01관,2018-11-28,59
"00:05,  대지진(디지털),  2,000원",,,,,,,,01관,2018-11-29,59
"01:40,  팀장님의 아내(디지털),  2,000원",,,,,,,,01관,2018-11-30,59
"00:05,  크리미널-무삭제 특별판(디지털),  1,000원",,,,,,,,01관,2018-12-01,59
"13:30,  28세 미성년(디지털),  10,000원",,,,,,,,01관,2018-12-02,59
"12:10,  우묵배미의 사랑(디지털),  10,000원","20:20,  동네사람들(디지털),  10,000원",,,,,,,01관,2018-12-03,59
"18:35,  리틀 이태리(디지털),  10,000원",,,,,,,,01관,2018-12-06,59
"00:05,  길들여진 가정교사 쾌락일기(디지털),  2,000원",,,,,,,,01관,2018-12-07,59
"15:40,  보헤미안 랩소디(디지털),  10,000원",,,,,,,,01관,2018-12-08,59
"00:05,  강한 칼: 도도견혈(디지털),  1,000원",,,,,,,,01관,2018-12-09,59
"00:05,  세 번째 엄마 무삭제판(디지털),  1,000원",,,,,,,,01관,2018-12-11,59
"00:05,  자매의교환섹스(디지털),  2,000원",,,,,,,,01관,2018-12-12,59
"00:05,  건양강호: 운뢰검법의 비밀(디지털),  1,000원",,,,,,,,01관,2018-12-13,59
"00:05,  사돈처녀(디지털),  2,000원",,,,,,,,01관,2018-12-14,59
"20:30,  선종 무문관(디지털),  10,000원",,,,,,,,01관,2018-12-15,59
"00:05,  시니스터 스쿼드(디지털),  1,000원","16:50,  로마(디지털),  10,000원",,,,,,,01관,2018-12-16,59
"11:15,  삼국-무영자(디지털),  10,000원",,,,,,,,01관,2018-12-17,59
"00:05,  남의 아내(디지털),  2,000원","11:00,  삼국-무영자(디지털),  10,000원",,,,,,,01관,2018-12-18,59
"00:05,  맛있는 누나들(디지털),  2,000원",,,,,,,,01관,2018-12-19,59
"00:05,  처형의 유혹(디지털),  2,000원",,,,,,,,01관,2018-12-20,59
"00:05,  아내의 욕정을 풀어준 편집장(디지털),  2,000원","02:50,  위시업(디지털),  2,000원",,,,,,,01관,2018-12-21,59
"00:05,  바이킹 데스티니(디지털),  2,000원",,,,,,,,01관,2018-12-22,59
"00:05,  배틀 트랩(디지털),  1,000원",,,,,,,,01관,2018-12-23,59
"10:00,  삼국-무영자(디지털),  10,000원",,,,,,,,01관,2018-12-24,59
"11:00,  삼국-무영자(디지털),  10,000원",,,,,,,,01관,2018-12-25,59
"00:05,  하숙집 여주인의 목적-무삭제판(디지털),  1,000원",,,,,,,,01관,2018-12-26,59
"00:05,  헤라클레스 : 레전드 비긴즈(필름),  1,000원",,,,,,,,01관,2018-12-27,59
"00:05,  초대녀 2(디지털),  2,000원",,,,,,,,01관,2018-12-28,59
"00:05,  바이킹 데스티니(디지털),  2,000원","17:40,  로마(디지털),  10,000원",,,,,,,01관,2018-12-29,59
"11:00,  미스터 스마일(디지털),  10,000원","17:40,  로마(디지털),  10,000원",,,,,,,01관,2018-12-30,59
"11:00,  미스터 스마일(디지털),  10,000원","17:40,  로마(디지털),  10,000원",,,,,,,01관,2018-12-31,59
"00:05,  음란 선비 - 무삭제판(디지털),  2,000원","15:35,  최후의 Z(디지털)",,,,,,,01관,2017-01-11,59
"00:05,  네이비씰: 어둠의 전쟁(디지털),  2,000원","09:30,  최후의 Z(디지털)",,,,,,,01관,2017-01-12,59
"00:05,  최후의 Z(디지털),  2,000원","09:30,  최후의 Z(디지털)",,,,,,,01관,2017-01-13,59
"09:30,  최후의 Z(디지털)","15:35,  선생님의 일기(디지털)",,,,,,,01관,2017-01-14,59
"09:30,  최후의 Z(디지털)","15:35,  선생님의 일기(디지털)",,,,,,,01관,2017-01-15,59
"00:05,  최후의 Z(디지털),  2,000원","09:30,  최후의 Z(디지털)",,,,,,,01관,2017-01-16,59
"00:05,  최후의 Z(디지털),  2,000원","09:30,  최후의 Z(디지털)",,,,,,,01관,2017-01-17,59
"00:05,  최후의 Z(디지털),  2,000원","09:30,  최후의 Z(디지털)",,,,,,,01관,2017-01-18,59
"00:05,  몽키킹 히어로: 손오공과 요괴왕의 대결(디지털),  2,000원","16:00,  선생님의 일기(디지털)",,,,,,,01관,2017-01-19,59
"00:05,  최후의 Z(디지털),  2,000원","14:20,  터닝메카드W: 블랙미러의 부활(디지털)","15:50,  터닝메카드W: 블랙미러의 부활(디지털)","17:20,  터닝메카드W: 블랙미러의 부활(디지털)","18:50,  터닝메카드W: 블랙미러의 부활(디지털)",,,,01관,2017-01-20,59
"01:00,  몽키킹 히어로: 손오공과 요괴왕의 대결(디지털)","14:20,  터닝메카드W: 블랙미러의 부활(디지털)","15:50,  터닝메카드W: 블랙미러의 부활(디지털)","17:20,  터닝메카드W: 블랙미러의 부활(디지털)","18:50,  터닝메카드W: 블랙미러의 부활(디지털)",,,,01관,2017-01-21,59
"01:00,  몽키킹 히어로: 손오공과 요괴왕의 대결(디지털)","14:20,  터닝메카드W: 블랙미러의 부활(디지털)","15:50,  터닝메카드W: 블랙미러의 부활(디지털)","17:20,  터닝메카드W: 블랙미러의 부활(디지털)","18:50,  터닝메카드W: 블랙미러의 부활(디지털)",,,,01관,2017-01-22,59
"00:05,  최후의 Z(디지털),  2,000원","14:20,  터닝메카드W: 블랙미러의 부활(디지털)","15:50,  터닝메카드W: 블랙미러의 부활(디지털)","17:20,  터닝메카드W: 블랙미러의 부활(디지털)","18:50,  터닝메카드W: 블랙미러의 부활(디지털)",,,,01관,2017-01-23,59
"00:05,  최후의 Z(디지털),  2,000원","14:20,  터닝메카드W: 블랙미러의 부활(디지털)","15:50,  터닝메카드W: 블랙미러의 부활(디지털)","17:20,  터닝메카드W: 블랙미러의 부활(디지털)","18:50,  터닝메카드W: 블랙미러의 부활(디지털)",,,,01관,2017-01-24,59
"00:05,  처녀 파티 2017(디지털),  2,000원","14:20,  터닝메카드W: 블랙미러의 부활(디지털)","15:50,  터닝메카드W: 블랙미러의 부활(디지털)","17:20,  터닝메카드W: 블랙미러의 부활(디지털)","18:50,  터닝메카드W: 블랙미러의 부활(디지털)",,,,01관,2017-01-25,59
"00:05,  무림강호: 영웅불패의 신화(디지털),  2,000원","13:45,  터닝메카드W: 블랙미러의 부활(디지털)","15:10,  터닝메카드W: 블랙미러의 부활(디지털)",,,,,,01관,2017-01-26,59
"00:05,  무림강호: 영웅불패의 신화(디지털),  2,000원","13:45,  터닝메카드W: 블랙미러의 부활(디지털)","15:20,  터닝메카드W: 블랙미러의 부활(디지털)",,,,,,01관,2017-01-27,59
"00:05,  몽키킹 히어로: 손오공과 요괴왕의 대결(디지털)","13:45,  터닝메카드W: 블랙미러의 부활(디지털)","15:20,  터닝메카드W: 블랙미러의 부활(디지털)",,,,,,01관,2017-01-28,59
"00:05,  몽키킹 히어로: 손오공과 요괴왕의 대결(디지털)","13:45,  터닝메카드W: 블랙미러의 부활(디지털)","15:20,  터닝메카드W: 블랙미러의 부활(디지털)",,,,,,01관,2017-01-29,59
"00:05,  몽키킹 히어로: 손오공과 요괴왕의 대결(디지털),  2,000원","13:45,  터닝메카드W: 블랙미러의 부활(디지털)","15:10,  터닝메카드W: 블랙미러의 부활(디지털)",,,,,,01관,2017-01-30,59
"00:05,  몽키킹 히어로: 손오공과 요괴왕의 대결(디지털),  2,000원","13:45,  터닝메카드W: 블랙미러의 부활(디지털)","15:10,  터닝메카드W: 블랙미러의 부활(디지털)",,,,,,01관,2017-01-31,59
"00:05,  몽키킹 히어로: 손오공과 요괴왕의 대결(디지털),  2,000원","13:45,  터닝메카드W: 블랙미러의 부활(디지털)","15:10,  터닝메카드W: 블랙미러의 부활(디지털)",,,,,,01관,2017-02-01,59
"00:05,  서유기3: 월광보합 리턴즈(디지털),  2,000원","13:45,  터닝메카드W: 블랙미러의 부활(디지털)",,,,,,,01관,2017-02-02,59
"00:05,  서유기3: 월광보합 리턴즈(디지털),  2,000원","13:45,  터닝메카드W: 블랙미러의 부활(디지털)",,,,,,,01관,2017-02-03,59
"00:05,  맛있는 워킹걸(디지털),  2,000원","13:45,  터닝메카드W: 블랙미러의 부활(디지털)",,,,,,,01관,2017-02-04,59
"00:05,  맛있는 워킹걸(디지털),  2,000원","13:45,  터닝메카드W: 블랙미러의 부활(디지털)",,,,,,,01관,2017-02-05,59
"00:05,  서유기3: 월광보합 리턴즈(디지털),  2,000원","13:45,  터닝메카드W: 블랙미러의 부활(디지털)",,,,,,,01관,2017-02-06,59
"00:05,  서유기3: 월광보합 리턴즈(디지털),  2,000원","13:45,  터닝메카드W: 블랙미러의 부활(디지털),  10,000원",,,,,,,01관,2017-02-07,59
"00:05,  맛있는 워킹걸(디지털),  2,000원","13:45,  터닝메카드W: 블랙미러의 부활(디지털)",,,,,,,01관,2017-02-08,59
"00:05,  맛있는 워킹걸(디지털),  2,000원","13:45,  터닝메카드W: 블랙미러의 부활(디지털)",,,,,,,01관,2017-02-09,59
"00:05,  맛있는 워킹걸(디지털),  2,000원","13:45,  터닝메카드W: 블랙미러의 부활(디지털)",,,,,,,01관,2017-02-10,59
"00:05,  맛있는 워킹걸(디지털),  2,000원","13:45,  터닝메카드W: 블랙미러의 부활(디지털)",,,,,,,01관,2017-02-11,59
"00:05,  맛있는 워킹걸(디지털),  2,000원","13:45,  터닝메카드W: 블랙미러의 부활(디지털)",,,,,,,01관,2017-02-12,59
"00:05,  맛있는 워킹걸(디지털),  2,000원","13:45,  터닝메카드W: 블랙미러의 부활(디지털)",,,,,,,01관,2017-02-13,59
"00:05,  맛있는 워킹걸(디지털),  2,000원","13:45,  터닝메카드W: 블랙미러의 부활(디지털)",,,,,,,01관,2017-02-14,59
"00:05,  맛있는 워킹걸(디지털),  2,000원","13:45,  터닝메카드W: 블랙미러의 부활(디지털)",,,,,,,01관,2017-02-15,59
"10:30,  무현, 두 도시 이야기(디지털)","13:45,  터닝메카드W: 블랙미러의 부활(디지털)",,,,,,,01관,2017-02-16,59
"10:30,  무현, 두 도시 이야기(디지털)","13:45,  터닝메카드W: 블랙미러의 부활(디지털)",,,,,,,01관,2017-02-17,59
"10:30,  맨체스터 바이 더 씨(디지털)","13:00,  맨체스터 바이 더 씨(디지털),  10,000원","18:00,  맨체스터 바이 더 씨(디지털),  10,000원","20:30,  맨체스터 바이 더 씨(디지털),  10,000원",,,,,01관,2017-02-18,59
"10:30,  터닝메카드W: 블랙미러의 부활(디지털),  10,000원","12:00,  터닝메카드W: 블랙미러의 부활(디지털),  10,000원","16:40,  터닝메카드W: 블랙미러의 부활(디지털),  10,000원",,,,,,01관,2017-02-19,59
"10:30,  터닝메카드W: 블랙미러의 부활(디지털),  10,000원","16:45,  맨체스터 바이 더 씨(디지털)","19:15,  맨체스터 바이 더 씨(디지털),  10,000원","21:45,  맨체스터 바이 더 씨(디지털),  10,000원",,,,,01관,2017-02-20,59
"00:05,  딸의 친구 - 무삭제판(디지털),  2,000원","16:35,  맨체스터 바이 더 씨(디지털)","19:05,  맨체스터 바이 더 씨(디지털),  10,000원","21:35,  맨체스터 바이 더 씨(디지털),  10,000원",,,,,01관,2017-02-21,59
"00:05,  더 소노 시온: 소노 시온이라는 생물(디지털),  2,000원","11:55,  터닝메카드W: 블랙미러의 부활(디지털),  10,000원","13:25,  터닝메카드W: 블랙미러의 부활(디지털),  10,000원",,,,,,01관,2017-02-22,59
"00:05,  실종 : 택시 납치 사건(디지털),  2,000원","11:55,  터닝메카드W: 블랙미러의 부활(디지털),  5,000원","13:50,  터닝메카드W: 블랙미러의 부활(디지털)",,,,,,01관,2017-02-23,59
"00:05,  실종 : 택시 납치 사건(디지털),  2,000원","12:35,  터닝메카드W: 블랙미러의 부활(디지털),  10,000원",,,,,,,01관,2017-02-24,59
"00:05,  실종 : 택시 납치 사건(디지털),  2,000원","11:25,  터닝메카드W: 블랙미러의 부활(디지털)","12:50,  터닝메카드W: 블랙미러의 부활(디지털)","14:15,  터닝메카드W: 블랙미러의 부활(디지털),  10,000원",,,,,01관,2017-02-25,59
"00:05,  실종 : 택시 납치 사건(디지털),  2,000원","11:25,  터닝메카드W: 블랙미러의 부활(디지털),  10,000원","12:50,  터닝메카드W: 블랙미러의 부활(디지털),  10,000원",,,,,,01관,2017-02-26,59
"00:05,  실종 : 택시 납치 사건(디지털),  2,000원","11:55,  터닝메카드W: 블랙미러의 부활(디지털)","13:20,  터닝메카드W: 블랙미러의 부활(디지털)",,,,,,01관,2017-02-27,59
"00:05,  실종 : 택시 납치 사건(디지털),  2,000원","14:35,  터닝메카드W: 블랙미러의 부활(디지털),  10,000원",,,,,,,01관,2017-02-28,59
"00:05,  실종 : 택시 납치 사건(디지털),  2,000원","11:55,  터닝메카드W: 블랙미러의 부활(디지털),  10,000원","13:20,  터닝메카드W: 블랙미러의 부활(디지털),  10,000원",,,,,,01관,2017-03-01,59
"00:05,  실종 : 택시 납치 사건(디지털),  2,000원","11:25,  터닝메카드W: 블랙미러의 부활(디지털),  10,000원","12:50,  터닝메카드W: 블랙미러의 부활(디지털)",,,,,,01관,2017-03-02,59
"00:05,  실종 : 택시 납치 사건(디지털),  2,000원","11:50,  터닝메카드W: 블랙미러의 부활(디지털)","18:00,  터닝메카드W: 블랙미러의 부활(디지털)",,,,,,01관,2017-03-03,59
"00:05,  아메리칸 초밥왕(디지털)","12:25,  터닝메카드W: 블랙미러의 부활(디지털)","13:50,  터닝메카드W: 블랙미러의 부활(디지털),  10,000원",,,,,,01관,2017-03-04,59
"00:05,  아메리칸 초밥왕(디지털)","12:25,  터닝메카드W: 블랙미러의 부활(디지털),  10,000원","13:50,  터닝메카드W: 블랙미러의 부활(디지털)",,,,,,01관,2017-03-05,59
"00:05,  실종 : 택시 납치 사건(디지털),  2,000원","11:55,  터닝메카드W: 블랙미러의 부활(디지털),  10,000원","17:40,  맨체스터 바이 더 씨(디지털)","20:10,  맨체스터 바이 더 씨(디지털)",,,,,01관,2017-03-06,59
"00:05,  실종 : 택시 납치 사건(디지털),  2,000원","11:55,  터닝메카드W: 블랙미러의 부활(디지털)","17:40,  맨체스터 바이 더 씨(디지털),  10,000원","20:10,  맨체스터 바이 더 씨(디지털),  10,000원",,,,,01관,2017-03-07,59
"00:05,  실종 : 택시 납치 사건(디지털),  2,000원","11:55,  터닝메카드W: 블랙미러의 부활(디지털)","17:40,  맨체스터 바이 더 씨(디지털),  10,000원","20:10,  맨체스터 바이 더 씨(디지털),  10,000원",,,,,01관,2017-03-08,59
"00:05,  포에트리 브로셀(디지털),  2,000원","11:55,  터닝메카드W: 블랙미러의 부활(디지털)","20:10,  맨체스터 바이 더 씨(디지털),  10,000원",,,,,,01관,2017-03-09,59
"00:05,  포에트리 브로셀(디지털),  2,000원","11:55,  터닝메카드W: 블랙미러의 부활(디지털)","20:10,  맨체스터 바이 더 씨(디지털),  10,000원",,,,,,01관,2017-03-10,59
"00:05,  포에트리 브로셀(디지털),  2,000원","19:40,  맨체스터 바이 더 씨(디지털),  10,000원",,,,,,,01관,2017-03-11,59
"00:05,  포에트리 브로셀(디지털),  2,000원","11:55,  터닝메카드W: 블랙미러의 부활(디지털),  10,000원","20:10,  맨체스터 바이 더 씨(디지털),  10,000원",,,,,,01관,2017-03-12,59
"00:05,  쥬라기 파크: 아마존 어드벤쳐(디지털),  2,000원","15:35,  델마와 루이스 (디지털),  10,000원",,,,,,,01관,2017-03-13,59
"00:05,  쥬라기 파크: 아마존 어드벤쳐(디지털),  2,000원","15:35,  델마와 루이스 (디지털)",,,,,,,01관,2017-03-14,59
"00:05,  쥬라기 파크: 아마존 어드벤쳐(디지털),  2,000원","15:35,  델마와 루이스 (디지털),  10,000원",,,,,,,01관,2017-03-15,59
"00:05,  쥬라기 파크: 아마존 어드벤쳐(디지털),  2,000원","14:15,  델마와 루이스 (디지털),  10,000원",,,,,,,01관,2017-03-16,59
"00:05,  쥬라기 파크: 아마존 어드벤쳐(디지털),  2,000원","14:00,  델마와 루이스 (디지털),  10,000원",,,,,,,01관,2017-03-17,59
"00:05,  천하무림불패(디지털),  2,000원","14:05,  델마와 루이스 (디지털),  10,000원",,,,,,,01관,2017-03-18,59
"00:05,  천하무림불패(디지털),  2,000원","16:30,  델마와 루이스 (디지털),  10,000원","21:10,  맨체스터 바이 더 씨(디지털),  10,000원",,,,,,01관,2017-03-19,59
"00:05,  쥬라기 파크: 아마존 어드벤쳐(디지털),  2,000원","15:50,  델마와 루이스 (디지털),  10,000원","20:40,  맨체스터 바이 더 씨(디지털),  10,000원",,,,,,01관,2017-03-20,59
"00:05,  쥬라기 파크: 아마존 어드벤쳐(디지털),  2,000원","15:50,  델마와 루이스 (디지털),  10,000원","20:40,  맨체스터 바이 더 씨(디지털),  10,000원",,,,,,01관,2017-03-21,59
"00:05,  쥬라기 파크: 아마존 어드벤쳐(디지털),  2,000원","15:50,  델마와 루이스 (디지털),  10,000원","20:40,  맨체스터 바이 더 씨(디지털)",,,,,,01관,2017-03-22,59
"00:05,  천하무림불패(디지털),  2,000원","15:50,  델마와 루이스 (필름)","20:40,  맨체스터 바이 더 씨(디지털)",,,,,,01관,2017-03-23,59
"00:05,  천하무림불패(디지털),  2,000원","15:50,  델마와 루이스 (필름)","20:40,  맨체스터 바이 더 씨(디지털)",,,,,,01관,2017-03-24,59
"00:05,  천하무림불패(디지털),  2,000원","12:15,  델마와 루이스 (필름)","14:30,  델마와 루이스 (필름)","16:45,  델마와 루이스 (필름),  10,000원",,,,,01관,2017-03-25,59
"00:05,  천하무림불패(디지털),  2,000원","15:50,  델마와 루이스 (필름),  10,000원","20:40,  맨체스터 바이 더 씨(디지털)",,,,,,01관,2017-03-26,59
"00:05,  천하무림불패(디지털),  2,000원","15:50,  델마와 루이스 (디지털)",,,,,,,01관,2017-03-27,59
"00:05,  천하무림불패(디지털),  2,000원",,,,,,,,01관,2017-03-28,59
"00:05,  천하무림불패(디지털),  2,000원","15:45,  델마와 루이스 (디지털),  10,000원","20:40,  맨체스터 바이 더 씨(디지털),  10,000원",,,,,,01관,2017-03-29,59
"00:05,  슬립리스: 크리미널 나이트(디지털),  2,000원",,,,,,,,01관,2017-03-30,59
"00:05,  슬립리스: 크리미널 나이트(디지털),  2,000원",,,,,,,,01관,2017-03-31,59
"00:05,  슬립리스: 크리미널 나이트(디지털),  2,000원",,,,,,,,01관,2017-04-01,59
"00:05,  슬립리스: 크리미널 나이트(디지털),  2,000원","12:40,  아빠는 나의 여신(디지털)",,,,,,,01관,2017-04-02,59
"00:05,  슬립리스: 크리미널 나이트(디지털),  2,000원","12:40,  아빠는 나의 여신(디지털)",,,,,,,01관,2017-04-03,59
"00:05,  강호의 무림신공(디지털),  2,000원","12:40,  아빠는 나의 여신(디지털)",,,,,,,01관,2017-04-04,59
"00:05,  강호의 무림신공(디지털),  2,000원",,,,,,,,01관,2017-04-05,59
"00:05,  강호의 무림신공(디지털),  2,000원",,,,,,,,01관,2017-04-06,59
"00:05,  강호의 무림신공(디지털),  2,000원",,,,,,,,01관,2017-04-07,59
"00:05,  강호의 무림신공(디지털),  2,000원",,,,,,,,01관,2017-04-08,59
"00:05,  강호의 무림신공(디지털),  2,000원",,,,,,,,01관,2017-04-09,59
"00:05,  강호의 무림신공(디지털),  2,000원","18:05,  원스텝(디지털),  2,000원",,,,,,,01관,2017-04-10,59
"00:05,  강호의 무림신공(디지털),  2,000원","18:05,  원스텝(디지털),  2,000원",,,,,,,01관,2017-04-11,59
"00:05,  강호의 무림신공(디지털),  2,000원","18:05,  원스텝(디지털)",,,,,,,01관,2017-04-12,59
"00:05,  존 윅 - 리로드(디지털),  2,000원",,,,,,,,01관,2017-04-13,59
"00:05,  존 윅 - 리로드(디지털),  2,000원",,,,,,,,01관,2017-04-14,59
"00:05,  소곤소곤 별(디지털),  2,000원",,,,,,,,01관,2017-04-15,59
"00:05,  소곤소곤 별(디지털),  2,000원",,,,,,,,01관,2017-04-16,59
"00:05,  존 윅 - 리로드(디지털),  2,000원","20:50,  사일런스(디지털),  10,000원",,,,,,,01관,2017-04-17,59
"00:05,  존 윅 - 리로드(디지털),  2,000원","19:45,  사일런스(디지털),  10,000원",,,,,,,01관,2017-04-18,59
"00:05,  존 윅 - 리로드(디지털),  2,000원","19:45,  사일런스(디지털)",,,,,,,01관,2017-04-19,59
"00:05,  존 윅 - 리로드(디지털),  2,000원","19:55,  콜로설(디지털)","21:55,  콜로설(디지털)",,,,,,01관,2017-04-20,59
"00:05,  존 윅 - 리로드(디지털),  2,000원","13:25,  사일런스(디지털),  10,000원",,,,,,,01관,2017-04-21,59
"00:05,  소곤소곤 별(디지털),  2,000원","15:40,  콜로설(디지털)",,,,,,,01관,2017-04-22,59
"00:05,  소곤소곤 별(디지털),  2,000원","15:40,  콜로설(디지털)",,,,,,,01관,2017-04-23,59
"00:05,  존 윅 - 리로드(디지털),  2,000원","15:40,  존 윅 - 리로드(디지털),  10,000원","21:20,  콜로설(디지털),  10,000원",,,,,,01관,2017-04-24,59
"00:05,  존 윅 - 리로드(디지털),  2,000원","06:05,  골드(디지털),  2,000원","21:20,  콜로설(디지털),  10,000원",,,,,,01관,2017-04-25,59
"00:05,  존 윅 - 리로드(디지털),  2,000원","15:40,  존 윅 - 리로드(디지털),  10,000원","21:20,  콜로설(디지털),  10,000원",,,,,,01관,2017-04-26,59
"00:05,  존 윅 - 리로드(디지털),  2,000원","19:40,  존 윅 - 리로드(디지털),  10,000원",,,,,,,01관,2017-04-27,59
"00:05,  존 윅 - 리로드(디지털),  2,000원","19:40,  존 윅 - 리로드(디지털),  10,000원",,,,,,,01관,2017-04-28,59
"00:05,  허니문 호텔 살인사건(디지털),  2,000원",,,,,,,,01관,2017-04-29,59
"00:05,  허니문 호텔 살인사건(디지털),  2,000원",,,,,,,,01관,2017-04-30,59
"00:05,  허니문 호텔 살인사건(디지털)",,,,,,,,01관,2017-05-01,59
"00:05,  허니문 호텔 살인사건(디지털)",,,,,,,,01관,2017-05-02,59
"00:05,  허니문 호텔 살인사건(디지털)","01:45,  콜로설(디지털),  2,000원",,,,,,,01관,2017-05-03,59
"00:05,  존 윅 - 리로드(디지털),  2,000원","20:55,  존 윅 - 리로드(디지털),  10,000원",,,,,,,01관,2017-05-04,59
"00:05,  존 윅 - 리로드(디지털),  2,000원","20:55,  존 윅 - 리로드(디지털),  10,000원",,,,,,,01관,2017-05-05,59
"00:05,  존 윅 - 리로드(디지털),  2,000원","20:55,  존 윅 - 리로드(디지털),  10,000원",,,,,,,01관,2017-05-06,59
"00:05,  존 윅 - 리로드(디지털),  2,000원","20:55,  존 윅 - 리로드(디지털),  10,000원",,,,,,,01관,2017-05-07,59
"00:05,  허니문 호텔 살인사건(디지털)","10:30,  콜로설(디지털),  10,000원",,,,,,,01관,2017-05-08,59
"00:05,  허니문 호텔 살인사건(디지털)","10:30,  콜로설(디지털),  10,000원",,,,,,,01관,2017-05-09,59
"00:05,  허니문 호텔 살인사건(디지털)","10:20,  콜로설(디지털),  10,000원",,,,,,,01관,2017-05-10,59
"00:05,  익스트랙션(디지털),  2,000원","17:30,  존 윅 - 리로드(디지털),  10,000원",,,,,,,01관,2017-05-11,59
"00:05,  익스트랙션(디지털),  2,000원","21:20,  존 윅 - 리로드(디지털),  10,000원",,,,,,,01관,2017-05-12,59
"00:05,  익스트랙션(디지털),  2,000원","21:20,  존 윅 - 리로드(디지털)",,,,,,,01관,2017-05-13,59
"00:05,  익스트랙션(디지털),  2,000원","21:20,  존 윅 - 리로드(디지털)",,,,,,,01관,2017-05-14,59
"00:05,  추격자: 침묵의 살인(디지털)",,,,,,,,01관,2017-05-15,59
"00:05,  추격자: 침묵의 살인(디지털)",,,,,,,,01관,2017-05-16,59
"00:05,  추격자: 침묵의 살인(디지털)",,,,,,,,01관,2017-05-17,59
"00:05,  무적의 청룡언월도(디지털),  2,000원","21:25,  존 윅 - 리로드(디지털)",,,,,,,01관,2017-05-18,59
"00:05,  존 윅 - 리로드(디지털),  2,000원","20:10,  히데, 정크 스토리(디지털),  10,000원",,,,,,,01관,2017-05-19,59
"00:05,  존 윅 - 리로드(디지털),  2,000원",,,,,,,,01관,2017-05-20,59
"00:05,  존 윅 - 리로드(디지털),  2,000원","16:20,  서서평, 천천히 평온하게(디지털)",,,,,,,01관,2017-05-21,59
"00:05,  썸 - 은밀한 이야기 : 무삭제판(디지털),  2,000원","18:30,  서서평, 천천히 평온하게(디지털),  10,000원",,,,,,,01관,2017-05-22,59
"00:05,  천하무림장사: 석용(디지털)","18:30,  서서평, 천천히 평온하게(디지털)",,,,,,,01관,2017-05-23,59
"00:05,  천하무림장사: 석용(디지털)","18:30,  서서평, 천천히 평온하게(디지털),  10,000원",,,,,,,01관,2017-05-24,59
"00:05,  존 윅 - 리로드(디지털),  2,000원",,,,,,,,01관,2017-05-25,59
"00:05,  존 윅 - 리로드(디지털),  2,000원",,,,,,,,01관,2017-05-26,59
"00:05,  존 윅 - 리로드(디지털),  2,000원",,,,,,,,01관,2017-05-27,59
"00:05,  존 윅 - 리로드(디지털),  2,000원","13:00,  히데, 정크 스토리(디지털)","15:30,  히데, 정크 스토리(디지털)",,,,,,01관,2017-05-28,59
"00:05,  존 윅 - 리로드(디지털),  2,000원",,,,,,,,01관,2017-05-29,59
"00:05,  존 윅 - 리로드(디지털),  2,000원",,,,,,,,01관,2017-05-30,59
"00:05,  존 윅 - 리로드(디지털),  2,000원",,,,,,,,01관,2017-05-31,59
"00:05,  존 윅 - 리로드(디지털),  2,000원","15:35,  이월화개(디지털),  10,000원",,,,,,,01관,2017-06-01,59
"00:05,  존 윅 - 리로드(디지털),  2,000원","15:45,  이월화개(디지털),  10,000원",,,,,,,01관,2017-06-02,59
"00:05,  존 윅 - 리로드(디지털),  2,000원","15:45,  이월화개(디지털),  10,000원","17:40,  이월화개(디지털)",,,,,,01관,2017-06-03,59
"00:05,  존 윅 - 리로드(디지털),  2,000원","15:45,  이월화개(디지털),  10,000원","17:40,  이월화개(디지털)",,,,,,01관,2017-06-04,59
"00:05,  존 윅 - 리로드(디지털),  2,000원","16:00,  이월화개(디지털),  9,000원","17:40,  이월화개(디지털),  10,000원",,,,,,01관,2017-06-05,59
"00:05,  존 윅 - 리로드(디지털),  2,000원","16:00,  이월화개(디지털),  10,000원","17:40,  이월화개(디지털),  10,000원",,,,,,01관,2017-06-06,59
"00:05,  존 윅 - 리로드(디지털),  2,000원","16:00,  이월화개(디지털),  10,000원","17:40,  이월화개(디지털),  10,000원",,,,,,01관,2017-06-07,59
"00:05,  존 윅 - 리로드(디지털),  2,000원","13:45,  이월화개(디지털)",,,,,,,01관,2017-06-08,59
"00:05,  존 윅 - 리로드(디지털),  2,000원","13:45,  이월화개(디지털)",,,,,,,01관,2017-06-09,59
"00:05,  존 윅 - 리로드(디지털),  2,000원","13:45,  이월화개(디지털),  10,000원",,,,,,,01관,2017-06-10,59
"00:05,  존 윅 - 리로드(디지털),  2,000원","13:45,  이월화개(디지털),  10,000원",,,,,,,01관,2017-06-11,59
"00:05,  존 윅 - 리로드(디지털),  2,000원","17:30,  서서평, 천천히 평온하게(디지털),  10,000원",,,,,,,01관,2017-06-12,59
"00:05,  존 윅 - 리로드(디지털),  2,000원","17:30,  서서평, 천천히 평온하게(디지털)",,,,,,,01관,2017-06-13,59
"00:05,  존 윅 - 리로드(디지털),  2,000원","17:30,  서서평, 천천히 평온하게(디지털),  10,000원",,,,,,,01관,2017-06-14,59
"00:05,  존 윅 - 리로드(디지털),  2,000원","19:50,  이월화개(디지털),  10,000원",,,,,,,01관,2017-06-15,59
"00:05,  티켓 다방 - 무삭제판(디지털),  2,000원","19:50,  이월화개(디지털),  10,000원",,,,,,,01관,2017-06-16,59
"00:05,  왕좌의 전쟁(디지털),  2,000원","20:30,  우리들의 일기(디지털)",,,,,,,01관,2017-06-17,59
"00:05,  왕좌의 전쟁(디지털),  2,000원","19:50,  이월화개(디지털)",,,,,,,01관,2017-06-18,59
"00:05,  왕좌의 전쟁(디지털)","18:00,  고려 아리랑: 천산의 디바(디지털)",,,,,,,01관,2017-06-19,59
"00:05,  왕좌의 전쟁(디지털)","18:00,  고려 아리랑: 천산의 디바(디지털)",,,,,,,01관,2017-06-20,59
"00:05,  왕좌의 전쟁(디지털)","18:00,  고려 아리랑: 천산의 디바(디지털),  10,000원",,,,,,,01관,2017-06-21,59
"00:05,  왕좌의 전쟁(디지털),  2,000원","17:45,  위 아 엑스(디지털)",,,,,,,01관,2017-06-22,59
"00:05,  레전드 갱스터 크레이스 형제(디지털),  2,000원","14:15,  서서평, 천천히 평온하게(디지털)",,,,,,,01관,2017-06-23,59
"11:00,  고려 아리랑: 천산의 디바(디지털)","14:15,  서서평, 천천히 평온하게(디지털)",,,,,,,01관,2017-06-24,59
"11:00,  고려 아리랑: 천산의 디바(디지털)","14:15,  서서평, 천천히 평온하게(디지털)",,,,,,,01관,2017-06-25,59
"00:05,  섹스메이트(디지털),  2,000원",,,,,,,,01관,2017-06-26,59
"00:05,  맛있는 섹스 그리고 여친(디지털),  2,000원","14:20,  고려 아리랑: 천산의 디바(디지털)",,,,,,,01관,2017-06-27,59
"00:05,  알파치노의 은밀한 관계(디지털),  2,000원","13:30,  서서평, 천천히 평온하게(디지털)","19:30,  악녀(디지털 가치봄),  10,000원",,,,,,01관,2017-06-28,59
"00:05,  넘버원 전화사기단(디지털),  2,000원","12:20,  옥자(디지털),  10,000원","14:40,  옥자(디지털),  10,000원","17:00,  옥자(디지털),  10,000원","19:20,  옥자(디지털),  10,000원","21:40,  옥자(디지털),  10,000원",,,01관,2017-06-29,59
"00:05,  알파치노의 은밀한 관계(디지털),  2,000원","14:20,  시칠리아 햇빛아래(디지털),  10,000원",,"17:00,  옥자(디지털),  10,000원","19:20,  옥자(디지털),  10,000원","21:40,  옥자(디지털),  10,000원","23:55,  옥자(디지털),  10,000원",,01관,2017-06-30,59
"00:05,  알파치노의 은밀한 관계(디지털),  2,000원",,"14:40,  옥자(디지털),  10,000원","17:00,  옥자(디지털),  10,000원","19:20,  옥자(디지털),  10,000원","21:40,  옥자(디지털),  10,000원","23:55,  옥자(디지털),  10,000원",,01관,2017-07-01,59
"00:05,  알파치노의 은밀한 관계(디지털),  2,000원",,"14:40,  옥자(디지털),  10,000원","17:00,  옥자(디지털),  10,000원","19:20,  옥자(디지털),  10,000원","21:40,  옥자(디지털),  10,000원",,,01관,2017-07-02,59
"00:05,  알파치노의 은밀한 관계(디지털)","16:20,  옥자(디지털),  10,000원","21:10,  옥자(디지털),  10,000원",,,,,,01관,2017-07-03,59
"00:05,  알파치노의 은밀한 관계(디지털),  2,000원","15:20,  옥자(디지털),  10,000원","17:40,  옥자(디지털),  10,000원","20:00,  옥자(디지털),  10,000원",,,,,01관,2017-07-04,59
"00:05,  알파치노의 은밀한 관계(디지털),  2,000원","12:20,  옥자(디지털),  10,000원","14:40,  옥자(디지털),  10,000원","17:00,  옥자(디지털),  10,000원","19:20,  옥자(디지털),  10,000원","21:40,  옥자(디지털),  10,000원",,,01관,2017-07-05,59
"00:05,  알파치노의 은밀한 관계(디지털),  2,000원","12:20,  옥자(디지털),  10,000원","14:40,  옥자(디지털),  10,000원","17:00,  옥자(디지털),  10,000원","19:20,  옥자(디지털),  10,000원","23:30,  옥자(디지털),  10,000원",,,01관,2017-07-06,59
"00:05,  알파치노의 은밀한 관계(디지털),  2,000원","12:20,  옥자(디지털),  10,000원","14:40,  옥자(디지털),  10,000원","18:50,  옥자(디지털),  10,000원","21:10,  옥자(디지털),  10,000원","23:30,  옥자(디지털),  10,000원",,,01관,2017-07-07,59
"00:05,  알파치노의 은밀한 관계(디지털),  2,000원","12:20,  옥자(디지털),  10,000원","14:40,  옥자(디지털),  10,000원","17:00,  옥자(디지털),  10,000원","19:20,  옥자(디지털),  10,000원","23:30,  옥자(디지털),  10,000원",,,01관,2017-07-08,59
"00:05,  알파치노의 은밀한 관계(디지털),  2,000원","12:20,  옥자(디지털),  10,000원","14:40,  옥자(디지털),  10,000원","17:00,  옥자(디지털),  10,000원","19:20,  옥자(디지털),  10,000원",,,,01관,2017-07-09,59
"00:05,  알파치노의 은밀한 관계(디지털)","16:25,  악녀(디지털)","20:20,  그 후(디지털)",,,,,,01관,2017-07-10,59
"00:05,  알파치노의 은밀한 관계(디지털)","15:55,  그 후(디지털)","17:35,  그 후(디지털),  10,000원",,,,,,01관,2017-07-11,59
"11:30,  악녀(디지털)","17:40,  그 후(디지털)","19:10,  그 후(디지털),  10,000원",,,,,,01관,2017-07-12,59
"00:05,  비스티걸스(디지털),  2,000원","16:20,  옥자(디지털),  10,000원","18:45,  옥자(디지털),  10,000원","21:10,  옥자(디지털),  10,000원",,,,,01관,2017-07-13,59
"00:05,  육체인터뷰(디지털),  2,000원","14:15,  옥자(디지털),  10,000원","16:40,  옥자(디지털),  10,000원","19:05,  옥자(디지털),  10,000원","21:30,  옥자(디지털),  10,000원",,,,01관,2017-07-14,59
"00:05,  덫(디지털),  2,000원","14:15,  옥자(디지털),  10,000원","16:40,  옥자(디지털),  10,000원","19:05,  옥자(디지털),  10,000원","21:30,  옥자(디지털),  10,000원",,,,01관,2017-07-15,59
"00:05,  덫(디지털),  2,000원","14:15,  옥자(디지털),  10,000원","16:40,  옥자(디지털),  10,000원","19:05,  옥자(디지털),  10,000원","21:30,  옥자(디지털),  10,000원",,,,01관,2017-07-16,59
"00:05,  덫(디지털),  2,000원","14:15,  올 리브 올리브(디지털)","21:00,  그 후(디지털)",,,,,,01관,2017-07-17,59
"00:05,  덫(디지털),  2,000원","14:15,  올 리브 올리브(디지털)","21:00,  그 후(디지털)",,,,,,01관,2017-07-18,59
"00:05,  덫(디지털),  2,000원","18:35,  그 후(디지털)","20:20,  그 후(디지털)",,,,,,01관,2017-07-19,59
"02:20,  엄마의 직업(디지털),  2,000원","14:15,  옥자(디지털),  10,000원","16:40,  옥자(디지털),  10,000원","19:05,  옥자(디지털),  10,000원","21:30,  옥자(디지털),  10,000원",,,,01관,2017-07-20,59
"00:05,  덫(디지털),  2,000원","14:15,  옥자(디지털),  10,000원","16:40,  옥자(디지털),  10,000원","19:05,  옥자(디지털),  10,000원","21:30,  옥자(디지털),  10,000원",,,,01관,2017-07-21,59
"00:05,  덫(디지털),  2,000원","14:15,  옥자(디지털),  10,000원","16:40,  옥자(디지털),  10,000원","19:05,  옥자(디지털),  10,000원","21:30,  옥자(디지털),  10,000원",,,,01관,2017-07-22,59
"00:05,  덫(디지털),  2,000원","14:15,  옥자(디지털),  10,000원","16:40,  옥자(디지털),  10,000원","19:05,  옥자(디지털),  10,000원","21:30,  옥자(디지털),  10,000원",,,,01관,2017-07-23,59
"00:05,  덫(디지털),  2,000원","14:15,  올 리브 올리브(디지털)","19:30,  그 후(디지털)",,,,,,01관,2017-07-24,59
"00:05,  덫(디지털),  2,000원","14:15,  올 리브 올리브(디지털)","19:30,  그 후(디지털),  10,000원",,,,,,01관,2017-07-25,59
"00:05,  덫(디지털),  2,000원","14:15,  올 리브 올리브(디지털)","19:30,  그 후(디지털),  10,000원",,,,,,01관,2017-07-26,59
"00:05,  스페셜포스: 블러드마운틴(디지털),  2,000원","14:35,  군함도(디지털)","17:00,  군함도(디지털)","19:25,  군함도(디지털),  10,000원",,,,,01관,2017-07-27,59
"11:30,  군함도(디지털)","14:00,  군함도(디지털)","16:30,  군함도(디지털)","19:00,  군함도(디지털)","21:30,  군함도(디지털),  10,000원",,,,01관,2017-07-28,59
"00:05,  스페셜포스: 블러드마운틴(디지털),  2,000원","18:10,  옥자(디지털),  10,000원",,,,,,,01관,2017-07-29,59
"00:05,  스페셜포스: 블러드마운틴(디지털),  2,000원","15:50,  옥자(디지털),  10,000원","18:15,  옥자(디지털),  10,000원",,"20:40,  군함도(디지털),  10,000원",,,,01관,2017-07-30,59
"00:05,  일대일(디지털),  2,000원","15:05,  군함도(디지털)","17:40,  군함도(디지털)","20:15,  군함도(디지털)",,,,,01관,2017-07-31,59
"12:30,  군함도(디지털),  10,000원","15:05,  군함도(디지털),  10,000원","17:40,  군함도(디지털),  10,000원","20:15,  군함도(디지털)",,,,,01관,2017-08-01,59
"03:45,  돈 슬립(디지털),  2,000원","15:05,  군함도(디지털)","17:40,  군함도(디지털)","20:15,  군함도(디지털)",,,,,01관,2017-08-02,59
"00:05,  선 섹스 후 사랑 (디지털),  2,000원","12:30,  옥자(디지털),  10,000원","17:20,  옥자(디지털)","19:40,  옥자(디지털)",,,,,01관,2017-08-03,59
"00:05,  무림9대문파-사도황규(디지털),  2,000원","12:30,  옥자(디지털),  10,000원","17:20,  옥자(디지털),  10,000원","19:40,  옥자(디지털),  10,000원",,,,,01관,2017-08-04,59
"00:05,  스페셜포스: 블러드마운틴(디지털),  2,000원","12:30,  옥자(디지털),  10,000원","17:20,  옥자(디지털),  10,000원","19:40,  옥자(디지털),  10,000원",,,,,01관,2017-08-05,59
"00:05,  스페셜포스: 블러드마운틴(디지털),  2,000원","12:30,  옥자(디지털),  10,000원","17:20,  옥자(디지털),  10,000원","19:40,  옥자(디지털),  10,000원",,,,,01관,2017-08-06,59
"01:25,  돈 슬립(디지털)","14:55,  군함도(디지털)","17:20,  군함도(디지털)","19:45,  군함도(디지털),  9,000원",,,,,01관,2017-08-07,59
"00:05,  맛있는 섹스 은밀한 동거(디지털),  2,000원","14:55,  군함도(디지털)","17:20,  군함도(디지털),  10,000원","19:45,  군함도(디지털)",,,,,01관,2017-08-08,59
"12:30,  청년경찰(디지털)","14:35,  청년경찰(디지털)","16:40,  청년경찰(디지털)","18:45,  청년경찰(디지털)","20:50,  청년경찰(디지털),  10,000원",,,,01관,2017-08-09,59
"00:05,  무림9대문파-사도황규(디지털),  2,000원","14:20,  내 사랑(디지털),  10,000원",,,,,,,01관,2017-08-10,59
"00:05,  무림9대문파-사도황규(디지털),  2,000원",,,,,,,,01관,2017-08-11,59
"00:05,  무림9대문파-사도황규(디지털),  2,000원","16:00,  내 사랑(디지털),  10,000원",,,,,,,01관,2017-08-12,59
"00:05,  무림9대문파-사도황규(디지털),  2,000원","16:00,  내 사랑(디지털),  10,000원",,,,,,,01관,2017-08-13,59
"12:30,  청년경찰(디지털)","14:35,  청년경찰(디지털),  10,000원","16:40,  청년경찰(디지털)","18:45,  청년경찰(디지털)","20:50,  청년경찰(디지털)",,,,01관,2017-08-14,59
"10:00,  내 사랑(디지털),  10,000원","12:10,  내 사랑(디지털),  10,000원","16:40,  청년경찰(디지털),  10,000원",,,,,,01관,2017-08-15,59
"00:05,  정사2: 친구 새엄마-감독판(디지털)","14:35,  청년경찰(디지털)","16:40,  청년경찰(디지털)","18:45,  청년경찰(디지털),  10,000원","20:50,  청년경찰(디지털)",,,,01관,2017-08-16,59
"00:05,  트레이터(디지털),  2,000원","20:20,  내 사랑(디지털),  10,000원",,,,,,,01관,2017-08-17,59
"00:05,  트레이터(디지털),  2,000원","20:20,  내 사랑(디지털),  10,000원",,,,,,,01관,2017-08-18,59
"00:05,  트레이터(디지털),  2,000원","20:20,  내 사랑(디지털),  10,000원",,,,,,,01관,2017-08-19,59
"00:05,  트레이터(디지털),  2,000원","20:20,  내 사랑(디지털),  10,000원",,,,,,,01관,2017-08-20,59
"00:05,  붉은 비키니 무삭제판(디지털),  2,000원","12:30,  공범자들(디지털)","16:30,  공범자들(디지털)","18:30,  공범자들(디지털),  10,000원",,,,,01관,2017-08-21,59
"14:30,  공범자들(디지털),  10,000원","12:30,  공범자들(디지털),  10,000원","16:30,  공범자들(디지털),  10,000원","18:30,  공범자들(디지털),  10,000원",,,,,01관,2017-08-22,59
"12:00,  공범자들(디지털)","18:10,  공범자들(디지털),  10,000원",,,,,,,01관,2017-08-23,59
"00:05,  무림9대문파-항하살수(디지털),  2,000원",,,,,,,,01관,2017-08-24,59
"00:05,  무림9대문파-항하살수(디지털),  2,000원","14:25,  공범자들(디지털),  10,000원",,,,,,,01관,2017-08-25,59
"00:05,  무림9대문파-항하살수(디지털),  2,000원","14:25,  공범자들(디지털),  10,000원",,,,,,,01관,2017-08-26,59
"00:05,  무림9대문파-항하살수(디지털),  2,000원","14:25,  공범자들(디지털),  10,000원",,,,,,,01관,2017-08-27,59
"12:30,  청년경찰(디지털)","16:30,  청년경찰(디지털)","20:30,  공범자들(디지털),  10,000원",,,,,,01관,2017-08-28,59
"13:00,  청년경찰(디지털)","19:10,  공범자들(디지털),  10,000원","21:10,  공범자들(디지털)",,,,,,01관,2017-08-29,59
"00:05,  초대남 무삭제판(디지털),  2,000원","16:30,  청년경찰(디지털)","20:30,  공범자들(디지털),  10,000원",,,,,,01관,2017-08-30,59
"00:05,  아무도 잠들지 마라(디지털),  2,000원","16:20,  킬러의 보디가드(디지털)",,,,,,,01관,2017-08-31,59
"00:05,  다이하드 스왓(디지털),  2,000원","16:20,  킬러의 보디가드(디지털),  10,000원",,,,,,,01관,2017-09-01,59
"00:05,  미스터 쉐프(디지털),  2,000원",,,,,,,,01관,2017-09-02,59
"00:05,  미스터 쉐프(디지털),  2,000원","16:20,  킬러의 보디가드(디지털),  10,000원",,,,,,,01관,2017-09-03,59
"13:40,  공범자들(디지털)","17:00,  공범자들(디지털),  10,000원",,,,,,,01관,2017-09-04,59
"00:05,  가정부의 손맛 감독판(디지털),  2,000원","17:00,  공범자들(디지털),  10,000원",,,,,,,01관,2017-09-05,59
"00:05,  형님아내3감독판(아랫집 부인) (디지털),  2,000원","15:15,  김광석(디지털),  10,000원","18:10,  더 테이블(디지털),  10,000원",,,,,,01관,2017-09-06,59
"00:05,  울프 크릭 2(디지털),  2,000원","18:15,  킬러의 보디가드(디지털),  10,000원",,,,,,,01관,2017-09-07,59
"00:05,  울프 크릭 2(디지털),  2,000원","20:20,  내 사랑(디지털),  10,000원","18:10,  킬러의 보디가드(디지털),  10,000원",,,,,,01관,2017-09-08,59
"00:05,  울프 크릭 2(디지털),  2,000원","13:40,  내 사랑(디지털),  10,000원","20:10,  킬러의 보디가드(디지털),  10,000원",,,,,,01관,2017-09-09,59
"00:05,  울프 크릭 2(디지털),  2,000원","16:15,  킬러의 보디가드(디지털),  10,000원","18:30,  킬러의 보디가드(디지털),  10,000원",,,,,,01관,2017-09-10,59
"00:05,  젊은 형수: 참을 수 없는 맛-감독판(디지털),  2,000원","15:55,  김광석(디지털)","17:30,  김광석(디지털)",,,,,,01관,2017-09-11,59
"10:20,  안녕 히어로(디지털)","15:55,  김광석(디지털)","17:30,  김광석(디지털)",,,,,,01관,2017-09-12,59
"00:05,  젊은 형수: 참을 수 없는 맛-감독판(디지털),  2,000원","15:55,  김광석(디지털)","17:30,  김광석(디지털),  10,000원",,,,,,01관,2017-09-13,59
"00:05,  경심파(디지털),  2,000원","16:40,  킬러의 보디가드(디지털),  10,000원",,,,,,,01관,2017-09-14,59
"00:05,  퍼스트 킹 왕의 탄생(디지털)","16:40,  킬러의 보디가드(디지털)",,,,,,,01관,2017-09-15,59
"00:05,  수부라 게이트(디지털),  2,000원","16:40,  킬러의 보디가드(디지털),  10,000원",,,,,,,01관,2017-09-16,59
"00:05,  울프 크릭 2(디지털),  2,000원","16:40,  킬러의 보디가드(디지털),  10,000원",,,,,,,01관,2017-09-17,59
"00:05,  두근두근(디지털),  2,000원",,,,,,,,01관,2017-09-18,59
"00:05,  그녀의 깊은 정사-감독판(디지털),  2,000원","19:10,  저수지 게임(디지털)",,,,,,,01관,2017-09-19,59
"00:05,  야한여친(디지털),  2,000원","19:10,  저수지 게임(디지털),  10,000원",,,,,,,01관,2017-09-20,59
"00:05,  가루지기: 변강쇠 더 비기닝 - 무삭제판(디지털),  2,000원",,,,,,,,01관,2017-09-21,59
"00:05,  경심파(디지털),  2,000원","20:10,  김광석(디지털),  10,000원",,,,,,,01관,2017-09-22,59
"00:05,  경심파(디지털),  2,000원","18:40,  김광석(디지털),  10,000원","20:30,  김광석(디지털),  10,000원",,,,,,01관,2017-09-23,59
"00:05,  경심파(디지털),  2,000원","18:40,  김광석(디지털),  10,000원","20:30,  김광석(디지털),  10,000원","22:00,  김광석(디지털),  7,000원",,,,,01관,2017-09-24,59
"13:30,  공범자들(디지털)","19:10,  김광석(디지털)","20:50,  김광석(디지털),  10,000원",,,,,,01관,2017-09-25,59
"03:20,  정사-두자매(디지털),  2,000원","19:10,  김광석(디지털),  10,000원","20:50,  김광석(디지털),  10,000원",,,,,,01관,2017-09-26,59
"13:30,  공범자들(디지털),  10,000원","19:10,  김광석(디지털),  10,000원","20:50,  김광석(디지털),  10,000원",,,,,,01관,2017-09-27,59
"00:05,  몽키킹 VS 구미호 대결전(디지털),  2,000원","19:30,  김광석(디지털),  10,000원","21:20,  김광석(디지털),  10,000원",,,,,,01관,2017-09-28,59
"00:05,  신몽키킹: 여인천국(디지털),  2,000원","19:10,  내 사랑(디지털),  10,000원",,,,,,,01관,2017-09-29,59
"00:05,  신몽키킹: 여인천국(디지털),  2,000원","19:20,  내 사랑(디지털),  10,000원",,,,,,,01관,2017-09-30,59
"00:05,  신몽키킹: 여인천국(디지털),  2,000원","19:20,  내 사랑(디지털),  10,000원",,,,,,,01관,2017-10-01,59
"00:05,  신몽키킹: 여인천국(디지털)","19:20,  저수지 게임(디지털),  10,000원",,,,,,,01관,2017-10-02,59
"00:05,  신몽키킹: 여인천국(디지털)",,,,,,,,01관,2017-10-03,59
"00:05,  신몽키킹: 여인천국(디지털)",,,,,,,,01관,2017-10-04,59
"00:05,  몽키킹 VS 구미호 대결전(디지털),  2,000원",,,,,,,,01관,2017-10-05,59
"00:05,  몽키킹 VS 구미호 대결전(디지털),  2,000원",,,,,,,,01관,2017-10-06,59
"00:05,  몽키킹 VS 구미호 대결전(디지털),  2,000원",,,,,,,,01관,2017-10-07,59
"00:05,  몽키킹 VS 구미호 대결전(디지털),  2,000원",,,,,,,,01관,2017-10-08,59
"00:05,  몽키킹 VS 구미호 대결전(디지털)","16:45,  김광석(디지털),  10,000원",,,,,,,01관,2017-10-09,59
"00:05,  몽키킹 VS 구미호 대결전(디지털)","17:25,  저수지 게임(디지털)","21:00,  저수지 게임(디지털)",,,,,,01관,2017-10-10,59
"00:05,  몽키킹 VS 구미호 대결전(디지털)","17:35,  저수지 게임(디지털)",,,,,,,01관,2017-10-11,59
"02:05,  아름다운 엄마(디지털),  2,000원",,,,,,,,01관,2017-10-12,59
"11:30,  저수지 게임(디지털)",,,,,,,,01관,2017-10-13,59
"10:30,  공범자들(디지털)",,,,,,,,01관,2017-10-14,59
"11:00,  인비저블 게스트(디지털),  10,000원",,,,,,,,01관,2017-10-15,59
"00:05,  가정부의 목적 무삭제판(디지털),  2,000원","19:05,  김광석(디지털)",,,,,,,01관,2017-10-16,59
"13:30,  공범자들(디지털)","19:05,  김광석(디지털)",,,,,,,01관,2017-10-17,59
"00:05,  잃어버린 도시 Z(디지털),  2,000원","17:10,  루터(디지털)","19:30,  루터(디지털),  10,000원",,,,,,01관,2017-10-18,59
"00:05,  킬러의 보디가드(디지털),  2,000원","17:10,  루터(디지털)","19:30,  루터(디지털),  10,000원",,,,,,01관,2017-10-19,59
"00:05,  킬러의 보디가드(디지털),  2,000원","17:10,  루터(디지털)","19:30,  루터(디지털),  10,000원",,,,,,01관,2017-10-20,59
"00:05,  킬러의 보디가드(디지털),  2,000원","11:50,  루터(디지털)","16:25,  루터(디지털),  10,000원","18:45,  루터(디지털),  10,000원",,,,,01관,2017-10-21,59
"00:05,  킬러의 보디가드(디지털),  2,000원","13:05,  내 사랑(디지털),  10,000원","20:00,  루터(디지털),  10,000원",,,,,,01관,2017-10-22,59
"00:05,  수상한 종업원(디지털),  2,000원","19:05,  김광석(디지털)",,,,,,,01관,2017-10-23,59
"00:05,  착한 형수 2(디지털),  2,000원","19:05,  김광석(디지털)",,,,,,,01관,2017-10-24,59
"11:00,  루터(디지털)","13:20,  루터(디지털),  10,000원",,,,,,,01관,2017-10-25,59
"00:05,  내 사랑 왕가흔 (디지털),  2,000원","13:20,  루터(디지털)",,,,,,,01관,2017-10-26,59
"00:05,  내 사랑 왕가흔 (디지털),  2,000원","12:40,  루터(디지털),  10,000원","15:00,  루터(디지털)",,,,,,01관,2017-10-27,59
"00:05,  킬러의 보디가드(디지털),  2,000원","12:50,  루터(디지털),  10,000원",,,,,,,01관,2017-10-28,59
"00:05,  킬러의 보디가드(디지털),  2,000원","19:20,  루터(디지털),  10,000원",,,,,,,01관,2017-10-29,59
"00:05,  내 사랑 왕가흔 (디지털),  2,000원",,,,,,,,01관,2017-10-30,59
"13:00,  공범자들(디지털)",,,,,,,,01관,2017-10-31,59
"13:30,  공범자들(디지털)",,,,,,,,01관,2017-11-01,59
"00:05,  내 사랑 왕가흔 (디지털),  2,000원","12:20,  루터(디지털)",,,,,,,01관,2017-11-02,59
"00:05,  내 사랑 왕가흔 (디지털),  2,000원","12:20,  루터(디지털),  10,000원",,,,,,,01관,2017-11-03,59
"00:05,  테이킹(디지털),  2,000원",,,,,,,,01관,2017-11-04,59
"00:05,  테이킹(디지털),  2,000원","17:10,  루터(디지털),  10,000원",,,,,,,01관,2017-11-05,59
"13:15,  공범자들(디지털)",,,,,,,,01관,2017-11-06,59
"13:30,  공범자들(디지털)",,,,,,,,01관,2017-11-07,59
"13:30,  공범자들(디지털),  10,000원",,,,,,,,01관,2017-11-08,59
"00:05,  마약 전쟁(디지털),  2,000원","17:25,  고향이 어디세요(디지털)",,,,,,,01관,2017-11-09,59
"00:05,  마약 전쟁(디지털),  2,000원","17:25,  고향이 어디세요(디지털)",,,,,,,01관,2017-11-10,59
"00:05,  마약 전쟁(디지털),  2,000원","13:25,  고향이 어디세요(디지털)",,,,,,,01관,2017-11-11,59
"00:05,  마약 전쟁(디지털),  2,000원","11:35,  고향이 어디세요(디지털)",,,,,,,01관,2017-11-12,59
"00:05,  김광석(디지털),  2,000원",,,,,,,,01관,2017-11-13,59
"00:05,  김광석(디지털),  2,000원",,,,,,,,01관,2017-11-14,59
"00:05,  김광석(디지털),  2,000원",,,,,,,,01관,2017-11-15,59
"00:05,  김광석(디지털),  2,000원",,,,,,,,01관,2017-11-16,59
"00:05,  김광석(디지털),  2,000원",,,,,,,,01관,2017-11-17,59
"00:05,  김광석(디지털),  2,000원",,,,,,,,01관,2017-11-18,59
"00:05,  김광석(디지털),  2,000원",,,,,,,,01관,2017-11-19,59
"00:05,  김광석(디지털),  2,000원",,,,,,,,01관,2017-11-20,59
"00:05,  김광석(디지털),  2,000원",,,,,,,,01관,2017-11-21,59
"00:05,  맛섹 은밀한 경험 감독판(디지털),  2,000원",,,,,,,,01관,2017-11-22,59
"00:05,  매드맥스 독(디지털),  2,000원",,,,,,,,01관,2017-11-23,59
"01:30,  지워야 산다(디지털),  5,000원",,,,,,,,01관,2017-11-24,59
"01:30,  지워야 산다(디지털),  5,000원",,,,,,,,01관,2017-11-25,59
"01:30,  지워야 산다(디지털),  5,000원",,,,,,,,01관,2017-11-26,59
"01:40,  지워야 산다(디지털),  5,000원","16:45,  로마서 8:37(디지털),  10,000원",,,,,,,01관,2017-11-27,59
"00:05,  스페셜 시큐리티 : 라스트 미션(디지털)","16:45,  로마서 8:37(디지털)",,,,,,,01관,2017-11-28,59
"00:05,  스페셜 시큐리티 : 라스트 미션(디지털)",,,,,,,,01관,2017-11-29,59
"01:48,  벤허: 레저렉션(디지털),  2,000원",,,,,,,,01관,2017-11-30,59
"00:05,  지워야 산다(디지털),  5,000원",,,,,,,,01관,2017-12-01,59
"00:05,  지워야 산다(디지털),  5,000원","09:50,  배드 지니어스(디지털)",,,,,,,01관,2017-12-02,59
"00:05,  지워야 산다(디지털),  5,000원","09:50,  배드 지니어스(디지털),  10,000원",,,,,,,01관,2017-12-03,59
"00:05,  스페셜 시큐리티 : 라스트 미션(디지털)",,,,,,,,01관,2017-12-04,59
"00:05,  스페셜 시큐리티 : 라스트 미션(디지털)",,,,,,,,01관,2017-12-05,59
"00:05,  스페셜 시큐리티 : 라스트 미션(디지털)",,,,,,,,01관,2017-12-06,59
"00:05,  아내의 101번째 결혼 무삭제판(디지털),  2,000원","18:50,  배드 지니어스(디지털)",,,,,,,01관,2017-12-07,59
"00:05,  미옥(디지털),  2,000원","18:15,  배드 지니어스(디지털)",,,,,,,01관,2017-12-08,59
"00:05,  미옥(디지털),  2,000원",,,,,,,,01관,2017-12-09,59
"00:05,  미옥(디지털),  2,000원","18:40,  너의 췌장을 먹고 싶어(디지털),  10,000원",,,,,,,01관,2017-12-10,59
"00:05,  미옥(디지털),  2,000원",,,,,,,,01관,2017-12-11,59
"01:45,  신입사원(디지털),  2,000원",,,,,,,,01관,2017-12-12,59
"00:05,  섹스타시(디지털),  2,000원",,,,,,,,01관,2017-12-13,59
"00:05,  섹스타시(디지털),  2,000원","12:10,  너의 췌장을 먹고 싶어(디지털)",,,,,,,01관,2017-12-14,59
"00:05,  두처제2(디지털),  2,000원",,,,,,,,01관,2017-12-15,59
"00:05,  섹스타시(디지털),  2,000원",,,,,,,,01관,2017-12-16,59
"00:05,  섹스타시(디지털),  2,000원","12:10,  너의 췌장을 먹고 싶어(디지털),  10,000원",,,,,,,01관,2017-12-17,59
"00:05,  키드냅(디지털)",,,,,,,,01관,2017-12-18,59
"00:05,  대물 변강쇠(디지털),  2,000원",,,,,,,,01관,2017-12-19,59
"00:05,  루터(디지털),  2,000원",,,,,,,,01관,2017-12-20,59
"00:05,  킬 유어 프렌즈(디지털),  2,000원",,,,,,,,01관,2017-12-21,59
"00:05,  킬 유어 프렌즈(디지털),  2,000원",,,,,,,,01관,2017-12-22,59
"00:05,  섹스타시(디지털),  2,000원",,,,,,,,01관,2017-12-23,59
"00:05,  섹스타시(디지털),  2,000원",,,,,,,,01관,2017-12-24,59
"00:05,  섹스타시(디지털),  2,000원",,,,,,,,01관,2017-12-25,59
"00:05,  섹스타시(디지털),  2,000원",,,,,,,,01관,2017-12-26,59
"00:05,  섹스타시(디지털),  2,000원",,,,,,,,01관,2017-12-27,59
"00:05,  킬 유어 프렌즈(디지털),  2,000원",,,,,,,,01관,2017-12-28,59
"00:05,  킬 유어 프렌즈(디지털),  2,000원",,,,,,,,01관,2017-12-29,59
"00:05,  무림축구(디지털),  2,000원","21:05,  러브레터(디지털),  10,000원",,,,,,,01관,2017-12-30,59
"00:05,  무림축구(디지털),  2,000원","16:05,  루터(디지털),  8,000원",,,,,,,01관,2017-12-31,59
검색된 데이터가 존재하지 않습니다.,검색된 데이터가 존재하지 않습니다.,검색된 데이터가 존재하지 않습니다.,검색된 데이터가 존재하지 않습니다.,검색된 데이터가 존재하지 않습니다.,검색된 데이터가 존재하지 않습니다.,검색된 데이터가 존재하지 않습니다.,검색된 데이터가 존재하지 않습니다.,검색된 데이터가 존재하지 않습니다.,검색된 데이터가 존재하지 않습니다.,
검색된 데이터가 존재하지 않습니다.,검색된 데이터가 존재하지 않습니다.,검색된 데이터가 존재하지 않습니다.,검색된 데이터가 존재하지 않습니다.,검색된 데이터가 존재하지 않습니다.,검색된 데이터가 존재하지 않습니다.,검색된 데이터가 존재하지 않습니다.,검색된 데이터가 존재하지 않습니다.,검색된 데이터가 존재하지 않습니다.,검색된 데이터가 존재하지 않습니다.,
"00:05,  워 이베이젼(디지털),  2,000원","20:15,  람보 : 라스트 워(디지털),  10,000원",,,,,,,01관,2019-11-01,59
"12:10,  아이언 자이언트(디지털)","14:00,  아이언 자이언트(디지털),  10,000원",,,,,,,01관,2019-11-02,59
"12:10,  아이언 자이언트(디지털)","14:00,  아이언 자이언트(디지털),  10,000원",,,,,,,01관,2019-11-03,59
"00:05,  워 이베이젼(디지털),  2,000원","15:50,  교회오빠(디지털)",,,,,,,01관,2019-11-04,59
"11:40,  교회오빠(디지털),  10,000원",,,,,,,,01관,2019-11-05,59
"11:40,  교회오빠(디지털),  10,000원",,,,,,,,01관,2019-11-06,59
"11:15,  교회오빠(디지털)","18:00,  타이페이 스토리(디지털),  10,000원",,,,,,,01관,2019-11-07,59
"00:05,  친구부부(디지털),  2,000원","18:00,  타이페이 스토리(디지털),  10,000원",,,,,,,01관,2019-11-08,59
"12:00,  아이언 자이언트(디지털),  10,000원","16:10,  아이언 자이언트(디지털)",,,,,,,01관,2019-11-09,59
"12:00,  아이언 자이언트(디지털),  10,000원","15:45,  아이언 자이언트(디지털),  10,000원",,,,,,,01관,2019-11-10,59
"11:15,  교회오빠(디지털),  10,000원","18:00,  타이페이 스토리(디지털)",,,,,,,01관,2019-11-11,59
"00:05,  빅 2: 황금열쇠 대소동(디지털더빙),  2,000원","18:00,  타이페이 스토리(디지털)",,,,,,,01관,2019-11-12,59
"00:05,  아내와 처제(디지털),  2,000원","18:00,  타이페이 스토리(디지털),  10,000원",,,,,,,01관,2019-11-13,59
"00:05,  막내 처제(디지털),  2,000원","17:20,  타이페이 스토리(디지털),  10,000원",,,,,,,01관,2019-11-14,59
"11:15,  교회오빠(디지털),  10,000원",,,,,,,,01관,2019-11-15,59
"11:20,  아이언 자이언트(디지털),  10,000원","18:10,  타이페이 스토리(디지털),  10,000원",,,,,,,01관,2019-11-16,59
"12:00,  아이언 자이언트(디지털)",,,,,,,,01관,2019-11-17,59
"11:35,  교회오빠(디지털),  10,000원",,,,,,,,01관,2019-11-18,59
"11:30,  교회오빠(디지털),  10,000원","13:10,  교회오빠(디지털)",,,,,,,01관,2019-11-19,59
"00:05,  식모-머피의 법칙(디지털),  2,000원","13:10,  교회오빠(디지털)",,,,,,,01관,2019-11-20,59
"00:05,  타이페이 스토리(디지털),  2,000원","14:50,  타이페이 스토리(디지털),  10,000원",,,,,,,01관,2019-11-21,59
"00:05,  타이페이 스토리(디지털),  2,000원","13:10,  교회오빠(디지털),  10,000원",,,,,,,01관,2019-11-22,59
"00:05,  타이페이 스토리(디지털),  2,000원","14:45,  타이페이 스토리(디지털),  10,000원",,,,,,,01관,2019-11-23,59
"00:05,  타이페이 스토리(디지털),  2,000원","13:50,  타이페이 스토리(디지털),  10,000원",,,,,,,01관,2019-11-24,59
"00:05,  타이페이 스토리(디지털),  2,000원","14:50,  타이페이 스토리(디지털)",,,,,,,01관,2019-11-25,59
"00:05,  타이페이 스토리(디지털),  2,000원","14:20,  타이페이 스토리(디지털),  10,000원",,,,,,,01관,2019-11-26,59
"00:05,  타이페이 스토리(디지털),  2,000원","17:00,  타이페이 스토리(디지털),  10,000원",,,,,,,01관,2019-11-27,59
"00:05,  막내 형수 2(디지털),  2,000원","19:00,  대통령의 7시간(디지털)",,,,,,,01관,2019-11-28,59
"00:05,  타이페이 스토리(디지털),  2,000원","16:25,  타이페이 스토리(디지털),  10,000원",,,,,,,01관,2019-11-29,59
"00:05,  타이페이 스토리(디지털),  2,000원","19:10,  대통령의 7시간(디지털),  10,000원",,,,,,,01관,2019-11-30,59
"00:05,  타이페이 스토리(디지털),  2,000원",,,,,,,,01관,2019-12-01,59
"00:05,  타이페이 스토리(디지털),  2,000원","19:00,  대통령의 7시간(디지털),  10,000원",,,,,,,01관,2019-12-02,59
"00:05,  타이페이 스토리(디지털),  2,000원",,,,,,,,01관,2019-12-03,59
"00:05,  타이페이 스토리(디지털),  2,000원","20:40,  대통령의 7시간(디지털),  10,000원",,,,,,,01관,2019-12-04,59
"00:05,  야수대전(디지털),  1,000원",,,,,,,,01관,2019-12-05,59
"00:30,  얼굴없는 보스(디지털),  2,000원","20:45,  대통령의 7시간(디지털)",,,,,,,01관,2019-12-06,59
"00:05,  얼굴없는 보스(디지털),  2,000원","15:25,  교회오빠(디지털),  10,000원",,,,,,,01관,2019-12-07,59
"00:05,  얼굴없는 보스(디지털),  2,000원","15:25,  교회오빠(디지털),  10,000원",,,,,,,01관,2019-12-08,59
"17:30,  삽질(디지털)","20:55,  대통령의 7시간(디지털)",,,,,,,01관,2019-12-09,59
"11:45,  행동하는 양심 김대중(디지털)",,,,,,,,01관,2019-12-10,59
"13:00,  삼촌(디지털)",,,,,,,,01관,2019-12-11,59
"00:05,  밝히는그녀들(디지털),  2,000원","01:25,  삼촌(디지털),  2,000원",,,,,,,01관,2019-12-12,59
"01:40,  섹파어플(디지털),  2,000원",,,,,,,,01관,2019-12-13,59
"11:45,  행동하는 양심 김대중(디지털)","18:35,  삽질(디지털)",,,,,,,01관,2019-12-15,59
"12:40,  삼촌(디지털)",,,,,,,,01관,2019-12-16,59
"00:05,  첫경험 3(디지털),  2,000원",,,,,,,,01관,2019-12-19,59
"00:05,  전망 좋은 집: 맛있는 섹스(디지털),  1,000원","17:30,  애월(디지털),  10,000원","20:00,  애월(디지털)",,,,,,01관,2019-10-01,59
"11:30,  아픈 만큼 사랑한다(디지털)","17:30,  애월(디지털),  10,000원","20:00,  애월(디지털),  10,000원",,,,,,01관,2019-10-02,59
"00:05,  안녕 베일리(디지털),  7,000원","17:30,  애월(디지털)","20:00,  애월(디지털)",,,,,,01관,2019-10-03,59
"00:05,  안녕 베일리(디지털),  7,000원","17:30,  애월(디지털),  10,000원","20:00,  애월(디지털)",,,,,,01관,2019-10-04,59
"00:05,  안녕 베일리(디지털),  7,000원","17:30,  애월(디지털),  10,000원","20:00,  애월(디지털)",,,,,,01관,2019-10-05,59
"00:05,  안녕 베일리(디지털),  7,000원","17:30,  애월(디지털)","20:00,  애월(디지털)",,,,,,01관,2019-10-06,59
"00:05,  안녕 베일리(디지털),  7,000원","17:30,  애월(디지털)","20:00,  애월(디지털)",,,,,,01관,2019-10-07,59
"11:30,  아픈 만큼 사랑한다(디지털)","19:30,  애월(디지털)",,,,,,,01관,2019-10-08,59
"12:00,  교회오빠(디지털)","18:10,  아이언 자이언트(디지털),  10,000원",,,,,,,01관,2019-10-09,59
"00:05,  먹거나 먹히거나(디지털),  2,000원","15:35,  교회오빠(디지털)",,,,,,,01관,2019-10-10,59
"00:05,  강남 며느리(디지털),  2,000원","15:35,  교회오빠(디지털),  10,000원",,,,,,,01관,2019-10-11,59
"12:00,  주전장(디지털),  10,000원","18:10,  교회오빠(디지털),  10,000원",,,,,,,01관,2019-10-12,59
"12:00,  아이언 자이언트(디지털)","15:45,  아이언 자이언트(디지털)",,,,,,,01관,2019-10-13,59
"12:10,  교회오빠(디지털),  10,000원","18:10,  아이언 자이언트(디지털),  10,000원",,,,,,,01관,2019-10-15,59
"00:05,  먹거나 먹히거나(디지털),  2,000원","18:10,  아이언 자이언트(디지털)",,,,,,,01관,2019-10-16,59
"00:05,  어린 형수 5(디지털),  2,000원","16:10,  아이언 자이언트(디지털)",,,,,,,01관,2019-10-17,59
"00:05,  먹거나 먹히거나(디지털),  2,000원","16:10,  아이언 자이언트(디지털),  10,000원",,,,,,,01관,2019-10-18,59
"12:35,  아이언 자이언트(디지털),  10,000원","16:10,  아이언 자이언트(디지털),  10,000원",,,,,,,01관,2019-10-19,59
"12:50,  아이언 자이언트(디지털),  10,000원","16:30,  아이언 자이언트(디지털),  10,000원",,,,,,,01관,2019-10-20,59
"00:05,  먹거나 먹히거나(디지털),  2,000원","16:10,  아이언 자이언트(디지털)",,,,,,,01관,2019-10-21,59
"12:40,  아이언 자이언트(디지털),  10,000원","18:15,  교회오빠(디지털)",,,,,,,01관,2019-10-22,59
"00:05,  먹거나 먹히거나(디지털),  2,000원","13:30,  교회오빠(디지털)",,,,,,,01관,2019-10-23,59
"00:05,  워 이베이젼(디지털),  2,000원","12:55,  교회오빠(디지털)",,,,,,,01관,2019-10-24,59
"00:05,  아내의유혹(디지털),  2,000원","13:30,  교회오빠(디지털),  10,000원",,,,,,,01관,2019-10-25,59
"00:05,  워 이베이젼(디지털),  2,000원","17:55,  교회오빠(디지털),  10,000원",,,,,,,01관,2019-10-26,59
"12:00,  아이언 자이언트(디지털),  10,000원","17:55,  교회오빠(디지털),  10,000원",,,,,,,01관,2019-10-27,59
"00:05,  워 이베이젼(디지털),  2,000원","14:05,  교회오빠(디지털),  10,000원",,,,,,,01관,2019-10-28,59
"00:05,  워 이베이젼(디지털),  2,000원","12:55,  교회오빠(디지털)",,,,,,,01관,2019-10-29,59
"11:10,  교회오빠(디지털),  10,000원","12:55,  교회오빠(디지털),  10,000원",,,,,,,01관,2019-10-30,59
"00:05,  워 이베이젼(디지털),  2,000원","12:35,  교회오빠(디지털)",,,,,,,01관,2019-10-31,59
