movieCd,movieNm,감독1,감독1코드,감독1성별,감독2,감독2코드,감독2성별,감독3,감독3코드,감독3성별,감독4,감독4코드,감독4성별
20068576,그날의 분위기,조규장,10065265,남자,,,,,,,,,
20078584,맞짱,차룡,10071097,남자,,,,,,,,,
20100211,다이노 타임,최윤석,20167014,남자,존 카프카,10068301,남자,,,,,,
20113634,덫: 치명적인 유혹,봉만대,10031639,남자,,,,,,,,,
20120422,거미의 땅,김동령,10003940,여자,박경태,10028435,남자,,,,,,
20124398,설해,김정권,10005546,남자,,,,,,,,,
20125648,코인라커,김태경,10006076,남자,,,,,,,,,
20127568,세계일주,이항배,10058032,남자,,,,,,,,,
20130021,"협녀, 칼의 기억",박흥식,20110989,남자,,,,,,,,,
20130260,션샤인 러브,조은성,20135269,남자,,,,,,,,,
20130566,무뢰한,오승욱,10050533,남자,,,,,,,,,
20131262,허삼관,하정우,10087253,남자,,,,,,,,,
20132801,파스카,안선경,10043363,여자,,,,,,,,,
20133071,브링 홈: 아버지의 땅,텐진 체탄 초클리,20113066,남자,,,,,,,,,
20133531,"나의 아들, 나의 어머니",안재민,20138626,남자,,,,,,,,,
20133667,폴라로이드,주호성,10069221,남자,,,,,,,,,
20133682,화장,임권택,10058483,남자,,,,,,,,,
20133803,망원동 인공위성,김형주,20179028,남자,,,,,,,,,
20134798,연평해전,김학순,10006188,남자,,,,,,,,,
20134800,그라운드의 이방인,김명준,20068433,남자,,,,,,,,,
20135264,돼지 같은 여자,장문일,10060160,남자,,,,,,,,,
20136000,레드 툼,구자환,10002241,남자,,,,,,,,,
20136057,소수의견,김성제,10004620,남자,,,,,,,,,
20136063,순수의 시대,안상훈,20111254,남자,,,,,,,,,
20136068,히말라야,이석훈,10055965,남자,,,,,,,,,
20136869,은밀한 유혹,윤재구,10054464,남자,,,,,,,,,
20136888,강남 1970,유하,20111250,남자,,,,,,,,,
20138314,후쿠시마의 미래,이홍기,20178633,남자,,,,,,,,,
20140144,도리화가,이종필,10057407,남자,,,,,,,,,
20140190,사랑이 이긴다,민병훈,10027804,남자,,,,,,,,,
20140191,플랑크 상수,조성규,10065915,남자,,,,,,,,,
20140193,서부전선,천성일,10071866,남자,,,,,,,,,
20140194,곡성,나홍진,10007437,남자,,,,,,,,,
20140241,고녀석 맛나겠다2 : 함께라서 행복해,최경석,20191153,남자,노나카 카즈미,20188032,남자,,,,,,
20140256,딜쿠샤,김태영,20146447,남자,이세영,20188668,남자,,,,,,
20140703,장수상회,강제규,10000854,남자,,,,,,,,,
20140704,비밀은 없다,이경미,10054739,여자,,,,,,,,,
20140723,달에 부는 바람,이승준,10056267,남자,,,,,,,,,
20141002,앨리스: 원더랜드에서 온 소년,허은희,20111756,여자,,,,,,,,,
20141060,쓰리 썸머 나잇,김상진,10004438,남자,,,,,,,,,
20141081,울보 권투부,이일하,20281769,남자,,,,,,,,,
20141110,밀양 아리랑,박배일,20100687,남자,,,,,,,,,
20141224,경성학교: 사라진 소녀들,이해영,10058049,남자,,,,,,,,,
20141583,그들이 죽었다,백재호,20177441,남자,,,,,,,,,
20141589,철원기행,김대환,20191466,남자,,,,,,,,,
20141591,한강블루스,이무영,10055390,남자,,,,,,,,,
20141598,타이밍,민경조,10027767,남자,박대열,10028546,남자,,,,,,
20141602,소셜포비아,홍석재,10089518,남자,,,,,,,,,
20141608,거짓말,김동명,10003943,여자,,,,,,,,,
20141610,영도,손승웅,20112554,남자,,,,,,,,,
20141611,들꽃,박석영,20191486,남자,,,,,,,,,
20141612,꿈보다 해몽,이광국,10054828,남자,,,,,,,,,
20141613,살인재능,전재홍,10061439,남자,,,,,,,,,
20141702,위로공단,임흥순,20120501,남자,,,,,,,,,
20141703,불안한 외출,김철민,20173380,남자,,,,,,,,,
20141705,마이 페어 웨딩,장희선,10060679,여자,,,,,,,,,
20141708,우리는 썰매를 탄다,김경만,10003533,남자,,,,,,,,,
20142221,경계,문정현,10026800,남자,다니엘 루디 하리얀토,20177121,남자,블라디미르 토도로비치,10085020,남자,,,
20142401,파리의 한국남자,전수일,10061331,남자,,,,,,,,,
20142402,간신,민규동,10027774,남자,,,,,,,,,
20142403,늙은 자전거,문희융,10026867,남자,,,,,,,,,
20142407,오늘의 연애,박진표,10029363,남자,,,,,,,,,
20142621,시간이탈자,곽재용,10002002,남자,,,,,,,,,
20142641,나를 잊지 말아요,이윤정,20065265,여자,,,,,,,,,
20142706,시소,고희영,20193079,여자,,,,,,,,,
20142855,성난 변호사,허종호,10088447,남자,,,,,,,,,
20142856,나의 절친 악당들,임상수,10058591,남자,,,,,,,,,
20143252,개: dog eat dog,박민우,20154667,남자,황욱,20183861,남자,,,,,,
20143502,어떤살인,안용훈,20195674,남자,,,,,,,,,
20143509,엽기적인 그녀 2,조근식,10065271,남자,,,,,,,,,
20143510,함정,권형진,10002567,남자,,,,,,,,,
20143511,오피스,홍원찬,10089708,남자,,,,,,,,,
20143512,위험한 상견례 2,김진영,10005932,남자,,,,,,,,,
20143513,미쓰 와이프,강효진,10000970,남자,,,,,,,,,
20143726,명령불복종 교사,서동일,10035368,남자,,,,,,,,,
20144422,아일랜드 - 시간을 훔치는 섬,박진성,20110918,남자,,,,,,,,,
20144441,섬. 사라진 사람들,이지승,10057552,남자,,,,,,,,,
20144442,조선마술사,김대승,10003845,남자,,,,,,,,,
20144601,고양이 장례식,이종훈,10057421,남자,,,,,,,,,
20144641,판도라,박정우,10029181,남자,,,,,,,,,
20145171,대호,박훈정,10029578,남자,,,,,,,,,
20145182,4등,정지우,10062256,남자,,,,,,,,,
20145202,생각보다 맑은,한지원,20180788,여자,,,,,,,,,
20145396,널 기다리며,모홍진,10026501,남자,,,,,,,,,
20145486,소시민,김병준,20167143,남자,,,,,,,,,
20145501,돌연변이,권오광,10002458,남자,,,,,,,,,
20145502,남과 여,이윤기,10056949,남자,,,,,,,,,
20145503,검은 사제들,장재현,10060462,남자,,,,,,,,,
20145504,특종: 량첸살인기,노덕,10015745,여자,,,,,,,,,
20145506,해어화,박흥식,20110989,남자,,,,,,,,,
20145507,검사외전,이일형,10057103,남자,,,,,,,,,
20147130,타투,이서,10055931,남자,,,,,,,,,
20147803,한여름의 판타지아,장건재,10060025,남자,,,,,,,,,
20147947,워킹걸,정범식,10061758,남자,,,,,,,,,
20148048,베테랑,류승완,10019069,남자,,,,,,,,,
20148188,쎄시봉,김현석,10006261,남자,,,,,,,,,
20148384,그림자들의 섬,김정근,20129592,남자,,,,,,,,,
20148449,산다,박정범,10029163,남자,,,,,,,,,
20148460,서울역,연상호,10049814,남자,,,,,,,,,
20148461,살인의뢰,손용호,20188569,남자,,,,,,,,,
20148553,내 심장을 쏴라,문제용,10026804,남자,,,,,,,,,
20148617,포항,모현신,10026500,여자,,,,,,,,,
20148631,미라클 여행기,허철,20114576,남자,,,,,,,,,
20148676,잡식가족의 딜레마,황윤,10090225,여자,,,,,,,,,
20148685,조류인간,신연식,10040499,남자,,,,,,,,,
20148841,헬머니,신한솔,10040668,남자,,,,,,,,,
20148844,손님,김광태,20147149,남자,,,,,,,,,
20148845,스물,이병헌,20125862,남자,,,,,,,,,
20148846,사도,이준익,10057485,남자,,,,,,,,,
20148851,암살,최동훈,10072187,남자,,,,,,,,,
20148855,극비수사,곽경택,10001931,남자,,,,,,,,,
20148982,반짝이는 박수 소리,이길보라,20188937,여자,,,,,,,,,
20149062,연애의 맛,김아론,10004879,남자,,,,,,,,,
20149258,작은 형,심광진,10040817,남자,,,,,,,,,
20149259,막걸스,김기영,10003718,남자,,,,,,,,,
20149264,춘희막이,박혁지,20187247,남자,,,,,,,,,
20149266,차이나타운,한준희,20183664,남자,,,,,,,,,
20149298,어우동: 주인 없는 꽃,이수성,10056145,남자,,,,,,,,,
20149299,파일 : 4022일의 사육,박용집,10028999,남자,,,,,,,,,
20149314,내부자들,우민호,20111283,남자,,,,,,,,,
20149491,기화,문정윤,10026795,남자,,,,,,,,,
20149569,악의 연대기,백운학,10030346,남자,,,,,,,,,
20149570,조선명탐정 : 사라진 놉의 딸,김석윤,10004484,남자,,,,,,,,,
20149571,중독노래방,김상찬,10004439,남자,,,,,,,,,
20149961,미안해 사랑해 고마워,전윤수,10061405,남자,,,,,,,,,
20150025,내부자들: 디 오리지널,우민호,20111283,남자,,,,,,,,,
20150258,홀리워킹데이,이희원,20210467,여자,,,,,,,,,
20150564,혼숨,이두환,20246149,남자,,,,,,,,,
20150566,극장판 꼬마버스 타요의 에이스 구출작전,류정우,10019108,남자,,,,,,,,,
20150753,눈발,조재민,20173028,남자,,,,,,,,,
20150901,올레,채두병,20211226,남자,,,,,,,,,
20150902,대배우,석민우,20122507,남자,,,,,,,,,
20150903,번개맨,조근현,10065272,남자,,,,,,,,,
20150941,악인은 살아 있다,김회근,10006480,남자,,,,,,,,,
20150964,조작된 도시,박광현,10028469,남자,,,,,,,,,
20150966,사랑하기 때문에,주지홍,10069178,남자,,,,,,,,,
20150968,국가대표 2,김종현,10005717,남자,,,,,,,,,
20150969,궁합,홍창표,10089901,남자,,,,,,,,,
20150970,범죄의 여왕,김태곤,10006078,남자,이요섭,20162031,남자,,,,,,
20150971,해빙,이수연,10056147,여자,,,,,,,,,
20150972,굿바이 싱글,김태곤,10006078,남자,,,,,,,,,
20150976,신과함께-죄와 벌,김용화,10005151,남자,,,,,,,,,
20150977,좋아해줘,박현진,20110969,여자,,,,,,,,,
20150979,덕혜옹주,허진호,10088463,남자,,,,,,,,,
20151003,장산범,허정,20169260,남자,,,,,,,,,
20151021,순정,이은희,20140739,여자,,,,,,,,,
20151022,걷기왕,백승화,10030331,남자,,,,,,,,,
20151181,여교사,김태용,20191068,남자,,,,,,,,,
20151224,하프,김세연,10004672,여자,,,,,,,,,
20151227,아빠는 딸,김형협,20230906,남자,,,,,,,,,
20151228,공조,김성훈,20128773,남자,,,,,,,,,
20151229,더 킹,한재림,10087712,남자,,,,,,,,,
20151230,원라인,양경모,20182346,남자,,,,,,,,,
20151582,태양을 쏴라 무삭제판,김태식,10006101,남자,,,,,,,,,
20151782,지금은맞고그때는틀리다,홍상수,10089497,남자,,,,,,,,,
20152064,필름시대사랑,장률,10060143,남자,,,,,,,,,
20152105,"시발, 놈: 인류의 시작",백승기,20120681,남자,,,,,,,,,
20152182,무서운 집,양병간,10046918,남자,,,,,,,,,
20152265,성난 화가 - 무삭제판,전규환,10061231,남자,,,,,,,,,
20152368,인 허 플레이스,알버트 신,20212728,남자,,,,,,,,,
20152369,나홀로 휴가,조재현,10066929,남자,,,,,,,,,
20152370,잡아야 산다,오인천,20188088,남자,,,,,,,,,
20152371,"당신, 거기 있어줄래요",홍지영,10089855,여자,,,,,,,,,
20152402,업사이드 다운,김동빈,20212787,남자,,,,,,,,,
20152541,무수단,구모,10002140,남자,,,,,,,,,
20152746,커터,정희성,20213086,여자,,,,,,,,,
20152782,"날, 보러와요",이철하,10057717,남자,,,,,,,,,
20152870,에스엠타운 더 스테이지,배성상,20213186,남자,,,,,,,,,
20153307,어떤이의 꿈,조성규,10065915,남자,,,,,,,,,
20153311,기적의 피아노,김은주,20110270,여자,임성구,10058611,남자,,,,,,
20153313,이바라키의 여름,전성호,20213586,남자,,,,,,,,,
20153316,블랙가스펠2: 소울을 찾는 여정가운데 만난 사람들,김성권,20112797,남자,이임주,10057108,여자,,,,,,
20153422,제 7기사단,키리야 카즈아키,10078569,남자,,,,,,,,,
20153443,아수라,김성수,10004596,남자,,,,,,,,,
20153444,럭키,이계벽,10054784,남자,,,,,,,,,
20153446,너의 결혼식,이석근,10055945,남자,,,,,,,,,
20153447,바람 바람 바람,이병헌,20125862,남자,,,,,,,,,
20153450,우리들,윤가은,20113672,여자,,,,,,,,,
20153741,미씽: 사라진 여자,이언희,10056602,여자,,,,,,,,,
20153801,"안녕, 전우치! 도술로봇대결전",김대창,20214346,남자,,,,,,,,,
20154323,슈퍼레이서 엔지,허선,20214806,남자,,,,,,,,,
20154342,뚜르: 내 생애 최고의 49일,임정하,20214827,여자,김양래,20215847,여자,전일우,20215849,남자,박형준,20215848,남자
20154428,야근 대신 뜨개질,박소현,20214911,여자,,,,,,,,,
20154429,왕초와 용가리,이창준,20214926,남자,,,,,,,,,
20154661,형,권수경,10002413,남자,,,,,,,,,
20154802,아티스트: 다시 태어나다,김경원,20215486,남자,,,,,,,,,
20154803,우리 연애의 이력,조성은,20215487,여자,,,,,,,,,
20154905,가려진 시간,엄태화,10047368,남자,,,,,,,,,
20154906,사냥,이우철,10056854,남자,,,,,,,,,
20154907,희생부활자,곽경택,10001931,남자,,,,,,,,,
20154908,7년의 밤,추창민,10072983,남자,,,,,,,,,
20154909,살인자의 기억법,원신연,20111284,남자,,,,,,,,,
20155223,목숨 건 연애,송민규,10037076,남자,,,,,,,,,
20155301,두 번째 스물,박흥식,20110995,남자,,,,,,,,,
20155321,최악의 하루,김종관,10005660,남자,,,,,,,,,
20155335,두 개의 연애,조성규,10065915,남자,,,,,,,,,
20155382,눈꺼풀,오멸,10050307,남자,,,,,,,,,
20155385,흔들리는 물결,김진도,20162812,남자,,,,,,,,,
20155387,혼자,박홍민,20111993,남자,,,,,,,,,
20155388,초인,서은영,20168380,여자,,,,,,,,,
20155390,양치기들,김진황,20187952,남자,,,,,,,,,
20155391,스틸 플라워,박석영,20191486,남자,,,,,,,,,
20155483,그럼에도 불구하고,김영조,10005015,남자,,,,,,,,,
20155485,소녀와 여자,김효정,20130020,여자,,,,,,,,,
20155826,치외법권,신재호,20111176,남자,,,,,,,,,
20156047,나쁜 나라,김진열,10005927,여자,이수정,10056156,여자,정일건,10062151,남자,,,
20156250,인천상륙작전,이재한,10057235,남자,,,,,,,,,
20156281,성실한 나라의 앨리스,안국진,20112403,남자,,,,,,,,,
20156321,약장수,조치언,20138384,남자,,,,,,,,,
20156441,최강전사 미니특공대 : 새로운 악당의 습격,이영준,20186877,남자,,,,,,,,,
20156498,독도의 영웅들,권순도,20217370,남자,,,,,,,,,
20156553,비밀,박은경,20066038,여자,이동하,20204806,남자,,,,,,
20156554,물괴,허종호,10088447,남자,,,,,,,,,
20156557,탐정 : 더 비기닝,김정훈,10005643,남자,,,,,,,,,
20156562,루시드 드림,김준성,20122844,남자,,,,,,,,,
20156564,부산행,연상호,10049814,남자,,,,,,,,,
20156708,석조저택 살인사건,정식,10061563,남자,김휘,10003489,남자,,,,,,
20156748,열정같은소리하고있네,정기훈,10061628,남자,,,,,,,,,
20156807,뽀로로 극장판 컴퓨터 왕국 대모험,박영균,10028920,남자,,,,,,,,,
20157064,커튼콜,류훈,10019026,남자,,,,,,,,,
20157431,명량: 회오리 바다를 향하여,김한민,10006204,남자,정세교,20158266,남자,,,,,,
20157441,멜리스,김용운,20206966,남자,,,,,,,,,
20157464,더 폰,김봉주,20128476,남자,,,,,,,,,
20157465,그놈이다,윤준형,10054518,남자,,,,,,,,,
20157466,"로봇, 소리",이호재,10058219,남자,,,,,,,,,
20157501,극적인 하룻밤,하기호,10086669,남자,,,,,,,,,
20157587,파울볼,조정래,10066934,남자,김보경,20144559,여자,,,,,,
20157631,다른 길이 있다,조창호,10067366,남자,,,,,,,,,
20157986,검은손,박재식,10029120,남자,,,,,,,,,
20158161,소꿉놀이,김수빈,20208249,여자,,,,,,,,,
20158358,파란입이 달린 얼굴,김수정,20221426,여자,,,,,,,,,
20158359,할머니의 먼 집,이소현,20221427,여자,,,,,,,,,
20158481,퇴마: 무녀굴,김휘,10003489,남자,,,,,,,,,
20158482,동주,이준익,10057485,남자,,,,,,,,,
20158483,오빠생각,이한,10058005,남자,,,,,,,,,
20158526,문영 단편,김소연,20222448,여자,,,,,,,,,
20158682,꾸루꾸루와 친구들: 무지개 나무의 비밀,문제대,10026803,남자,,,,,,,,,
20158701,세상끝의 사랑,김인식,10005426,남자,,,,,,,,,
20158742,울보,이진우,20122905,남자,,,,,,,,,
20158743,눈이라도 내렸으면,장희철,10060684,남자,,,,,,,,,
20158744,짐작보다 따뜻하게,이상민,20150940,남자,,,,,,,,,
20158795,해에게서 소년에게,안슬기,10043558,남자,,,,,,,,,
20158799,눈길,이나정,20208386,여자,,,,,,,,,
20158821,삼례,이현정,20168120,여자,,,,,,,,,
20158822,설행_눈길을 걷다,김희정,10006553,여자,,,,,,,,,
20158824,프랑스 영화처럼,신연식,10040499,남자,,,,,,,,,
20158951,순교,김상철,10004440,남자,,,,,,,,,
20158982,트릭,이창열,20225826,남자,,,,,,,,,
20159002,서태지밴드 콘서트투어 '콰이어트나이트',서태지,10035656,남자,,,,,,,,,
20159161,마돈나,신수원,10040434,여자,,,,,,,,,
20159286,연애담,이현주,20187945,여자,,,,,,,,,
20159447,레나,김도원,20234306,남자,,,,,,,,,
20159627,사돈의 팔촌,장현상,20172723,남자,,,,,,,,,
20159641,위대한 소원,남대중,20209287,남자,,,,,,,,,
20159643,글로리데이,최정열,20112573,남자,,,,,,,,,
20159644,봉이 김선달,박대민,10028545,남자,,,,,,,,,
20159645,특별수사: 사형수의 편지,권종관,10002517,남자,,,,,,,,,
20159646,밀정,김지운,10005852,남자,,,,,,,,,
20159647,리얼,이사랑,20254349,남자,,,,,,,,,
20159648,"고산자, 대동여지도",강우석,10000783,남자,,,,,,,,,
20159657,최강전사 미니특공대: 영웅의 탄생,이영준,20186877,남자,,,,,,,,,
20159772,수색역,최승연,20175840,남자,,,,,,,,,
20160041,인천상륙작전 : 익스텐디드 에디션(확장판),이재한,10057235,남자,,,,,,,,,
20160465,메리 크리스마스 미스터 모,임대형,20189542,남자,,,,,,,,,
20160472,두 남자,이성태,20244789,남자,,,,,,,,,
20160477,나의 연기 워크샵,안선경,10043363,여자,,,,,,,,,
20160483,꿈의 제인,조현훈,20244811,남자,,,,,,,,,
20160484,누에치던 방,이완민,10056778,여자,,,,,,,,,
20160503,분장,남연우,20166701,남자,,,,,,,,,
20160504,"춘천, 춘천",장우진,20166880,남자,,,,,,,,,
20160522,아기와 나,손태겸,20112723,남자,,,,,,,,,
20160746,파밍 보이즈,장세정,20177901,여자,변시연,20189617,여자,강호준,20189616,남자,,,
20161364,귀향,조정래,10066934,남자,,,,,,,,,
20161366,"그래, 가족",마대윤,10021332,남자,,,,,,,,,
20161589,죽여주는 여자,이재용,10057210,남자,,,,,,,,,
20161603,순종,이주훈,20246329,남자,김동민,20246309,남자,,,,,,
20161681,미옥,이안규,10056570,남자,,,,,,,,,
20161694,"제자도 - 제자,옥한흠2",김상철,10004440,남자,,,,,,,,,
20161701,위켄즈,이동하,20231946,남자,,,,,,,,,
20161722,히야,김지연,20140497,여자,,,,,,,,,
20161723,싱글라이더,이주영,20232106,여자,,,,,,,,,
20161724,스타박'스 다방,이상우,20111446,남자,,,,,,,,,
20161725,마스터,조의석,10066810,남자,,,,,,,,,
20161726,임금님의 사건수첩,문현성,20125803,남자,,,,,,,,,
20161762,반드시 잡는다,김홍선,20125826,남자,,,,,,,,,
20161806,비치온더비치,정가영,20237286,여자,,,,,,,,,
20161923,시간위의 집,임대웅,10058504,남자,,,,,,,,,
20161961,나는 증인이다,안상훈,20111254,남자,,,,,,,,,
20162022,대결,신재호,20111176,남자,,,,,,,,,
20162140,려행,임흥순,20120501,남자,,,,,,,,,
20162181,프리즌,나현,10007424,남자,,,,,,,,,
20162242,우주의 크리스마스,김경형,10003582,남자,,,,,,,,,
20162343,악녀,정병길,10061761,남자,,,,,,,,,
20162361,환절기,이동은,20233786,남자,,,,,,,,,
20162381,일사각오,권혁만,20195495,남자,고문안,20269333,남자,,,,,,
20162431,극장판 프랭키와 친구들: 생명의 나무,박정오,20134495,남자,,,,,,,,,
20162442,청년경찰,김주환,20112387,남자,,,,,,,,,
20162461,다이노X 탐험대,이동희,20234026,남자,,,,,,,,,
20162541,춘몽,장률,10060143,남자,,,,,,,,,
20162545,"무현, 두 도시 이야기",전인환,20153728,남자,,,,,,,,,
20162546,워킹 스트리트,이상우,20111446,남자,,,,,,,,,
20162608,나의 살던 고향은,류종헌,20247050,남자,,,,,,,,,
20162684,탐욕의 별,공귀현,20112654,남자,,,,,,,,,
20162704,극장판 안녕 자두야,손석우,20234506,남자,,,,,,,,,
20162722,보안관,김형주,20131894,남자,,,,,,,,,
20162871,특별시민,박인제,20110676,남자,,,,,,,,,
20162927,오 마이 파파,박혁지,20187247,남자,,,,,,,,,
20162969,물숨,고희영,20193079,여자,,,,,,,,,
20162970,폭력의 법칙: 나쁜 피 두 번째 이야기,강효진,10000970,남자,,,,,,,,,
20162971,노후 대책 없다,이동우,20235006,남자,,,,,,,,,
20162972,델타 보이즈,고봉수,20210668,남자,,,,,,,,,
20162979,마담 B,윤재호,20153456,남자,,,,,,,,,
20162983,운동회,김진태,20182343,남자,,,,,,,,,
20163011,우리 손자 베스트,김수현,10004779,남자,,,,,,,,,
20163014,7년-그들이 없는 언론,김진혁,20235147,남자,,,,,,,,,
20163019,장기왕 : 가락시장 레볼루션,정다원,20186696,남자,,,,,,,,,
20163041,자백,최승호,20235206,남자,,,,,,,,,
20163098,카이: 거울 호수의 전설,이성강,10055997,남자,,,,,,,,,
20163218,위선자들: 감독판,김진홍,10005961,남자,,,,,,,,,
20163285,드롭박스,브라이언 아이비,20235766,남자,,,,,,,,,
20163521,스플릿,최국희,10072117,남자,,,,,,,,,
20163842,사월의 끝,김광복,20251849,남자,,,,,,,,,
20163845,터닝메카드W: 블랙미러의 부활,김석원,20188062,남자,홍헌표,20251869,남자,,,,,,
20163906,아들에게 가는 길,최낙권,10072560,남자,,,,,,,,,
20164041,고려 아리랑: 천산의 디바,김소영,10004709,여자,,,,,,,,,
20164048,22,궈커,20237066,남자,,,,,,,,,
20164174,브이아이피,박훈정,10029578,남자,,,,,,,,,
20164389,엄마의 공책,김성호,10004652,남자,,,,,,,,,
20164424,대장 김창수,이원태,20131414,남자,,,,,,,,,
20164481,유리정원,신수원,10040434,여자,,,,,,,,,
20164527,부릉! 부릉! 브루미즈: 스피더의 모험 일기,이영준,20186877,남자,,,,,,,,,
20164643,재꽃,박석영,20191486,남자,,,,,,,,,
20164844,불한당: 나쁜 놈들의 세상,변성현,10031356,남자,,,,,,,,,
20164859,여자들,이상덕,20255105,남자,,,,,,,,,
20165001,더 테이블,김종관,10005660,남자,,,,,,,,,
20165042,빅뱅 메이드,변진호,20238366,남자,,,,,,,,,
20165045,머니백,허준형,20238387,여자,,,,,,,,,
20165444,괴물들,김백준,10004249,남자,,,,,,,,,
20165450,남한산성,황동혁,10090050,남자,,,,,,,,,
20165521,극장판 프리즘스톤 올스타 셀렉션,김영범,20256529,남자,,,,,,,,,
20165562,소녀의 세계,안정민,20238968,남자,,,,,,,,,
20165748,꾼,장창원,20148100,남자,,,,,,,,,
20165961,슈퍼 프렌즈,이경호,20111323,남자,이원재,20239406,남자,,,,,,
20165981,파워배틀 와치카 미니카 배틀리그: 불꽃의 질주,이영준,20186877,남자,,,,,,,,,
20166083,천화,민병국,10027793,남자,,,,,,,,,
20166127,그랜드파더,이서,10055931,남자,,,,,,,,,
20166132,김광석,이상호,20191566,남자,,,,,,,,,
20166301,썬키스 패밀리,김지혜,20239886,여자,,,,,,,,,
20166421,재심,김태윤,10006129,남자,,,,,,,,,
20166422,커피 메이트,이현하,20239946,남자,,,,,,,,,
20166541,달빛궁궐,김현주,20240026,여자,,,,,,,,,
20166602,그대 이름은 장미,조석현,20130878,남자,,,,,,,,,
20167007,살인소설,김진묵,10005905,남자,,,,,,,,,
20167148,"컴, 투게더",신동일,20111178,남자,,,,,,,,,
20167301,아가씨(확장판),박찬욱,10029381,남자,,,,,,,,,
20167821,시간의 종말,김대현,20167301,남자,,,,,,,,,
20167829,마차 타고 고래고래,안재석,20138632,남자,,,,,,,,,
20167867,그물,김기덕,10003696,남자,,,,,,,,,
20167901,어느날,이윤기,10056949,남자,,,,,,,,,
20167902,보통사람,김봉한,10004369,남자,,,,,,,,,
20167903,원더풀 고스트,조원희,10066770,남자,,,,,,,,,
20167905,비정규직 특수요원,김덕수,10003883,남자,,,,,,,,,
20168041,용순,신준,20188787,남자,,,,,,,,,
20168161,1급기밀,홍기선,10089413,남자,,,,,,,,,
20168250,골든슬럼버,노동석,10007941,남자,,,,,,,,,
20168323,염력,연상호,10049814,남자,,,,,,,,,
20168668,레이디버그,장성,20275130,남자,,,,,,,,,
20168754,7호실,이용승,20112022,남자,,,,,,,,,
20168773,마약왕,우민호,20111283,남자,,,,,,,,,
20169269,올 리브 올리브,김태일,10006136,남자,주로미,10068997,여자,,,,,,
20169270,안녕 히어로,한영희,10087658,여자,,,,,,,,,
20169348,대립군,정윤철,10062089,남자,,,,,,,,,
20169443,공동정범,김일란,10005439,여자,이혁상,10058080,남자,,,,,,
20169463,다시 태어나도 우리,문창용,20243709,남자,전진,20243710,여자,,,,,,
20169643,침묵,정지우,10062256,남자,,,,,,,,,
20169730,당신자신과 당신의 것,홍상수,10089497,남자,,,,,,,,,
20170003,소나기,안재훈,20111258,남자,,,,,,,,,
20170163,밤섬해적단 서울불바다,정윤석,10062080,남자,,,,,,,,,
20170247,"무현, 두 도시 이야기 : 파이널 컷",전인환,20153728,남자,,,,,,,,,
20170272,산상수훈,유영의,20281369,여자,,,,,,,,,
20170402,강철비,양우석,20167784,남자,,,,,,,,,
20170422,바나나쏭의 기적,지혜원,20280669,여자,송우용,20301809,남자,,,,,,
20170442,련희와 연희,최종구,10072715,남자,손병조,20280671,남자,,,,,,
20170513,동네사람들,임진순,10058831,남자,,,,,,,,,
20170590,1987,장준환,10060507,남자,,,,,,,,,
20170658,PMC: 더 벙커,김병우,10004291,남자,,,,,,,,,
20170669,지금 만나러 갑니다,이장훈,20280830,남자,,,,,,,,,
20170670,목격자,조규장,10065265,남자,,,,,,,,,
20170841,리틀 포레스트,임순례,10058650,여자,,,,,,,,,
20170942,인랑,김지운,10005852,남자,,,,,,,,,
20171164,"귀향, 끝나지 않은 이야기",조정래,10066934,남자,,,,,,,,,
20171681,박화영,이환,10058251,남자,,,,,,,,,
20171817,넛잡 2,캘런 브런커,20187750,남자,,,,,,,,,
20171923,저수지 게임,최진성,10072781,남자,,,,,,,,,
20172204,명당,박희곤,10029586,남자,,,,,,,,,
20172244,치즈인더트랩,김제영,10005652,남자,,,,,,,,,
20172381,"다시, 벚꽃",유해진,20274629,남자,,,,,,,,,
20172388,집의 시간들,라야,20281789,여자,,,,,,,,,
20172404,올드마린보이,진모영,20179941,남자,,,,,,,,,
20172405,카운터스,이일하,20281769,남자,,,,,,,,,
20172469,허스토리,민규동,10027774,남자,,,,,,,,,
20172601,만담강호,오인용,10050699,남자,,,,,,,,,
20172602,홈,김종우,20197151,남자,,,,,,,,,
20172603,부라더,장유정,20110174,여자,,,,,,,,,
20172641,마리안느와 마가렛,윤세영,20274889,남자,,,,,,,,,
20172642,여배우는 오늘도,문소리,10026732,여자,,,,,,,,,
20172742,범죄도시,강윤성,20135271,남자,,,,,,,,,
20172964,이웃집 스타,김성욱,10004610,남자,,,,,,,,,
20173061,슈퍼 빼꼼: 스파이 대작전,임아론,10058661,남자,,,,,,,,,
20173202,버닝,이창동,10057659,남자,,,,,,,,,
20173301,"서서평, 천천히 평온하게",홍주연,20275649,여자,홍현정,20134752,여자,,,,,,
20173383,불빛 아래서,조이예환,20275709,남자,,,,,,,,,
20173581,기억의 밤,장항준,10060606,남자,,,,,,,,,
20173612,메소드,방은진,10029969,여자,,,,,,,,,
20173732,살아남은 아이,신동석,10040293,남자,,,,,,,,,
20173734,죄 많은 소녀,김의석,20113602,남자,,,,,,,,,
20173826,구세주: 리턴즈,송창용,10037252,남자,,,,,,,,,
20173865,데자뷰,고경민,20283049,남자,,,,,,,,,
20173903,역모-반란의 시대,김홍선,20283069,남자,,,,,,,,,
20173932,로마서 8:37,신연식,10040499,남자,,,,,,,,,
20173962,소공녀,전고운,20112542,여자,,,,,,,,,
20173991,얼굴들,이강현,10054718,남자,,,,,,,,,
20173993,이월,김중현,10005808,남자,,,,,,,,,
20173995,타클라마칸,고은기,10001718,남자,,,,,,,,,
20174008,인어전설,오멸,10050307,남자,,,,,,,,,
20174010,호랑이보다 무서운 겨울손님,이광국,10054828,남자,,,,,,,,,
20174042,히치하이크,정희재,20186944,여자,,,,,,,,,
20174142,아이 캔 스피크,김현석,10006261,남자,,,,,,,,,
20174164,지렁이,윤학렬,10054571,남자,,,,,,,,,
20174165,극장판 또봇: 로봇군단의 습격,이달,10055080,남자,고동우,20276549,남자,,,,,,
20174169,기묘한 가족,이민재,20111087,남자,,,,,,,,,
20174199,실종2,조성규,10065915,남자,,,,,,,,,
20174243,직지코드,우광훈,20276650,남자,데이빗 레드먼,10084959,남자,,,,,,
20174244,버블 패밀리,마민지,20276651,여자,,,,,,,,,
20174264,샘,황규일,20166961,남자,,,,,,,,,
20174265,수성못,유지영,20187943,여자,,,,,,,,,
20174281,파란나비효과,박문칠,10028610,남자,,,,,,,,,
20174283,"1991, 봄",권경원,20128942,남자,,,,,,,,,
20174284,굿바이 마이 러브NK: 붉은 청춘,김소영,10004709,여자,,,,,,,,,
20174301,폭력의 씨앗,임태규,20184484,남자,,,,,,,,,
20174323,B급 며느리,선호빈,20112324,남자,,,,,,,,,
20174348,소성리,박배일,20100687,남자,,,,,,,,,
20174369,변산,이준익,10057485,남자,,,,,,,,,
20174442,뷰티풀 데이즈,윤재호,20153456,남자,,,,,,,,,
20174561,더 플랜,최진성,10072781,남자,,,,,,,,,
20174601,초행,김대환,20191466,남자,,,,,,,,,
20174602,노무현입니다,이창재,10057682,남자,,,,,,,,,
20174641,가을 우체국,임왕태,20113788,남자,,,,,,,,,
20174644,길,정인봉,10062136,남자,,,,,,,,,
20174645,미스 프레지던트,김재환,20113064,남자,,,,,,,,,
20174647,튼튼이의 모험,고봉수,20210668,남자,,,,,,,,,
20174663,돌아온다,허철,20114576,남자,,,,,,,,,
20174846,뽀로로 극장판 공룡섬 대모험,김현호,20167741,남자,윤제완,20186442,남자,,,,,,
20174981,창궐,김성훈,20128773,남자,,,,,,,,,
20174983,고향이 어디세요,정수웅,20283889,남자,,,,,,,,,
20175021,쇠파리,안철호,20111272,남자,,,,,,,,,
20175046,파파 오랑후탄,이성관,20302489,남자,,,,,,,,,
20175047,아이엠 호프맨,나현태,20284869,남자,,,,,,,,,
20175208,뷰티풀 투모로우,장재혁,10060461,남자,,,,,,,,,
20175407,우상,이수진,10056161,남자,,,,,,,,,
20175441,채비,조영준,20153388,남자,,,,,,,,,
20175484,살인자의 기억법 : 새로운 기억,원신연,20111284,남자,,,,,,,,,
20175547,스윙키즈,강형철,10000946,남자,,,,,,,,,
20175581,파워배틀 와치카: 와치가면의 역습,이영준,20186877,남자,김래경,20292889,,,,,,,
20175587,나비잠,정재은,10062188,여자,,,,,,,,,
20175601,나는 고양이로소이다,조은성,10066798,남자,,,,,,,,,
20175830,돌아와요 부산항애(愛),박희준,20111012,남자,,,,,,,,,
20176006,국경의 왕,임정환,20189066,남자,,,,,,,,,
20176025,해원,구자환,10002241,남자,,,,,,,,,
20176026,소은이의 무릎,최헌규,10072863,남자,,,,,,,,,
20176041,바람의 춤꾼,최상진,20277570,남자,,,,,,,,,
20176061,푸른노을,박규식,10028475,남자,,,,,,,,,
20176101,클레어의 카메라,홍상수,10089497,남자,,,,,,,,,
20176102,그 후,홍상수,10089497,남자,,,,,,,,,
20176103,돈,박누리,20151353,여자,,,,,,,,,
20176104,그것만이 내 세상,최성현,20174301,남자,,,,,,,,,
20176121,흥부: 글로 세상을 바꾼 자,조근현,10065272,남자,,,,,,,,,
20176122,안시성,김광식,10003620,남자,,,,,,,,,
20176251,내안의 그놈,강효진,10000970,남자,,,,,,,,,
20176442,자전차왕 엄복동,김유성,10005243,남자,,,,,,,,,
20176769,광인옥한흠,김상철,10004440,남자,,,,,,,,,
20177005,레슬러,김대웅,20287367,남자,,,,,,,,,
20177063,군함도 감독판,류승완,10019069,남자,,,,,,,,,
20177081,드래곤빌리지<화이트니스타운을 구하라>,민경호,20278329,남자,,,,,,,,,
20177223,청춘 합창단 - 또 하나의 꿈,이혁종,20188290,남자,안정민,20288204,남자,,,,,,
20177266,나를 기억해,이한욱,20178069,남자,,,,,,,,,
20177308,협상,이종석,20114792,남자,,,,,,,,,
20177341,영주,차성덕,10071129,여자,,,,,,,,,
20177342,내게 남은 사랑을,진광교,10070411,남자,,,,,,,,,
20177534,식구,임영훈,20218851,남자,,,,,,,,,
20177537,상류사회,변혁,10031397,남자,,,,,,,,,
20177538,완벽한 타인,이재규,20111735,남자,,,,,,,,,
20177539,사바하,장재현,10060462,남자,,,,,,,,,
20177552,국가부도의 날,최국희,10072117,남자,,,,,,,,,
20177962,당신의 부탁,이동은,20233786,남자,,,,,,,,,
20177981,밤치기,정가영,20237286,여자,,,,,,,,,
20178161,탐정: 리턴즈,이언희,10056602,여자,,,,,,,,,
20178190,"이,기적인 남자",김재식,20181371,남자,,,,,,,,,
20178461,내 친구 정일우,김동원,10003970,남자,,,,,,,,,
20178647,땐뽀걸즈,이승문,20281229,남자,,,,,,,,,
20178781,사라진 밤,이창희,20166555,남자,,,,,,,,,
20178941,시인의 사랑,김양희,10004904,여자,,,,,,,,,
20178982,박열,이준익,10057485,남자,,,,,,,,,
20179006,여곡성,유영선,20157236,남자,,,,,,,,,
20179039,퍼즐,임진승,20124877,남자,,,,,,,,,
20179101,공작,윤종빈,10054495,남자,,,,,,,,,
20179123,어둔 밤,심찬양,20171301,남자,,,,,,,,,
20179163,반도에 살어리랏다,이용선,20168440,남자,,,,,,,,,
20179187,공범자들,최승호,20235206,남자,,,,,,,,,
20179189,암수살인,김태균,10006086,남자,,,,,,,,,
20179205,조선명탐정: 흡혈괴마의 비밀,김석윤,10004484,남자,,,,,,,,,
20179230,도어락,이권,10054870,남자,,,,,,,,,
20179383,독전,이해영,10058049,남자,,,,,,,,,
20179407,로마의 휴일,이덕희,20111036,남자,,,,,,,,,
20179442,밤의 해변에서 혼자,홍상수,10089497,남자,,,,,,,,,
20180063,라라,한상희,10087516,남자,,,,,,,,,
20180282,속닥속닥,최상훈,10072304,남자,,,,,,,,,
20180321,기생-꽃의 고백,임혁,20299714,남자,홍태선,20299732,남자,,,,,,
20180361,귀신의 향기,이준학,20299851,남자,,,,,,,,,
20180401,풀잎들,홍상수,10089497,남자,,,,,,,,,
20180442,사자,김주환,20112387,남자,,,,,,,,,
20180803,행복의 나라,정민규,20113287,남자,,,,,,,,,
20180804,곤지암,정범식,10061758,남자,,,,,,,,,
20180825,미성년,김윤석,10005276,남자,,,,,,,,,
20180868,뺑반,한준희,20183664,남자,,,,,,,,,
20181086,군산: 거위를 노래하다,장률,10060143,남자,,,,,,,,,
20181103,벌새,김보라,20110847,여자,,,,,,,,,
20181104,김군,강상우,20193013,남자,,,,,,,,,
20181142,늦여름,조성규,10065915,남자,,,,,,,,,
20181198,보희와 녹양,안주영,20191668,여자,,,,,,,,,
20181366,미니특공대X,이영준,20186877,남자,,,,,,,,,
20181416,유열의 음악앨범,정지우,10062256,남자,,,,,,,,,
20181561,덕구,방수인,20302149,여자,,,,,,,,,
20181570,오장군의 발톱,김재한,20127650,남자,,,,,,,,,
20181603,무문관,박대원,20302389,남자,,,,,,,,,
20181741,예스 평창!,백철기,20302329,남자,,,,,,,,,
20181821,어른도감,김인선,20187958,여자,,,,,,,,,
20181876,"안녕, 나의 소녀 시절이여",김한석,20311191,남자,,,,,,,,,
20182021,번개맨과 신비의 섬,김지열,20302509,남자,,,,,,,,,
20182065,대관람차,백재호,20177441,남자,이희섭,20153480,남자,,,,,,
20182221,스파키,아론 우들리,10040004,남자,,,,,,,,,
20182241,"안녕, 티라노: 영원히, 함께",시즈노 코분,20113482,남자,,,,,,,,,
20182279,더 블랙,이마리오,10055302,남자,,,,,,,,,
20182323,임을 위한 행진곡,박기복,20302749,남자,,,,,,,,,
20182352,"그날, 바다",김지영,20302876,남자,,,,,,,,,
20182490,나랏말싸미,조철현,10067370,남자,,,,,,,,,
20182501,왓칭,김성기,20302929,남자,,,,,,,,,
20182530,극한직업,이병헌,20125862,남자,,,,,,,,,
20182585,비스트,이정호,10057331,남자,,,,,,,,,
20182889,왕을 참하라 무삭제판,김재수,10005493,남자,,,,,,,,,
20182935,출국,노규엽,20139889,남자,,,,,,,,,
20182981,리벤져,이승원,20302369,남자,,,,,,,,,
20183001,옹알스,차인표,10071183,남자,전혜림,20303290,여자,,,,,,
20183050,번 더 스테이지: 더 무비,박준수,20311772,남자,,,,,,,,,
20183085,질투의 역사,정인봉,10062136,남자,,,,,,,,,
20183096,생일,이종언,20159971,여자,,,,,,,,,
20183132,사랑의 선물,김규민,20113483,남자,,,,,,,,,
20183343,메이트,정대건,20187957,남자,,,,,,,,,
20183345,한강에게,박근영,20218645,남자,,,,,,,,,
20183364,내가 사는 세상,최창환,10072813,남자,,,,,,,,,
20183374,파도치는 땅,임태규,20184484,남자,,,,,,,,,
20183381,5.18 힌츠페터 스토리,장영주,20303829,남자,,,,,,,,,
20183382,예수보다 낯선,여균동,10049723,남자,,,,,,,,,
20183384,서산개척단,이조훈,20303810,남자,정승현,20189538,남자,,,,,,
20183386,나부야 나부야,최정우,20303850,남자,,,,,,,,,
20183390,다영씨,고봉수,20210668,남자,,,,,,,,,
20183423,오목소녀,백승화,10030331,남자,,,,,,,,,
20183495,리스펙트,심재희,20311912,남자,,,,,,,,,
20183502,다이빙벨 그후,이상호,20191566,남자,,,,,,,,,
20183650,번개맨의 비밀,강유선,20311974,여자,,,,,,,,,
20183745,런닝맨 : 풀룰루의 역습,윤준상,10054516,남자,,,,,,,,,
20183782,기생충,봉준호,10031641,남자,,,,,,,,,
20183785,점박이 한반도의 공룡2 : 새로운 낙원,한상호,20312035,남자,,,,,,,,,
20183915,극장판 공룡메카드: 타이니소어의 섬,유재운,20152146,남자,최신규,20306533,남자,,,,,,
20184082,걸캅스,정다원,20186696,남자,,,,,,,,,
20184101,여중생A,이경섭,20113175,남자,,,,,,,,,
20184105,말모이,엄유나,20187477,여자,,,,,,,,,
20184187,언니,임경택,10058467,남자,,,,,,,,,
20184462,봉오동 전투,원신연,20111284,남자,,,,,,,,,
20184481,성난황소,김민호,20304809,남자,,,,,,,,,
20184543,변신,김홍선,20125826,남자,,,,,,,,,
20184621,엑시트,이상근,20111926,남자,,,,,,,,,
20184642,어른이 되면,장혜영,20304969,여자,,,,,,,,,
20184678,배반의 장미,박진영,20305089,남자,,,,,,,,,
20184961,에움길,이승현,20254749,남자,,,,,,,,,
20184981,남자와 여자,주목,20305310,남자,,,,,,,,,
20185242,신비아파트: 금빛 도깨비와 비밀의 동굴,김병갑,10004265,남자,,,,,,,,,
20185341,마녀,박훈정,10029578,남자,,,,,,,,,
20185350,칠곡 가시나들,김재환,20113064,남자,,,,,,,,,
20185353,기방도령,남대중,20209287,남자,,,,,,,,,
20185478,극장판 헬로카봇: 옴파로스 섬의 비밀,김진철,20306433,남자,최신규,20306533,남자,,,,,,
20185484,안나 카레니나,신예지,20306569,여자,,,,,,,,,
20185784,나의 특별한 형제,육상효,10054185,남자,,,,,,,,,
20185881,증인,이한,10058005,남자,,,,,,,,,
20185985,광대들: 풍문조작단,김주호,20030155,남자,,,,,,,,,
20185986,진범,고정욱,20148215,남자,,,,,,,,,
20186202,신과함께-인과 연,김용화,10005151,남자,,,,,,,,,
20186324,언더독,오성윤,20112890,남자,이춘백,10057737,남자,,,,,,
20186501,극장판 헬로카봇 : 백악기 시대,최신규,20306533,남자,김진철,20306433,남자,,,,,,
20186645,밤의 문이 열린다,유은정,20152055,여자,,,,,,,,,
20186651,뷰티풀 보이스,김선웅,20191506,남자,,,,,,,,,
20186652,오늘도 평화로운,백승기,20120681,남자,,,,,,,,,
20187301,선희와 슬기,박영주,20183969,여자,,,,,,,,,
20187303,하나식당,최낙희,20307149,남자,,,,,,,,,
20187682,해적왕 작스톰,필립 귀엔,10085389,남자,,,,,,,,,
20187981,배심원들,홍승완,20314390,남자,,,,,,,,,
20188042,독전: 익스텐디드 컷,이해영,10058049,남자,,,,,,,,,
20188083,뷰티플 마인드,손미,20123666,여자,류장하,10019097,남자,,,,,,
20188117,강변호텔,홍상수,10089497,남자,,,,,,,,,
20188144,0.0MHz,유선동,10053709,남자,,,,,,,,,
20188393,"다시, 봄",정용주,10062013,남자,,,,,,,,,
20188404,암전,김진원,20112545,남자,,,,,,,,,
20188501,미친도시,장태령,10060574,남자,,,,,,,,,
20188941,악인전,이원태,20131414,남자,,,,,,,,,
20189067,미쓰백,이지원,10057572,여자,,,,,,,,,
20189281,폴란드로 간 아이들,추상미,10072962,여자,,,,,,,,,
20189649,시인 할매,이종은,20309320,남자,,,,,,,,,
20189663,게이트,신재호,20111176,남자,,,,,,,,,
20189746,극장판 뽀잉: 슈퍼 변신의 비밀,정미화,20309473,여자,,,,,,,,,
20189761,터닝메카드W: 반다인의 비밀 특별판,홍헌표,20251869,남자,,,,,,,,,
20189783,챔피언,김용완,20164846,남자,,,,,,,,,
20189802,나와 봄날의 약속,백승빈,20080184,남자,,,,,,,,,
20189803,막다른 골목의 추억,최현영,20111804,여자,,,,,,,,,
20189869,해피 투게더,김정환,20309609,남자,,,,,,,,,
20190470,이타미 준의 바다,정다운,20324792,여자,,,,,,,,,
20190703,우리집,윤가은,20113672,여자,,,,,,,,,
20190725,물의 기억,진재운,20123863,남자,,,,,,,,,
20190741,김복동,송원근,20324748,남자,,,,,,,,,
20191141,시민 노무현,백재호,20177441,남자,,,,,,,,,
20191744,노리개: 그녀의 눈물,최승호,10072432,남자,,,,,,,,,
20191845,난폭한 기록,하원준,10087180,남자,,,,,,,,,
20192689,별의 정원,원종식,10052513,남자,,,,,,,,,
20193013,극장판 샤이닝스타:새로운 루나퀸의 탄생!,정지훈,20326592,남자,박일호,20230846,남자,,,,,,
20193017,발광하는 현대사,조성규,10065915,남자,,,,,,,,,
20193275,브링 더 소울 : 더 무비,박준수,20311772,남자,,,,,,,,,
20193642,캐리tv 러브콘서트 더 무비,이민환,20327414,남자,정귀호,20327432,남자,,,,,,
20194044,공포체험단 곤지암편,정범식,10061758,남자,,,,,,,,,
20195791,"어쩌다, 결혼",박호찬,10029553,남자,박수진,20313092,여자,,,,,,
20196370,로드킬,이수성,10056145,남자,,,,,,,,,
20196881,1919유관순-그녀들의조국,신상민,20318581,여자,,,,,,,,,
20197092,로망,이창근,20316812,남자,,,,,,,,,
20197846,악질경찰,이정범,10057273,남자,,,,,,,,,
20198043,아픈 만큼 사랑한다,임준현,20136995,남자,,,,,,,,,
20198183,뽀로로 극장판 보물섬 대모험,윤창섭,20186450,남자,김현호,20167741,남자,,,,,,
20198323,레드슈즈,홍성호,10089591,남자,,,,,,,,,
20198453,롱 리브 더 킹: 목포 영웅,강윤성,20135271,남자,,,,,,,,,
20198597,교회오빠,이호경,20322109,남자,,,,,,,,,
20198829,굿바이 썸머,박주영,20323268,남자,,,,,,,,,
20198912,노무현과 바보들,김재희,20323667,남자,,,,,,,,,
20198982,크게 될 놈,강지은,10000873,남자,,,,,,,,,
20199448,어린 의뢰인,장규성,10060063,남자,,,,,,,,,