영화명,개봉n주차,주차관객수
한여름의 판타지아,-22,0
한여름의 판타지아,1,374
한여름의 판타지아,2,8719
한여름의 판타지아,3,7597
한여름의 판타지아,4,5424
한여름의 판타지아,5,6145
한여름의 판타지아,6,1967
한여름의 판타지아,7,1662
한여름의 판타지아,8,832
한여름의 판타지아,9,901
한여름의 판타지아,10,678
한여름의 판타지아,11,394
한여름의 판타지아,12,283
한여름의 판타지아,14,276
한여름의 판타지아,23,213
한여름의 판타지아,24,168
한여름의 판타지아,26,241
한여름의 판타지아,55,654
한여름의 판타지아,219,263
워킹걸,1,1853
워킹걸,2,128736
워킹걸,3,9304
워킹걸,4,744
워킹걸,5,180
워킹걸,6,11
미라클 여행기,1,1180
미라클 여행기,2,499
미라클 여행기,3,261
미라클 여행기,4,140
미라클 여행기,5,82
미라클 여행기,6,184
미라클 여행기,7,80
미라클 여행기,8,253
미라클 여행기,9,201
미라클 여행기,10,92
미라클 여행기,11,15
미라클 여행기,14,28
허삼관,1,7868
허삼관,2,683023
허삼관,3,200706
허삼관,4,56504
허삼관,5,6697
허삼관,6,255
허삼관,9,122
허삼관,16,336
허삼관,63,383
설해,1,894
설해,2,1622
설해,3,239
고양이 장례식,0,990
고양이 장례식,1,430
고양이 장례식,2,1201
강남 1970,-1,0
강남 1970,1,10822
강남 1970,2,1181820
강남 1970,3,673192
강남 1970,4,256776
강남 1970,5,55152
강남 1970,6,9660
강남 1970,7,1729
강남 1970,8,1067
강남 1970,9,965
강남 1970,12,889
오늘의 연애,1,7684
오늘의 연애,2,1145146
오늘의 연애,3,478118
오늘의 연애,4,202268
오늘의 연애,5,54366
오늘의 연애,6,4189
오늘의 연애,7,183
오늘의 연애,8,26
오늘의 연애,9,13
생각보다 맑은,1,952
생각보다 맑은,2,1623
생각보다 맑은,3,675
생각보다 맑은,4,242
생각보다 맑은,5,186
생각보다 맑은,6,170
생각보다 맑은,7,24
레드 툼,1,25
레드 툼,2,1342
레드 툼,3,489
레드 툼,4,202
레드 툼,5,80
레드 툼,11,273
레드 툼,14,1
꽃보다 처녀귀신,1,0
꽃보다 처녀귀신,2,1192
내 심장을 쏴라,0,673
내 심장을 쏴라,1,3296
내 심장을 쏴라,2,315675
내 심장을 쏴라,3,62964
내 심장을 쏴라,4,3646
내 심장을 쏴라,5,1051
쎄시봉,-1,0
쎄시봉,0,6641
쎄시봉,1,4806
쎄시봉,2,822715
쎄시봉,3,392121
쎄시봉,4,422975
쎄시봉,5,57014
쎄시봉,6,5574
쎄시봉,7,934
쎄시봉,14,1593
어우동: 주인 없는 꽃,1,2360
어우동: 주인 없는 꽃,2,7227
어우동: 주인 없는 꽃,3,1547
어우동: 주인 없는 꽃,4,833
어우동: 주인 없는 꽃,5,28
어우동: 주인 없는 꽃,7,196
망원동 인공위성,0,108
망원동 인공위성,1,667
망원동 인공위성,2,792
망원동 인공위성,3,314
망원동 인공위성,4,420
망원동 인공위성,5,135
망원동 인공위성,6,103
망원동 인공위성,9,20
최강전사 미니특공대 : 새로운 악당의 습격,1,1006
최강전사 미니특공대 : 새로운 악당의 습격,2,90685
최강전사 미니특공대 : 새로운 악당의 습격,3,36021
최강전사 미니특공대 : 새로운 악당의 습격,4,22381
최강전사 미니특공대 : 새로운 악당의 습격,5,4324
최강전사 미니특공대 : 새로운 악당의 습격,6,753
최강전사 미니특공대 : 새로운 악당의 습격,144,179
최강전사 미니특공대 : 새로운 악당의 습격,147,70
최강전사 미니특공대 : 새로운 악당의 습격,167,18
최강전사 미니특공대 : 새로운 악당의 습격,180,61
조선명탐정 : 사라진 놉의 딸,0,2894
조선명탐정 : 사라진 놉의 딸,1,5308
조선명탐정 : 사라진 놉의 딸,2,1199134
조선명탐정 : 사라진 놉의 딸,3,2083459
조선명탐정 : 사라진 놉의 딸,4,432951
조선명탐정 : 사라진 놉의 딸,5,123612
조선명탐정 : 사라진 놉의 딸,6,22280
조선명탐정 : 사라진 놉의 딸,7,1847
꿈보다 해몽,0,463
꿈보다 해몽,1,313
꿈보다 해몽,2,1911
꿈보다 해몽,3,918
꿈보다 해몽,4,250
꿈보다 해몽,5,133
꿈보다 해몽,6,51
꿈보다 해몽,7,18
개: dog eat dog,-3,0
개: dog eat dog,1,409
개: dog eat dog,2,1017
개: dog eat dog,3,64
개: dog eat dog,4,9
밀양 아리랑,-1,33
밀양 아리랑,1,420
밀양 아리랑,2,1031
밀양 아리랑,3,645
밀양 아리랑,4,128
밀양 아리랑,7,176
밀양 아리랑,9,147
밀양 아리랑,13,126
밀양 아리랑,28,164
그림자들의 섬,-48,20
그림자들의 섬,-43,12
그림자들의 섬,0,412
그림자들의 섬,1,231
그림자들의 섬,2,683
그림자들의 섬,3,795
그림자들의 섬,4,543
그림자들의 섬,5,342
그림자들의 섬,6,598
명령불복종 교사,0,83
명령불복종 교사,1,110
명령불복종 교사,2,543
명령불복종 교사,3,426
명령불복종 교사,9,276
명령불복종 교사,18,100
소셜포비아,0,1450
소셜포비아,1,2996
소셜포비아,2,181394
소셜포비아,3,55463
소셜포비아,4,6682
소셜포비아,5,738
소셜포비아,6,127
소셜포비아,7,159
소셜포비아,42,557
소셜포비아,43,243
소셜포비아,44,135
소셜포비아,50,153
소셜포비아,78,985
소셜포비아,79,50
기화,1,471
기화,2,255
헬머니,-2,0
헬머니,0,238
헬머니,1,3666
헬머니,2,316343
헬머니,3,132223
헬머니,4,54107
헬머니,5,14410
헬머니,6,1740
헬머니,7,160
조류인간,1,592
조류인간,2,1005
조류인간,3,509
조류인간,4,439
조류인간,6,74
순수의 시대,1,10127
순수의 시대,2,392734
순수의 시대,3,60755
순수의 시대,4,5210
순수의 시대,5,938
순수의 시대,60,141
사랑이 이긴다,-4,129
사랑이 이긴다,1,3127
사랑이 이긴다,2,8335
사랑이 이긴다,3,1100
사랑이 이긴다,4,323
사랑이 이긴다,6,1257
사랑이 이긴다,9,322
사랑이 이긴다,10,145
화장,-2,884
화장,1,5046
화장,2,91623
화장,3,36784
화장,4,4916
화장,5,2518
화장,6,397
화장,7,150
화장,8,25
화장,51,39
산다,1,1384
산다,2,1533
산다,3,601
산다,4,321
산다,5,92
산다,6,23
살인의뢰,0,1540
살인의뢰,1,4819
살인의뢰,2,608687
살인의뢰,3,202579
살인의뢰,4,31517
살인의뢰,5,1361
살인의뢰,6,2847
살인의뢰,8,2570
그라운드의 이방인,1,971
그라운드의 이방인,2,1373
그라운드의 이방인,3,516
그라운드의 이방인,4,557
스물,-2,0
스물,0,11174
스물,1,7327
스물,2,1333337
스물,3,970857
스물,4,447822
스물,5,225657
스물,6,41089
스물,7,4975
스물,8,1044
스물,9,384
스물,37,700
스물,39,224
스물,54,223
태양을 쏴라,1,389
태양을 쏴라,2,16953
파울볼,-1,540
파울볼,1,2273
파울볼,2,21805
파울볼,3,4614
파울볼,4,1070
파울볼,5,359
세계일주,1,1013
세계일주,2,2486
세계일주,3,663
세계일주,4,65
장수상회,-1,0
장수상회,0,5132
장수상회,1,11914
장수상회,2,476581
장수상회,3,403406
장수상회,4,147020
장수상회,5,64829
장수상회,6,40305
장수상회,7,8369
장수상회,8,3297
장수상회,9,1834
장수상회,11,402
장수상회,16,486
장수상회,66,2205
장수상회,160,269
장수상회,186,118
잡식가족의 딜레마,0,444
잡식가족의 딜레마,1,882
잡식가족의 딜레마,2,1280
잡식가족의 딜레마,3,1363
잡식가족의 딜레마,4,929
잡식가족의 딜레마,5,471
잡식가족의 딜레마,6,444
잡식가족의 딜레마,7,59
잡식가족의 딜레마,8,71
잡식가족의 딜레마,10,132
잡식가족의 딜레마,15,76
잡식가족의 딜레마,116,304
소꿉놀이,1,1128
소꿉놀이,2,379
소꿉놀이,3,154
소꿉놀이,4,166
소꿉놀이,18,200
소꿉놀이,107,88
약장수,1,3203
약장수,2,36628
약장수,3,1178
약장수,4,1210
약장수,5,322
약장수,6,450
약장수,7,107
약장수,8,160
맛있는 택배,1,0
맛있는 택배,2,4457
후쿠시마의 미래,1,110
후쿠시마의 미래,2,178
후쿠시마의 미래,3,97
후쿠시마의 미래,4,32
후쿠시마의 미래,232,329
검은손,1,326
검은손,3,11227
다이노 타임,1,1127
다이노 타임,2,193040
다이노 타임,3,48445
다이노 타임,4,32380
다이노 타임,5,6914
다이노 타임,6,966
다이노 타임,7,99
다이노 타임,8,98
다이노 타임,19,272
다이노 타임,20,271
다이노 타임,21,256
다이노 타임,26,34
다이노 타임,27,131
다이노 타임,28,41
다이노 타임,29,153
다이노 타임,30,155
다이노 타임,31,164
다이노 타임,32,159
다이노 타임,33,155
다이노 타임,81,56
다이노 타임,102,118
다이노 타임,103,15
반짝이는 박수 소리,1,572
반짝이는 박수 소리,2,1008
반짝이는 박수 소리,3,948
반짝이는 박수 소리,4,305
반짝이는 박수 소리,5,594
반짝이는 박수 소리,6,319
반짝이는 박수 소리,7,289
반짝이는 박수 소리,22,39
반짝이는 박수 소리,26,108
반짝이는 박수 소리,57,261
반짝이는 박수 소리,124,274
반짝이는 박수 소리,146,471
위험한 상견례 2,-1,0
위험한 상견례 2,1,5687
위험한 상견례 2,2,310457
위험한 상견례 2,3,119070
위험한 상견례 2,4,33523
위험한 상견례 2,5,3377
위험한 상견례 2,6,370
차이나타운,1,6348
차이나타운,2,853375
차이나타운,3,444358
차이나타운,4,141573
차이나타운,5,25008
차이나타운,6,958
차이나타운,7,293
차이나타운,8,78
차이나타운,35,39
차이나타운,43,100
차이나타운,44,17
명량: 회오리 바다를 향하여,-1,1759
명량: 회오리 바다를 향하여,1,1500
명량: 회오리 바다를 향하여,2,3617
명량: 회오리 바다를 향하여,3,760
명량: 회오리 바다를 향하여,4,350
플랑크 상수,1,380
플랑크 상수,2,115
플랑크 상수,3,39
연애의 맛,0,414
연애의 맛,1,1971
연애의 맛,2,180425
연애의 맛,3,29316
오늘영화,1,294
오늘영화,2,1211
오늘영화,3,559
오늘영화,5,233
악의 연대기,1,12711
악의 연대기,2,1109907
악의 연대기,3,716729
악의 연대기,4,252375
악의 연대기,5,74035
악의 연대기,6,24954
한강블루스,1,911
한강블루스,4,1036
간신,-1,0
간신,0,4866
간신,1,4081
간신,2,685319
간신,3,254227
간신,4,95087
간신,5,57921
간신,16,8745
간신,49,4
막걸스,-1,0
막걸스,1,1057
막걸스,2,811
막걸스,6,247
마이 페어 웨딩,-2,226
마이 페어 웨딩,-1,876
마이 페어 웨딩,0,830
마이 페어 웨딩,1,895
마이 페어 웨딩,2,804
마이 페어 웨딩,3,604
마이 페어 웨딩,4,133
마이 페어 웨딩,5,66
마이 페어 웨딩,6,26
무뢰한,-1,0
무뢰한,0,1831
무뢰한,1,6212
무뢰한,2,309605
무뢰한,3,68133
무뢰한,4,20358
무뢰한,5,5575
무뢰한,6,1863
무뢰한,7,619
무뢰한,8,227
무뢰한,9,194
코인라커,1,545
코인라커,2,334
코인라커,3,121
발광하는 현대사,1,407
고녀석 맛나겠다2 : 함께라서 행복해,0,56
고녀석 맛나겠다2 : 함께라서 행복해,1,1211
고녀석 맛나겠다2 : 함께라서 행복해,2,39958
고녀석 맛나겠다2 : 함께라서 행복해,3,8885
고녀석 맛나겠다2 : 함께라서 행복해,4,1637
고녀석 맛나겠다2 : 함께라서 행복해,5,1289
고녀석 맛나겠다2 : 함께라서 행복해,6,623
고녀석 맛나겠다2 : 함께라서 행복해,7,630
고녀석 맛나겠다2 : 함께라서 행복해,8,349
고녀석 맛나겠다2 : 함께라서 행복해,9,34
고녀석 맛나겠다2 : 함께라서 행복해,10,45
고녀석 맛나겠다2 : 함께라서 행복해,11,68
고녀석 맛나겠다2 : 함께라서 행복해,14,219
고녀석 맛나겠다2 : 함께라서 행복해,16,117
고녀석 맛나겠다2 : 함께라서 행복해,17,207
고녀석 맛나겠다2 : 함께라서 행복해,18,115
고녀석 맛나겠다2 : 함께라서 행복해,19,94
고녀석 맛나겠다2 : 함께라서 행복해,20,25
고녀석 맛나겠다2 : 함께라서 행복해,67,119
고녀석 맛나겠다2 : 함께라서 행복해,70,201
고녀석 맛나겠다2 : 함께라서 행복해,118,40
타이밍,0,810
타이밍,1,789
타이밍,2,34284
타이밍,3,1872
타이밍,21,700
타이밍,22,24
타이밍,23,36
타이밍,25,29
타이밍,26,80
은밀한 유혹,0,107
은밀한 유혹,1,3259
은밀한 유혹,2,121633
은밀한 유혹,3,18503
은밀한 유혹,4,1930
은밀한 유혹,95,175
연평해전,-3,0
연평해전,-2,4891
연평해전,-1,1041
연평해전,1,3291
연평해전,2,1863780
연평해전,3,1643125
연평해전,4,1360924
연평해전,5,837980
연평해전,6,264010
연평해전,7,53595
연평해전,8,5207
연평해전,9,1920
연평해전,13,1233
연평해전,18,581
연평해전,19,347
연평해전,28,1859
연평해전,39,200
연평해전,105,804
연평해전,106,110
성난 화가,-1,0
성난 화가,1,1057
성난 화가,3,316
극비수사,0,2591
극비수사,1,4072
극비수사,2,1588421
극비수사,3,797577
극비수사,4,347680
극비수사,5,101858
극비수사,6,17656
극비수사,22,931
극비수사,23,0
극비수사,25,0
경성학교: 사라진 소녀들,1,2758
경성학교: 사라진 소녀들,2,317350
경성학교: 사라진 소녀들,3,34011
경성학교: 사라진 소녀들,4,1227
경성학교: 사라진 소녀들,22,996
폴라로이드,1,5281
폴라로이드,2,1081
마돈나,-2,0
마돈나,1,1727
마돈나,2,12234
마돈나,3,3031
마돈나,4,671
마돈나,5,225
마돈나,6,125
마돈나,20,99
마돈나,21,27
나의 절친 악당들,1,3776
나의 절친 악당들,2,121691
나의 절친 악당들,3,7148
소수의견,1,16758
소수의견,2,251497
소수의견,3,84658
소수의견,4,21804
소수의견,5,6303
소수의견,6,1018
소수의견,7,797
소수의견,10,377
뷰티 인사이드,-7,0
뷰티 인사이드,-1,8696
뷰티 인사이드,0,9390
뷰티 인사이드,1,11143
뷰티 인사이드,2,895234
뷰티 인사이드,3,633127
뷰티 인사이드,4,297796
뷰티 인사이드,5,166888
뷰티 인사이드,6,25417
뷰티 인사이드,7,3443
뷰티 인사이드,8,630
뷰티 인사이드,15,591
뷰티 인사이드,16,251
뷰티 인사이드,18,273
뷰티 인사이드,19,221
뷰티 인사이드,20,297
뷰티 인사이드,21,215
뷰티 인사이드,22,222
뷰티 인사이드,23,109
뷰티 인사이드,24,111
뷰티 인사이드,25,116
뷰티 인사이드,116,216
뷰티 인사이드,117,1842
뷰티 인사이드,118,1553
손님,0,107
손님,1,7505
손님,2,692986
손님,3,122611
손님,4,4715
파스카,1,100
파스카,2,439
파스카,3,159
파스카,4,176
파스카,5,43
파스카,108,147
쓰리 썸머 나잇,0,456
쓰리 썸머 나잇,1,2787
쓰리 썸머 나잇,2,71374
쓰리 썸머 나잇,3,2001
쓰리 썸머 나잇,4,252
악인은 살아 있다,0,173
악인은 살아 있다,1,913
악인은 살아 있다,2,462
암살,1,14375
암살,2,4181432
암살,3,3181623
암살,4,1952350
암살,5,1586029
암살,6,808362
암살,7,556487
암살,8,250224
암살,9,131666
암살,10,21511
암살,11,13584
암살,12,1307
암살,13,237
암살,14,264
암살,19,2621
암살,20,2592
암살,21,172
암살,22,459
암살,23,332
암살,46,156
암살,50,0
암살,69,116
암살,71,301
위로공단,1,1868
위로공단,2,3806
위로공단,3,2307
위로공단,4,1573
위로공단,5,1038
위로공단,6,897
위로공단,7,521
위로공단,8,244
위로공단,9,413
위로공단,10,278
위로공단,11,126
위로공단,12,234
위로공단,13,160
위로공단,14,42
위로공단,16,389
위로공단,18,39
위로공단,19,275
위로공단,28,21
위로공단,103,61
살인재능,1,359
살인재능,2,811
살인재능,3,308
베테랑,-1,2275
베테랑,0,11635
베테랑,1,11511
베테랑,2,3564608
베테랑,3,3640107
베테랑,4,2165027
베테랑,5,1685219
베테랑,6,927135
베테랑,7,576679
베테랑,8,248769
베테랑,9,377301
베테랑,10,150759
베테랑,11,40449
베테랑,12,7001
베테랑,13,2004
베테랑,14,456
베테랑,15,1010
베테랑,16,384
베테랑,17,15
베테랑,18,666
베테랑,19,669
베테랑,20,324
베테랑,44,197
베테랑,221,223
오피스,0,9497
오피스,1,3564
오피스,2,324128
오피스,3,101188
오피스,4,2491
오피스,5,130
오피스,11,210
미쓰 와이프,-1,2234
미쓰 와이프,1,13747
미쓰 와이프,2,445204
미쓰 와이프,3,240873
미쓰 와이프,4,201561
미쓰 와이프,5,53353
미쓰 와이프,6,21812
미쓰 와이프,8,3424
미쓰 와이프,9,61
미쓰 와이프,11,1114
미쓰 와이프,16,3181
미쓰 와이프,17,1827
무서운 집,1,0
무서운 집,3,210
무서운 집,4,314
무서운 집,5,154
무서운 집,6,102
무서운 집,7,88
무서운 집,8,68
무서운 집,50,103
무서운 집,51,46
무서운 집,58,13
"협녀, 칼의 기억",1,6453
"협녀, 칼의 기억",2,387947
"협녀, 칼의 기억",3,31352
"협녀, 칼의 기억",4,3717
"협녀, 칼의 기억",5,807
성실한 나라의 앨리스,0,584
성실한 나라의 앨리스,1,562
성실한 나라의 앨리스,2,23683
성실한 나라의 앨리스,3,12785
성실한 나라의 앨리스,4,4065
성실한 나라의 앨리스,5,1194
성실한 나라의 앨리스,6,324
성실한 나라의 앨리스,7,267
성실한 나라의 앨리스,8,81
성실한 나라의 앨리스,9,16
성실한 나라의 앨리스,17,124
성실한 나라의 앨리스,18,97
성실한 나라의 앨리스,57,230
이바라키의 여름,1,0
이바라키의 여름,8,336
퇴마: 무녀굴,0,897
퇴마: 무녀굴,1,3146
퇴마: 무녀굴,2,107406
퇴마: 무녀굴,3,8319
에스엠타운 더 스테이지,1,0
에스엠타운 더 스테이지,2,23706
에스엠타운 더 스테이지,3,9644
순교,1,0
순교,2,1653
순교,3,1626
순교,4,346
순교,5,1306
순교,6,3344
순교,7,1164
순교,8,447
순교,9,300
순교,10,65
순교,11,1172
순교,12,673
순교,13,531
순교,14,414
순교,15,74
순교,16,132
순교,17,690
순교,18,1456
순교,20,675
순교,21,27
순교,22,6
순교,25,54
달에 부는 바람,1,214
달에 부는 바람,2,145
달에 부는 바람,3,320
달에 부는 바람,4,38
치외법권,1,5650
치외법권,2,317979
치외법권,3,21923
치외법권,4,887
치외법권,5,41
기적의 피아노,-1,173
기적의 피아노,0,1417
기적의 피아노,1,1055
기적의 피아노,2,3745
기적의 피아노,3,949
기적의 피아노,4,1018
기적의 피아노,6,183
함정,0,5775
함정,1,3403
함정,2,231233
함정,3,17264
춘희막이,-4,0
춘희막이,-1,1491
춘희막이,0,3858
춘희막이,1,1997
춘희막이,2,15926
춘희막이,3,3695
춘희막이,4,937
춘희막이,5,421
춘희막이,6,611
춘희막이,8,470
춘희막이,9,21
돼지 같은 여자,0,0
돼지 같은 여자,1,713
돼지 같은 여자,2,5381
돼지 같은 여자,3,864
돼지 같은 여자,4,75
영도,0,0
영도,1,774
영도,2,1219
영도,3,665
영도,4,286
사도,0,5676
사도,1,8779
사도,2,2090977
사도,3,2684350
사도,4,884541
사도,5,380836
사도,6,142067
사도,7,37405
사도,8,7009
사도,9,1250
사도,10,962
사도,11,1620
사도,12,245
사도,13,708
사도,14,165
사도,38,495
사도,61,345
사도,83,177
제 7기사단,1,441
제 7기사단,2,9997
작은 형,-1,14
작은 형,1,262
작은 형,2,659
작은 형,3,745
작은 형,4,42
작은 형,5,99
삼례,-1,20
삼례,1,578
삼례,2,1584
삼례,3,819
삼례,4,188
삼례,7,71
삼례,12,3
탐정 : 더 비기닝,-1,1246
탐정 : 더 비기닝,0,7106
탐정 : 더 비기닝,1,16423
탐정 : 더 비기닝,2,1414487
탐정 : 더 비기닝,3,722793
탐정 : 더 비기닝,4,307576
탐정 : 더 비기닝,5,133071
탐정 : 더 비기닝,6,19797
탐정 : 더 비기닝,7,855
탐정 : 더 비기닝,8,1103
탐정 : 더 비기닝,11,787
탐정 : 더 비기닝,12,0
슈퍼레이서 엔지,1,0
슈퍼레이서 엔지,2,8525
슈퍼레이서 엔지,3,908
슈퍼레이서 엔지,4,829
슈퍼레이서 엔지,7,241
션샤인 러브,0,0
션샤인 러브,1,222
션샤인 러브,2,580
션샤인 러브,3,56
션샤인 러브,5,8
덫: 치명적인 유혹,1,268
덫: 치명적인 유혹,2,902
서부전선,1,4899
서부전선,2,518079
서부전선,3,74268
서부전선,4,9057
서부전선,5,1290
지금은맞고그때는틀리다,0,0
지금은맞고그때는틀리다,1,2458
지금은맞고그때는틀리다,2,32439
지금은맞고그때는틀리다,3,18189
지금은맞고그때는틀리다,4,11713
지금은맞고그때는틀리다,5,5799
지금은맞고그때는틀리다,6,3831
지금은맞고그때는틀리다,7,1994
지금은맞고그때는틀리다,8,1052
지금은맞고그때는틀리다,9,640
지금은맞고그때는틀리다,10,636
지금은맞고그때는틀리다,11,161
지금은맞고그때는틀리다,12,239
지금은맞고그때는틀리다,13,223
지금은맞고그때는틀리다,15,429
지금은맞고그때는틀리다,16,179
지금은맞고그때는틀리다,18,206
불온한 당신,-73,228
불온한 당신,1,560
불온한 당신,2,868
불온한 당신,3,968
불온한 당신,4,815
불온한 당신,5,341
불온한 당신,6,369
불온한 당신,7,155
불온한 당신,8,96
불온한 당신,10,50
왕초와 용가리,1,314
왕초와 용가리,2,427
왕초와 용가리,3,118
왕초와 용가리,4,50
야근 대신 뜨개질,1,545
야근 대신 뜨개질,2,416
야근 대신 뜨개질,3,150
야근 대신 뜨개질,4,42
야근 대신 뜨개질,6,34
야근 대신 뜨개질,8,62
경계,1,833
경계,2,129
경계,3,52
경계,4,69
경계,5,29
경계,6,20
업사이드 다운,-1,36
업사이드 다운,1,766
업사이드 다운,2,1559
업사이드 다운,3,925
업사이드 다운,4,339
업사이드 다운,5,160
업사이드 다운,54,239
뚜르: 내 생애 최고의 49일,-7,212
뚜르: 내 생애 최고의 49일,-6,866
뚜르: 내 생애 최고의 49일,-5,2591
뚜르: 내 생애 최고의 49일,-3,5456
뚜르: 내 생애 최고의 49일,1,1334
뚜르: 내 생애 최고의 49일,2,12527
뚜르: 내 생애 최고의 49일,3,3311
뚜르: 내 생애 최고의 49일,4,606
뚜르: 내 생애 최고의 49일,5,527
뚜르: 내 생애 최고의 49일,6,45
뚜르: 내 생애 최고의 49일,7,21
뚜르: 내 생애 최고의 49일,8,32
뚜르: 내 생애 최고의 49일,9,341
뚜르: 내 생애 최고의 49일,48,39
홀리워킹데이,1,314
홀리워킹데이,2,544
홀리워킹데이,3,668
홀리워킹데이,4,86
홀리워킹데이,5,100
홀리워킹데이,6,95
홀리워킹데이,7,55
홀리워킹데이,8,44
딜쿠샤,1,686
딜쿠샤,2,216
딜쿠샤,3,137
딜쿠샤,4,301
딜쿠샤,5,35
딜쿠샤,6,34
딜쿠샤,7,15
딜쿠샤,49,22
성난 변호사,-1,282
성난 변호사,0,3088
성난 변호사,1,10312
성난 변호사,2,681070
성난 변호사,3,344475
성난 변호사,4,79414
성난 변호사,5,7297
성난 변호사,6,571
"안녕, 전우치! 도술로봇대결전",0,112
"안녕, 전우치! 도술로봇대결전",1,738
"안녕, 전우치! 도술로봇대결전",2,10090
"안녕, 전우치! 도술로봇대결전",3,864
"안녕, 전우치! 도술로봇대결전",4,667
"안녕, 전우치! 도술로봇대결전",5,270
"안녕, 전우치! 도술로봇대결전",8,306
비밀,0,887
비밀,1,1072
비밀,2,46097
비밀,3,1924
비밀,4,158
특종: 량첸살인기,-1,0
특종: 량첸살인기,1,24712
특종: 량첸살인기,2,470536
특종: 량첸살인기,3,114469
특종: 량첸살인기,4,4738
특종: 량첸살인기,6,424
특종: 량첸살인기,7,932
돌연변이,0,892
돌연변이,1,3850
돌연변이,2,83473
돌연변이,3,9403
돌연변이,4,757
돌연변이,5,393
돌연변이,6,1271
돌연변이,7,466
더 폰,0,821
더 폰,1,17813
더 폰,2,958997
더 폰,3,503161
더 폰,4,100801
더 폰,5,11738
어떤살인,-1,0
어떤살인,1,1767
어떤살인,2,13657
어떤살인,3,1741
필름시대사랑,0,0
필름시대사랑,1,549
필름시대사랑,2,628
필름시대사랑,3,267
필름시대사랑,6,151
나쁜 나라,1,738
나쁜 나라,2,4241
나쁜 나라,3,3847
나쁜 나라,4,4199
나쁜 나라,5,3174
나쁜 나라,6,965
나쁜 나라,7,1048
나쁜 나라,8,755
나쁜 나라,9,929
나쁜 나라,10,692
나쁜 나라,11,143
나쁜 나라,12,387
나쁜 나라,74,455
나쁜 나라,75,1
그놈이다,0,771
그놈이다,1,5572
그놈이다,2,730949
그놈이다,3,243740
그놈이다,4,59504
그놈이다,5,5296
그놈이다,6,153
울보 권투부,1,310
울보 권투부,2,449
울보 권투부,3,635
울보 권투부,4,163
울보 권투부,5,61
울보 권투부,7,37
미안해 사랑해 고마워,0,0
미안해 사랑해 고마워,1,3985
미안해 사랑해 고마워,2,40165
미안해 사랑해 고마워,3,5655
미안해 사랑해 고마워,4,966
미안해 사랑해 고마워,5,260
거짓말,0,0
거짓말,1,180
거짓말,2,3958
거짓말,3,724
거짓말,4,131
거짓말,5,46
검은 사제들,1,7584
검은 사제들,2,2175495
검은 사제들,3,1694234
검은 사제들,4,743537
검은 사제들,5,369953
검은 사제들,6,244096
검은 사제들,7,197283
검은 사제들,8,7812
검은 사제들,9,2059
검은 사제들,67,656
"나의 아들, 나의 어머니",0,295
"나의 아들, 나의 어머니",1,893
"나의 아들, 나의 어머니",2,1311
"나의 아들, 나의 어머니",3,841
"나의 아들, 나의 어머니",4,523
"나의 아들, 나의 어머니",5,233
"나의 아들, 나의 어머니",6,45
들꽃,0,0
들꽃,1,501
들꽃,2,308
들꽃,3,99
들꽃,4,35
내부자들,-2,0
내부자들,-1,3537
내부자들,0,5856
내부자들,1,104391
내부자들,2,2149890
내부자들,3,1755778
내부자들,4,1233268
내부자들,5,939405
내부자들,6,392140
내부자들,7,464089
내부자들,8,20860
내부자들,9,847
내부자들,10,821
내부자들,11,586
내부자들,26,553
내부자들,205,540
세상끝의 사랑,1,770
세상끝의 사랑,2,3668
열정같은소리하고있네,0,1989
열정같은소리하고있네,1,8309
열정같은소리하고있네,2,404269
열정같은소리하고있네,3,159087
열정같은소리하고있네,4,78847
열정같은소리하고있네,5,1497
늙은 자전거,1,520
늙은 자전거,2,1594
늙은 자전거,3,919
늙은 자전거,4,489
늙은 자전거,7,885
늙은 자전거,151,573
늙은 자전거,204,852
늙은 자전거,205,17
늙은 자전거,206,16
늙은 자전거,207,17
눈꺼풀,-99,64
눈꺼풀,-98,64
눈꺼풀,-1,87
눈꺼풀,1,251
눈꺼풀,2,482
눈꺼풀,3,119
눈꺼풀,5,102
눈꺼풀,54,31
짐작보다 따뜻하게,1,250
짐작보다 따뜻하게,2,197
짐작보다 따뜻하게,3,75
짐작보다 따뜻하게,4,182
짐작보다 따뜻하게,5,106
짐작보다 따뜻하게,6,67
짐작보다 따뜻하게,8,35
짐작보다 따뜻하게,21,99
짐작보다 따뜻하게,22,8
짐작보다 따뜻하게,23,4
섬. 사라진 사람들,-15,0
섬. 사라진 사람들,0,619
섬. 사라진 사람들,1,1059
섬. 사라진 사람들,2,18044
섬. 사라진 사람들,3,387
도리화가,0,282
도리화가,1,6478
도리화가,2,258088
도리화가,3,43185
도리화가,4,9083
그들이 죽었다,1,312
그들이 죽었다,2,915
그들이 죽었다,3,476
그들이 죽었다,4,291
그들이 죽었다,5,94
그들이 죽었다,6,50
극적인 하룻밤,0,688
극적인 하룻밤,1,674
극적인 하룻밤,2,236360
극적인 하룻밤,3,80434
극적인 하룻밤,4,2282
극적인 하룻밤,5,412
극적인 하룻밤,6,782
어떤이의 꿈,1,152
어떤이의 꿈,2,1577
어떤이의 꿈,3,258
어떤이의 꿈,4,70
꾸루꾸루와 친구들: 무지개 나무의 비밀,1,0
꾸루꾸루와 친구들: 무지개 나무의 비밀,2,5949
꾸루꾸루와 친구들: 무지개 나무의 비밀,3,511
꾸루꾸루와 친구들: 무지개 나무의 비밀,4,698
꾸루꾸루와 친구들: 무지개 나무의 비밀,5,110
꾸루꾸루와 친구들: 무지개 나무의 비밀,105,89
해에게서 소년에게,1,0
해에게서 소년에게,2,464
해에게서 소년에게,3,103
해에게서 소년에게,4,95
해에게서 소년에게,5,6
위선자들,1,1024
위선자들,2,7134
소시민,1,530
소시민,2,122
소시민,3,98
눈이라도 내렸으면,1,2
눈이라도 내렸으면,2,610
눈이라도 내렸으면,3,76
앨리스: 원더랜드에서 온 소년,0,605
앨리스: 원더랜드에서 온 소년,1,306
앨리스: 원더랜드에서 온 소년,2,7090
앨리스: 원더랜드에서 온 소년,8,1126
서태지밴드 콘서트투어 '콰이어트나이트',1,0
서태지밴드 콘서트투어 '콰이어트나이트',2,4243
아일랜드 - 시간을 훔치는 섬,1,0
아일랜드 - 시간을 훔치는 섬,2,811
흔들리는 물결,1,628
흔들리는 물결,2,623
흔들리는 물결,3,221
혼자,1,455
혼자,2,351
혼자,3,84
혼자,4,20
양치기들,-1,327
양치기들,1,874
양치기들,2,3279
양치기들,3,1068
양치기들,4,203
양치기들,23,560
양치기들,115,161
파란입이 달린 얼굴,-110,33
파란입이 달린 얼굴,1,541
파란입이 달린 얼굴,2,393
파란입이 달린 얼굴,3,255
파란입이 달린 얼굴,4,147
파란입이 달린 얼굴,5,37
파란입이 달린 얼굴,6,28
파란입이 달린 얼굴,7,14
파란입이 달린 얼굴,13,11
인 허 플레이스,1,459
인 허 플레이스,2,742
인 허 플레이스,3,213
인 허 플레이스,4,121
할머니의 먼 집,-42,132
할머니의 먼 집,-17,124
할머니의 먼 집,1,261
할머니의 먼 집,2,1180
할머니의 먼 집,3,846
할머니의 먼 집,4,394
할머니의 먼 집,5,284
할머니의 먼 집,6,76
할머니의 먼 집,7,246
할머니의 먼 집,8,163
할머니의 먼 집,9,14
할머니의 먼 집,11,15
할머니의 먼 집,119,939
할머니의 먼 집,120,37
할머니의 먼 집,121,25
할머니의 먼 집,122,27
할머니의 먼 집,123,28
사돈의 팔촌,1,205
사돈의 팔촌,2,488
사돈의 팔촌,3,280
사돈의 팔촌,4,46
사돈의 팔촌,5,28
사돈의 팔촌,7,101
초인,-1,150
초인,1,811
초인,2,1513
초인,3,1364
초인,4,1050
초인,5,415
초인,6,581
초인,7,261
초인,8,376
스틸 플라워,-7,127
스틸 플라워,1,391
스틸 플라워,2,1007
스틸 플라워,3,431
스틸 플라워,4,333
스틸 플라워,5,70
스틸 플라워,6,23
다른 길이 있다,-58,60
다른 길이 있다,1,815
다른 길이 있다,2,1143
다른 길이 있다,3,513
다른 길이 있다,4,123
다른 길이 있다,5,134
다른 길이 있다,6,25
다른 길이 있다,7,108
타투,1,517
타투,2,11078
타투,3,239
불안한 외출,0,81
불안한 외출,1,320
불안한 외출,2,691
불안한 외출,3,555
불안한 외출,4,189
설행_눈길을 걷다,-12,64
설행_눈길을 걷다,0,75
설행_눈길을 걷다,1,928
설행_눈길을 걷다,2,3209
설행_눈길을 걷다,3,1202
설행_눈길을 걷다,4,170
설행_눈길을 걷다,5,170
설행_눈길을 걷다,6,71
대호,0,6079
대호,1,12985
대호,2,851687
대호,3,630845
대호,4,229783
대호,5,25363
대호,6,4527
대호,7,418
대호,8,286
뽀로로 극장판 컴퓨터 왕국 대모험,0,0
뽀로로 극장판 컴퓨터 왕국 대모험,1,2167
뽀로로 극장판 컴퓨터 왕국 대모험,2,183663
뽀로로 극장판 컴퓨터 왕국 대모험,3,112086
뽀로로 극장판 컴퓨터 왕국 대모험,4,84350
뽀로로 극장판 컴퓨터 왕국 대모험,5,48626
뽀로로 극장판 컴퓨터 왕국 대모험,6,8080
뽀로로 극장판 컴퓨터 왕국 대모험,7,3265
뽀로로 극장판 컴퓨터 왕국 대모험,8,1086
뽀로로 극장판 컴퓨터 왕국 대모험,10,684
뽀로로 극장판 컴퓨터 왕국 대모험,11,262
뽀로로 극장판 컴퓨터 왕국 대모험,12,168
뽀로로 극장판 컴퓨터 왕국 대모험,14,67
뽀로로 극장판 컴퓨터 왕국 대모험,15,57
뽀로로 극장판 컴퓨터 왕국 대모험,16,39
뽀로로 극장판 컴퓨터 왕국 대모험,17,31
뽀로로 극장판 컴퓨터 왕국 대모험,18,62
뽀로로 극장판 컴퓨터 왕국 대모험,19,112
뽀로로 극장판 컴퓨터 왕국 대모험,20,34
뽀로로 극장판 컴퓨터 왕국 대모험,21,61
뽀로로 극장판 컴퓨터 왕국 대모험,40,625
뽀로로 극장판 컴퓨터 왕국 대모험,45,40
뽀로로 극장판 컴퓨터 왕국 대모험,47,12
뽀로로 극장판 컴퓨터 왕국 대모험,53,71
뽀로로 극장판 컴퓨터 왕국 대모험,72,91
뽀로로 극장판 컴퓨터 왕국 대모험,102,55
뽀로로 극장판 컴퓨터 왕국 대모험,103,138
파일 : 4022일의 사육,0,0
파일 : 4022일의 사육,1,268
파일 : 4022일의 사육,2,525
파일 : 4022일의 사육,3,381
히말라야,0,5059
히말라야,1,21717
히말라야,2,1869995
히말라야,3,2695620
히말라야,4,1969084
히말라야,5,636468
히말라야,6,328446
히말라야,7,151451
히말라야,8,55533
히말라야,9,18678
히말라야,10,7013
히말라야,13,218
히말라야,19,353
히말라야,25,74
레나,1,1921
레나,2,1291
레나,3,105
레나,4,48
레나,5,53
레나,6,42
레나,8,58
조선마술사,1,4472
조선마술사,2,550530
조선마술사,3,65358
조선마술사,4,7634
조선마술사,5,514
조선마술사,6,68
잡아야 산다,1,1957
잡아야 산다,2,51007
잡아야 산다,3,1987
잡아야 산다,4,51
내부자들: 디 오리지널,1,1082
내부자들: 디 오리지널,2,1080206
내부자들: 디 오리지널,3,582724
내부자들: 디 오리지널,4,245480
내부자들: 디 오리지널,5,112496
내부자들: 디 오리지널,6,42522
내부자들: 디 오리지널,7,14593
내부자들: 디 오리지널,8,4806
내부자들: 디 오리지널,9,90
내부자들: 디 오리지널,38,517
내부자들: 디 오리지널,186,390
글로리데이,1,8186
글로리데이,2,129940
글로리데이,3,41515
글로리데이,4,6493
글로리데이,5,2701
글로리데이,6,287
글로리데이,136,307
나를 잊지 말아요,1,7350
나를 잊지 말아요,1,63347
나를 잊지 말아요,2,315024
나를 잊지 말아요,3,37653
나를 잊지 말아요,4,1148
나를 잊지 말아요,5,2408
프랑스 영화처럼,0,343
프랑스 영화처럼,1,888
프랑스 영화처럼,2,2242
프랑스 영화처럼,3,761
프랑스 영화처럼,4,316
프랑스 영화처럼,5,196
프랑스 영화처럼,6,98
프랑스 영화처럼,7,31
오빠생각,0,6147
오빠생각,1,18804
오빠생각,2,671731
오빠생각,3,256236
오빠생각,4,83721
오빠생각,5,30399
오빠생각,6,1230
오빠생각,22,1168
그날의 분위기,0,2903
그날의 분위기,1,4616
그날의 분위기,2,467869
그날의 분위기,3,147853
그날의 분위기,4,27313
그날의 분위기,5,1655
그날의 분위기,7,244
그날의 분위기,12,100
거미의 땅,0,0
거미의 땅,1,630
거미의 땅,2,122
거미의 땅,3,129
거미의 땅,4,69
거미의 땅,5,37
거미의 땅,6,19
"로봇, 소리",-1,559
"로봇, 소리",0,10315
"로봇, 소리",1,25376
"로봇, 소리",2,298810
"로봇, 소리",3,87530
"로봇, 소리",4,49738
"로봇, 소리",5,3749
"로봇, 소리",6,587
"로봇, 소리",41,1
귀향,-5,124
귀향,0,9144
귀향,1,1786
귀향,2,1786186
귀향,3,947751
귀향,4,467544
귀향,5,246107
귀향,6,89384
귀향,7,28103
귀향,8,6331
귀향,9,1878
귀향,10,874
귀향,12,285
귀향,16,945
귀향,19,310
귀향,54,421
귀향,113,9
순정,-5,3021
순정,0,12139
순정,1,9285
순정,2,199385
순정,3,12471
순정,4,2258
순정,5,1336
순정,15,589
순정,94,95
극장판 꼬마버스 타요의 에이스 구출작전,1,2039
극장판 꼬마버스 타요의 에이스 구출작전,2,78227
극장판 꼬마버스 타요의 에이스 구출작전,3,34241
극장판 꼬마버스 타요의 에이스 구출작전,4,12519
극장판 꼬마버스 타요의 에이스 구출작전,5,3007
극장판 꼬마버스 타요의 에이스 구출작전,7,750
극장판 꼬마버스 타요의 에이스 구출작전,11,950
극장판 꼬마버스 타요의 에이스 구출작전,12,1486
극장판 꼬마버스 타요의 에이스 구출작전,13,57
극장판 꼬마버스 타요의 에이스 구출작전,14,20
극장판 꼬마버스 타요의 에이스 구출작전,19,263
극장판 꼬마버스 타요의 에이스 구출작전,25,186
극장판 꼬마버스 타요의 에이스 구출작전,26,33
극장판 꼬마버스 타요의 에이스 구출작전,29,76
극장판 꼬마버스 타요의 에이스 구출작전,30,11
극장판 꼬마버스 타요의 에이스 구출작전,31,57
극장판 꼬마버스 타요의 에이스 구출작전,36,217
극장판 꼬마버스 타요의 에이스 구출작전,41,81
극장판 꼬마버스 타요의 에이스 구출작전,42,52
극장판 꼬마버스 타요의 에이스 구출작전,43,113
극장판 꼬마버스 타요의 에이스 구출작전,44,319
극장판 꼬마버스 타요의 에이스 구출작전,45,43
극장판 꼬마버스 타요의 에이스 구출작전,46,70
극장판 꼬마버스 타요의 에이스 구출작전,48,93
극장판 꼬마버스 타요의 에이스 구출작전,49,90
파리의 한국남자,1,826
파리의 한국남자,2,1281
파리의 한국남자,3,328
파리의 한국남자,4,124
파리의 한국남자,5,70
파리의 한국남자,6,35
파리의 한국남자,7,86
파리의 한국남자,9,119
파리의 한국남자,11,30
파리의 한국남자,13,12
파리의 한국남자,14,16
파리의 한국남자,20,20
파리의 한국남자,26,4
파리의 한국남자,29,14
하프,1,214
하프,2,226
하프,3,47
하프,4,25
검사외전,0,2271
검사외전,1,10737
검사외전,2,5456375
검사외전,3,2921488
검사외전,4,782480
검사외전,5,406447
검사외전,6,99835
검사외전,7,21809
검사외전,8,4237
검사외전,9,706
검사외전,10,403
검사외전,44,679
울보,1,160
울보,2,380
울보,3,145
울보,4,117
울보,5,43
최강전사 미니특공대: 영웅의 탄생,1,2288
최강전사 미니특공대: 영웅의 탄생,2,83175
최강전사 미니특공대: 영웅의 탄생,3,26805
최강전사 미니특공대: 영웅의 탄생,4,2859
최강전사 미니특공대: 영웅의 탄생,5,935
최강전사 미니특공대: 영웅의 탄생,6,238
최강전사 미니특공대: 영웅의 탄생,7,54
최강전사 미니특공대: 영웅의 탄생,8,82
최강전사 미니특공대: 영웅의 탄생,10,43
최강전사 미니특공대: 영웅의 탄생,12,33
최강전사 미니특공대: 영웅의 탄생,42,42
최강전사 미니특공대: 영웅의 탄생,43,190
최강전사 미니특공대: 영웅의 탄생,44,149
최강전사 미니특공대: 영웅의 탄생,46,227
최강전사 미니특공대: 영웅의 탄생,51,50
최강전사 미니특공대: 영웅의 탄생,62,55
최강전사 미니특공대: 영웅의 탄생,63,12
최강전사 미니특공대: 영웅의 탄생,92,69
최강전사 미니특공대: 영웅의 탄생,115,82
최강전사 미니특공대: 영웅의 탄생,116,29
최강전사 미니특공대: 영웅의 탄생,127,21
동주,-1,1208
동주,1,4190
동주,2,319227
동주,3,449550
동주,4,178634
동주,5,100804
동주,6,63558
동주,7,27629
동주,8,12134
동주,9,4534
동주,10,1697
동주,11,2219
동주,12,967
동주,14,711
동주,15,847
동주,20,1267
동주,30,159
동주,36,0
동주,42,1274
동주,46,1789
동주,53,528
동주,55,934
동주,56,67
동주,71,235
동주,74,573
동주,75,188
번개맨,0,1791
번개맨,1,1280
번개맨,2,55820
번개맨,3,6484
번개맨,4,2458
번개맨,5,1118
번개맨,6,55
번개맨,7,109
번개맨,9,77
번개맨,12,77
번개맨,41,45
멜리스,0,268
멜리스,1,731
멜리스,2,8964
멜리스,5,594
좋아해줘,-1,0
좋아해줘,1,11969
좋아해줘,2,562101
좋아해줘,3,228909
좋아해줘,4,37431
좋아해줘,5,5969
좋아해줘,6,1704
무수단,1,1496
무수단,2,14217
무수단,3,157
무수단,4,7
남과 여,0,876
남과 여,1,6764
남과 여,2,171836
남과 여,3,19146
남과 여,4,3758
남과 여,5,1277
독도의 영웅들,1,0
독도의 영웅들,3,1054
독도의 영웅들,27,1351
널 기다리며,1,3662
널 기다리며,2,388825
널 기다리며,3,203384
널 기다리며,4,34578
널 기다리며,5,3650
널 기다리며,6,1069
히야,1,1507
히야,2,18869
일사각오,1,978
일사각오,2,24381
일사각오,3,20447
일사각오,4,10803
일사각오,5,10549
일사각오,6,7778
일사각오,7,3061
일사각오,8,10841
일사각오,9,1184
일사각오,11,1650
일사각오,12,774
일사각오,15,368
일사각오,17,170
일사각오,23,249
일사각오,24,482
대배우,1,4057
대배우,2,144699
대배우,3,19219
대배우,4,634
대배우,5,589
해어화,0,1712
해어화,1,6129
해어화,2,278222
해어화,3,141579
해어화,4,42260
해어화,5,10154
해어화,6,2632
해어화,7,2318
수색역,0,587
수색역,1,203
수색역,2,762
수색역,3,157
커터,1,1137
커터,2,17110
"날, 보러와요",1,4541
"날, 보러와요",2,580834
"날, 보러와요",3,279947
"날, 보러와요",4,163221
"날, 보러와요",5,31276
"날, 보러와요",6,3472
곡성,1,176514
곡성,2,2847578
곡성,3,1938916
곡성,4,915150
곡성,5,646528
곡성,6,209103
곡성,7,94716
곡성,8,33836
곡성,9,12416
곡성,10,3820
곡성,11,960
곡성,12,313
곡성,77,104
위대한 소원,-3,0
위대한 소원,-1,710
위대한 소원,0,6190
위대한 소원,1,18710
위대한 소원,2,224006
위대한 소원,3,50154
위대한 소원,4,6521
위대한 소원,5,1411
시간이탈자,0,1727
시간이탈자,1,10538
시간이탈자,2,612989
시간이탈자,3,377201
시간이탈자,4,155755
시간이탈자,5,41386
시간이탈자,6,2608
시간이탈자,7,116
4등,0,1490
4등,1,1397
4등,2,16454
4등,3,8229
4등,4,3182
4등,5,2138
4등,6,1401
4등,7,1317
4등,8,907
4등,9,686
4등,10,167
4등,11,193
4등,13,215
4등,14,99
4등,18,192
4등,20,96
4등,36,243
4등,185,944
극장판 프랭키와 친구들: 생명의 나무,1,3153
극장판 프랭키와 친구들: 생명의 나무,2,26724
극장판 프랭키와 친구들: 생명의 나무,3,12303
극장판 프랭키와 친구들: 생명의 나무,4,4724
극장판 프랭키와 친구들: 생명의 나무,5,1256
극장판 프랭키와 친구들: 생명의 나무,6,287
극장판 프랭키와 친구들: 생명의 나무,7,303
극장판 프랭키와 친구들: 생명의 나무,8,603
극장판 프랭키와 친구들: 생명의 나무,9,2354
극장판 프랭키와 친구들: 생명의 나무,10,3861
극장판 프랭키와 친구들: 생명의 나무,15,1019
극장판 프랭키와 친구들: 생명의 나무,53,266
엽기적인 그녀 2,-3,644
엽기적인 그녀 2,1,1764
엽기적인 그녀 2,2,67721
엽기적인 그녀 2,3,2291
엽기적인 그녀 2,4,4587
두 개의 연애,1,699
두 개의 연애,2,609
두 개의 연애,3,81
두 개의 연애,4,45
철원기행,1,255
철원기행,2,1869
철원기행,3,873
철원기행,4,387
철원기행,5,106
철원기행,7,101
철원기행,8,40
철원기행,35,83
블랙가스펠2: 소울을 찾는 여정가운데 만난 사람들,1,0
블랙가스펠2: 소울을 찾는 여정가운데 만난 사람들,2,481
두 번째 스물,0,913
두 번째 스물,1,492
두 번째 스물,2,8689
두 번째 스물,3,511
두 번째 스물,4,262
계춘할망,0,11914
계춘할망,1,3201
계춘할망,2,272850
계춘할망,3,130769
계춘할망,4,50745
계춘할망,5,5999
계춘할망,6,1952
계춘할망,17,4829
계춘할망,23,0
계춘할망,78,257
계춘할망,80,234
탐욕의 별,0,0
탐욕의 별,1,210
탐욕의 별,2,295
탐욕의 별,3,120
탐욕의 별,5,56
탐정 홍길동: 사라진 마을,-1,0
탐정 홍길동: 사라진 마을,0,3319
탐정 홍길동: 사라진 마을,1,5761
탐정 홍길동: 사라진 마을,2,899916
탐정 홍길동: 사라진 마을,3,353919
탐정 홍길동: 사라진 마을,4,140828
탐정 홍길동: 사라진 마을,5,24087
탐정 홍길동: 사라진 마을,6,1884
탐정 홍길동: 사라진 마을,34,1103
극장판 안녕 자두야,0,224
극장판 안녕 자두야,1,855
극장판 안녕 자두야,2,217544
극장판 안녕 자두야,3,46525
극장판 안녕 자두야,4,10859
극장판 안녕 자두야,5,3088
극장판 안녕 자두야,6,796
극장판 안녕 자두야,15,102
극장판 안녕 자두야,26,147
극장판 안녕 자두야,27,59
극장판 안녕 자두야,28,99
극장판 안녕 자두야,30,38
극장판 안녕 자두야,31,44
극장판 안녕 자두야,48,50
극장판 안녕 자두야,49,12
극장판 안녕 자두야,77,18
다이노X 탐험대,0,598
다이노X 탐험대,1,340
다이노X 탐험대,2,76030
다이노X 탐험대,3,4629
다이노X 탐험대,4,1235
다이노X 탐험대,26,254
다이노X 탐험대,27,8
다이노X 탐험대,28,8
특별수사: 사형수의 편지,-1,19121
특별수사: 사형수의 편지,0,11197
특별수사: 사형수의 편지,1,2431
특별수사: 사형수의 편지,2,693695
특별수사: 사형수의 편지,3,372840
특별수사: 사형수의 편지,4,128218
특별수사: 사형수의 편지,5,14380
특별수사: 사형수의 편지,40,17
무서운 이야기 3 : 화성에서 온 소녀,1,2389
무서운 이야기 3 : 화성에서 온 소녀,2,88270
무서운 이야기 3 : 화성에서 온 소녀,3,6436
무서운 이야기 3 : 화성에서 온 소녀,5,218
무서운 이야기 3 : 화성에서 온 소녀,6,17
그럼에도 불구하고,1,244
그럼에도 불구하고,2,286
그럼에도 불구하고,3,334
그럼에도 불구하고,4,184
그럼에도 불구하고,5,94
그럼에도 불구하고,8,77
드롭박스,0,0
드롭박스,1,35
드롭박스,2,763
드롭박스,3,524
드롭박스,4,202
드롭박스,5,132
드롭박스,6,90
드롭박스,7,74
드롭박스,9,38
드롭박스,11,46
드롭박스,12,32
드롭박스,63,297
드롭박스,144,47
아가씨,0,0
아가씨,1,10768
아가씨,2,2356513
아가씨,3,921550
아가씨,4,529776
아가씨,5,294665
아가씨,6,126040
아가씨,7,33664
아가씨,8,7852
아가씨,9,2212
아가씨,10,2223
아가씨,11,1613
아가씨,12,580
아가씨,13,256
아가씨,14,106
아가씨,92,712
델타 보이즈,-47,220
델타 보이즈,-25,103
델타 보이즈,0,262
델타 보이즈,1,409
델타 보이즈,2,1656
델타 보이즈,3,721
델타 보이즈,4,547
델타 보이즈,5,240
델타 보이즈,6,79
델타 보이즈,7,30
델타 보이즈,77,69
델타 보이즈,92,26
델타 보이즈,93,21
델타 보이즈,94,21
델타 보이즈,95,19
우리들,1,1268
우리들,2,8934
우리들,3,9058
우리들,4,7051
우리들,5,5106
우리들,6,3218
우리들,7,2751
우리들,8,1969
우리들,9,1295
우리들,10,2620
우리들,11,1423
우리들,12,411
우리들,13,331
우리들,14,303
우리들,15,206
우리들,16,110
우리들,17,170
우리들,18,545
우리들,19,245
우리들,29,916
우리들,31,39
우리들,35,36
우리들,39,411
우리들,48,57
우리들,56,443
우리들,62,42
우리들,63,321
우리들,153,898
굿바이 싱글,-3,0
굿바이 싱글,-2,3668
굿바이 싱글,-1,7815
굿바이 싱글,0,16406
굿바이 싱글,1,3673
굿바이 싱글,2,1119441
굿바이 싱글,3,690768
굿바이 싱글,4,246777
굿바이 싱글,5,19516
굿바이 싱글,74,370
굿바이 싱글,78,127
소녀와 여자,1,210
소녀와 여자,2,345
소녀와 여자,3,158
소녀와 여자,4,135
소녀와 여자,5,79
소녀와 여자,6,36
소녀와 여자,7,18
비밀은 없다,1,3067
비밀은 없다,2,231627
비밀은 없다,3,12328
비밀은 없다,4,2384
비밀은 없다,5,597
비밀은 없다,7,286
비밀은 없다,9,255
비밀은 없다,19,106
비밀은 없다,77,185
우리 연애의 이력,0,487
우리 연애의 이력,1,827
우리 연애의 이력,2,1233
우리 연애의 이력,3,124
우리 연애의 이력,5,142
우리 연애의 이력,6,15
우리 연애의 이력,7,33
우리 연애의 이력,8,15
우리 연애의 이력,9,46
우리 연애의 이력,10,38
우리 연애의 이력,11,36
우리 연애의 이력,12,16
트릭,1,1924
트릭,2,35660
봉이 김선달,0,4739
봉이 김선달,1,7654
봉이 김선달,2,1234804
봉이 김선달,3,652404
봉이 김선달,4,140304
봉이 김선달,5,4405
봉이 김선달,6,3714
봉이 김선달,7,1872
봉이 김선달,10,1263
봉이 김선달,122,210
부산행,1,565286
부산행,2,5671164
부산행,3,2827094
부산행,4,1232110
부산행,5,674723
부산행,6,308925
부산행,7,171996
부산행,8,95780
부산행,9,10794
부산행,10,6737
부산행,11,247
부산행,15,150
부산행,28,473
부산행,30,0
부산행,68,607
부산행,112,784
부산행,144,177
부산행,170,294
부산행,171,193
사냥,1,5535
사냥,2,592993
사냥,3,45839
사냥,4,1400
사냥,5,135
사냥,6,18
빅뱅 메이드,1,3609
빅뱅 메이드,2,30012
빅뱅 메이드,3,16288
슈퍼 프렌즈,-1,577
슈퍼 프렌즈,0,5432
슈퍼 프렌즈,1,2739
슈퍼 프렌즈,2,68296
슈퍼 프렌즈,3,8415
슈퍼 프렌즈,4,3277
극장판 프리즘스톤 올스타 셀렉션,1,1505
극장판 프리즘스톤 올스타 셀렉션,2,6649
카이: 거울 호수의 전설,1,1848
카이: 거울 호수의 전설,2,19866
카이: 거울 호수의 전설,3,2073
카이: 거울 호수의 전설,4,569
카이: 거울 호수의 전설,5,88
카이: 거울 호수의 전설,11,107
카이: 거울 호수의 전설,12,21
카이: 거울 호수의 전설,13,53
카이: 거울 호수의 전설,16,26
카이: 거울 호수의 전설,58,167
카이: 거울 호수의 전설,59,127
인천상륙작전,0,0
인천상륙작전,1,12711
인천상륙작전,2,3571715
인천상륙작전,3,1980984
인천상륙작전,4,917557
인천상륙작전,5,339679
인천상륙작전,6,154311
인천상륙작전,7,66284
인천상륙작전,8,3176
인천상륙작전,9,465
인천상륙작전,11,278
인천상륙작전,14,342
인천상륙작전,17,390
인천상륙작전,21,1645
인천상륙작전,46,332
터널,0,1946
터널,1,18908
터널,2,3512572
터널,3,1844419
터널,4,1051867
터널,5,582956
터널,6,75945
터널,7,30333
터널,9,1526
터널,10,13
터널,70,176
덕혜옹주,0,151
덕혜옹주,1,14792
덕혜옹주,2,2194065
덕혜옹주,3,1896678
덕혜옹주,4,864322
덕혜옹주,5,397223
덕혜옹주,6,185990
덕혜옹주,7,19202
덕혜옹주,8,20884
덕혜옹주,9,2119
덕혜옹주,11,915
덕혜옹주,14,1054
덕혜옹주,37,1834
국가대표 2,-1,798
국가대표 2,0,9244
국가대표 2,1,18806
국가대표 2,2,517916
국가대표 2,3,119241
국가대표 2,4,33146
국가대표 2,5,9327
국가대표 2,7,454
국가대표 2,8,548
국가대표 2,11,449
국가대표 2,49,0
서울역,0,483
서울역,1,1532
서울역,2,132902
서울역,3,10617
서울역,4,1057
서울역,5,161
서울역,6,231
최악의 하루,-1,408
최악의 하루,0,183
최악의 하루,1,2058
최악의 하루,2,40803
최악의 하루,3,18769
최악의 하루,4,8578
최악의 하루,5,6318
최악의 하루,6,2351
최악의 하루,7,753
최악의 하루,8,311
최악의 하루,9,126
최악의 하루,10,38
최악의 하루,47,413
최악의 하루,143,145
"시발, 놈: 인류의 시작",1,208
"시발, 놈: 인류의 시작",2,641
"시발, 놈: 인류의 시작",3,154
"시발, 놈: 인류의 시작",4,93
범죄의 여왕,-1,83
범죄의 여왕,0,1108
범죄의 여왕,1,2082
범죄의 여왕,2,33765
범죄의 여왕,3,4475
범죄의 여왕,4,1158
범죄의 여왕,5,717
범죄의 여왕,6,183
범죄의 여왕,48,252
범죄의 여왕,88,1
올레,0,663
올레,1,2159
올레,2,59828
올레,3,4215
파워배틀 와치카 미니카 배틀리그: 불꽃의 질주,1,0
파워배틀 와치카 미니카 배틀리그: 불꽃의 질주,2,23920
파워배틀 와치카 미니카 배틀리그: 불꽃의 질주,3,8812
파워배틀 와치카 미니카 배틀리그: 불꽃의 질주,4,1728
파워배틀 와치카 미니카 배틀리그: 불꽃의 질주,5,295
파워배틀 와치카 미니카 배틀리그: 불꽃의 질주,11,203
파워배틀 와치카 미니카 배틀리그: 불꽃의 질주,12,118
파워배틀 와치카 미니카 배틀리그: 불꽃의 질주,13,96
파워배틀 와치카 미니카 배틀리그: 불꽃의 질주,14,49
파워배틀 와치카 미니카 배틀리그: 불꽃의 질주,15,62
파워배틀 와치카 미니카 배틀리그: 불꽃의 질주,16,177
파워배틀 와치카 미니카 배틀리그: 불꽃의 질주,32,117
파워배틀 와치카 미니카 배틀리그: 불꽃의 질주,33,6
파워배틀 와치카 미니카 배틀리그: 불꽃의 질주,34,2
파워배틀 와치카 미니카 배틀리그: 불꽃의 질주,99,79
그랜드파더,-1,0
그랜드파더,1,1299
그랜드파더,2,29683
그랜드파더,3,114
그랜드파더,5,419
그랜드파더,6,31
그랜드파더,7,23
그랜드파더,8,20
그랜드파더,9,20
그랜드파더,10,14
그랜드파더,13,11
"고산자, 대동여지도",1,20623
"고산자, 대동여지도",2,353360
"고산자, 대동여지도",3,503956
"고산자, 대동여지도",4,85803
"고산자, 대동여지도",5,6497
"고산자, 대동여지도",6,2646
"고산자, 대동여지도",8,841
밀정,0,9456
밀정,1,9077
밀정,2,2659145
밀정,3,3585378
밀정,4,771572
밀정,5,341706
밀정,6,98721
밀정,7,22011
밀정,8,2337
밀정,9,348
밀정,10,24
밀정,12,14
돈,-133,414
돈,-66,573
돈,-1,246
돈,0,10446
돈,1,77901
돈,2,1685111
돈,3,1036682
돈,4,359283
돈,5,155879
돈,6,62238
돈,7,1474
브링 홈: 아버지의 땅,1,736
브링 홈: 아버지의 땅,2,4964
브링 홈: 아버지의 땅,3,1944
브링 홈: 아버지의 땅,4,861
브링 홈: 아버지의 땅,5,2071
달빛궁궐,-1,224
달빛궁궐,0,1059
달빛궁궐,1,1784
달빛궁궐,2,68746
달빛궁궐,3,67771
달빛궁궐,4,8407
달빛궁궐,5,2387
달빛궁궐,6,1168
달빛궁궐,7,410
달빛궁궐,8,272
달빛궁궐,9,452
달빛궁궐,10,174
달빛궁궐,11,65
달빛궁궐,13,114
달빛궁궐,31,65
달빛궁궐,33,21
달빛궁궐,118,60
달빛궁궐,120,11
고려 아리랑: 천산의 디바,1,1418
고려 아리랑: 천산의 디바,2,1168
고려 아리랑: 천산의 디바,3,381
고려 아리랑: 천산의 디바,4,299
고려 아리랑: 천산의 디바,5,51
고려 아리랑: 천산의 디바,6,80
고려 아리랑: 천산의 디바,7,40
고려 아리랑: 천산의 디바,23,265
고려 아리랑: 천산의 디바,67,239
고려 아리랑: 천산의 디바,68,13
고려 아리랑: 천산의 디바,69,12
고려 아리랑: 천산의 디바,70,13
고려 아리랑: 천산의 디바,71,8
고려 아리랑: 천산의 디바,74,16
물숨,-4,0
물숨,-3,30
물숨,-2,1063
물숨,0,919
물숨,1,475
물숨,2,2914
물숨,3,982
물숨,4,668
물숨,5,217
물숨,6,154
자백,-6,0
자백,-5,318
자백,-4,764
자백,-2,3885
자백,-1,6858
자백,0,3768
자백,1,4069
자백,2,52524
자백,3,27201
자백,4,14152
자백,5,9441
자백,6,6556
자백,7,4229
자백,8,4667
자백,9,2974
자백,10,1205
자백,11,918
자백,12,110
죽여주는 여자,-1,126
죽여주는 여자,1,1695
죽여주는 여자,2,66183
죽여주는 여자,3,25128
죽여주는 여자,4,13833
죽여주는 여자,5,6981
죽여주는 여자,6,1993
죽여주는 여자,7,715
죽여주는 여자,8,1785
죽여주는 여자,9,2069
죽여주는 여자,10,216
죽여주는 여자,11,183
죽여주는 여자,12,150
죽여주는 여자,13,259
우리 손자 베스트,-13,0
우리 손자 베스트,-8,5
우리 손자 베스트,-7,20
우리 손자 베스트,-5,77
우리 손자 베스트,1,362
우리 손자 베스트,2,1202
우리 손자 베스트,3,159
우리 손자 베스트,4,95
우리 손자 베스트,5,67
우리 손자 베스트,11,59
우리 손자 베스트,36,11
우리 손자 베스트,47,20
커튼콜,-2,53
커튼콜,1,2706
커튼콜,2,2376
커튼콜,3,233
커튼콜,4,84
커튼콜,5,61
눈발,1,3601
눈발,2,8680
눈발,3,956
눈발,4,202
눈발,5,70
눈발,6,96
눈발,7,23
마담 B,1,22
마담 B,2,784
마담 B,3,253
마담 B,4,131
마담 B,5,68
마담 B,6,185
마담 B,7,28
마담 B,51,260
연애담,-1,524
연애담,0,203
연애담,1,717
연애담,2,8101
연애담,3,6473
연애담,4,3310
연애담,5,1526
연애담,6,542
연애담,7,569
연애담,8,514
연애담,10,463
연애담,45,800
나홀로 휴가,1,1013
나홀로 휴가,2,6263
나홀로 휴가,3,712
나홀로 휴가,4,80
나홀로 휴가,5,52
나홀로 휴가,6,28
나홀로 휴가,26,76
대결,-1,77
대결,1,1735
대결,2,28136
대결,3,760
인천상륙작전 : 익스텐디드 에디션(확장판),1,549
인천상륙작전 : 익스텐디드 에디션(확장판),2,24161
인천상륙작전 : 익스텐디드 에디션(확장판),3,1934
인천상륙작전 : 익스텐디드 에디션(확장판),4,346
나는 증인이다,1,0
나는 증인이다,2,597
나는 증인이다,4,354
나는 증인이다,5,17
나는 증인이다,6,23
나는 증인이다,13,376
럭키,0,10402
럭키,1,135634
럭키,2,2539571
럭키,3,2132739
럭키,4,1050146
럭키,5,653182
럭키,6,348941
럭키,7,85251
럭키,8,17431
럭키,9,1092
럭키,23,901
아수라,0,0
아수라,1,24846
아수라,2,2131782
아수라,3,364857
아수라,4,64732
아수라,5,4632
아수라,6,1852
아수라,107,1799
아수라,108,41
눈길,-4,53
눈길,-1,2016
눈길,0,556
눈길,1,1104
눈길,2,97536
눈길,3,20970
눈길,4,4197
눈길,5,2008
눈길,6,542
눈길,7,279
우주의 크리스마스,-2,0
우주의 크리스마스,1,663
우주의 크리스마스,2,1203
우주의 크리스마스,3,183
올 리브 올리브,-14,137
올 리브 올리브,-7,21
올 리브 올리브,1,859
올 리브 올리브,2,591
올 리브 올리브,3,284
올 리브 올리브,4,208
올 리브 올리브,5,50
올 리브 올리브,6,20
올 리브 올리브,60,140
올 리브 올리브,61,45
올 리브 올리브,62,41
올 리브 올리브,63,50
올 리브 올리브,64,46
다시 태어나도 우리,-51,36
다시 태어나도 우리,-3,11
다시 태어나도 우리,-1,116
다시 태어나도 우리,1,1448
다시 태어나도 우리,2,10393
다시 태어나도 우리,3,7779
다시 태어나도 우리,4,4954
다시 태어나도 우리,5,3028
다시 태어나도 우리,6,2353
다시 태어나도 우리,7,1501
다시 태어나도 우리,8,1459
다시 태어나도 우리,9,919
다시 태어나도 우리,10,949
다시 태어나도 우리,11,569
다시 태어나도 우리,12,1119
다시 태어나도 우리,13,537
다시 태어나도 우리,14,129
다시 태어나도 우리,15,111
다시 태어나도 우리,46,662
다시 태어나도 우리,48,140
노후 대책 없다,-10,310
노후 대책 없다,-9,12
노후 대책 없다,-3,23
노후 대책 없다,1,438
노후 대책 없다,2,584
노후 대책 없다,3,165
노후 대책 없다,4,61
노후 대책 없다,5,71
노후 대책 없다,33,119
22,1,1246
22,2,810
22,3,179
22,4,26
22,5,29
안녕 히어로,-1,424
안녕 히어로,1,1020
안녕 히어로,2,1071
안녕 히어로,3,364
안녕 히어로,4,1589
안녕 히어로,6,600
안녕 히어로,57,563
안녕 히어로,58,39
안녕 히어로,59,45
공동정범,-52,193
공동정범,-30,60
공동정범,-3,112
공동정범,1,1431
공동정범,2,2947
공동정범,3,2363
공동정범,4,1359
공동정범,5,866
공동정범,6,454
공동정범,7,613
공동정범,8,423
공동정범,9,277
공동정범,10,61
공동정범,11,229
공동정범,12,261
공동정범,14,9
공동정범,15,70
공동정범,17,12
공동정범,25,23
공동정범,52,92
침묵,1,6347
침묵,2,390372
침묵,3,89909
침묵,4,6474
침묵,5,954
침묵,82,69
7년-그들이 없는 언론,1,2683
7년-그들이 없는 언론,2,9407
7년-그들이 없는 언론,3,3370
7년-그들이 없는 언론,4,778
7년-그들이 없는 언론,5,186
7년-그들이 없는 언론,6,226
7년-그들이 없는 언론,7,31
7년-그들이 없는 언론,26,318
7년-그들이 없는 언론,50,79
그물,1,1396
그물,2,50192
그물,3,3651
그물,4,908
그물,37,394
춘몽,1,627
춘몽,2,9223
춘몽,3,2992
춘몽,4,1136
춘몽,5,238
춘몽,6,84
춘몽,7,86
춘몽,26,37
춘몽,50,44
춘몽,107,187
춘몽,110,24
춘몽,111,18
춘몽,112,12
춘몽,148,8
폭력의 법칙: 나쁜 피 두 번째 이야기,1,369
걷기왕,0,913
걷기왕,1,10000
걷기왕,2,63617
걷기왕,3,11846
걷기왕,4,3651
걷기왕,5,1505
걷기왕,6,1786
걷기왕,7,334
걷기왕,8,162
걷기왕,9,1272
순종,-1,733
순종,0,1455
순종,1,2445
순종,2,17480
순종,3,12464
순종,4,7674
순종,5,4940
순종,6,4687
순종,7,2438
순종,8,450
순종,9,1915
순종,10,842
순종,11,287
순종,12,117
순종,52,709
혼숨,0,0
혼숨,1,1450
혼숨,2,205947
혼숨,3,74657
혼숨,4,4641
사랑하기 때문에,-6,2611
사랑하기 때문에,-1,9049
사랑하기 때문에,1,7017
사랑하기 때문에,2,268211
사랑하기 때문에,3,51700
사랑하기 때문에,4,991
사랑하기 때문에,5,914
사랑하기 때문에,22,337
사랑하기 때문에,23,0
시간의 종말,1,1024
시간의 종말,2,1747
시간의 종말,3,617
시간의 종말,4,185
시간의 종말,6,180
시간의 종말,7,32
시간의 종말,127,28
시간의 종말,128,7
시간의 종말,129,45
시간의 종말,130,7
시간의 종말,134,139
꿈의 제인,1,1583
꿈의 제인,2,10141
꿈의 제인,3,4541
꿈의 제인,4,2977
꿈의 제인,5,2452
꿈의 제인,6,1294
꿈의 제인,7,663
꿈의 제인,8,330
꿈의 제인,9,231
꿈의 제인,10,117
꿈의 제인,12,237
꿈의 제인,13,140
꿈의 제인,14,49
"무현, 두 도시 이야기",1,3006
"무현, 두 도시 이야기",2,22500
"무현, 두 도시 이야기",3,58783
"무현, 두 도시 이야기",4,48653
"무현, 두 도시 이야기",5,26672
"무현, 두 도시 이야기",6,18364
"무현, 두 도시 이야기",7,8360
"무현, 두 도시 이야기",8,3600
"무현, 두 도시 이야기",9,1521
"무현, 두 도시 이야기",10,694
"무현, 두 도시 이야기",11,618
"무현, 두 도시 이야기",12,276
"무현, 두 도시 이야기",13,425
"무현, 두 도시 이야기",48,214
분장,-41,281
분장,-21,238
분장,1,216
분장,2,1105
분장,3,680
분장,4,352
분장,5,244
분장,6,77
분장,7,84
분장,8,4
문영,1,350
문영,2,4174
문영,3,1438
문영,4,847
문영,5,296
문영,6,208
문영,7,146
문영,8,83
문영,10,84
문영,13,35
문영,50,203
문영,51,8
스플릿,0,2642
스플릿,1,17941
스플릿,2,508843
스플릿,3,174395
스플릿,4,51550
스플릿,5,1860
스플릿,6,658
시소,1,2372
시소,2,1920
시소,4,1120
시소,5,782
시소,6,807
시소,7,1267
시소,8,268
시소,11,63
시소,24,135
시소,30,215
가려진 시간,-1,890
가려진 시간,1,18262
가려진 시간,2,396368
가려진 시간,3,86899
가려진 시간,4,5376
가려진 시간,5,1085
가려진 시간,6,1073
가려진 시간,11,925
가려진 시간,57,138
가려진 시간,68,115
당신자신과 당신의 것,1,639
당신자신과 당신의 것,2,11146
당신자신과 당신의 것,3,3719
당신자신과 당신의 것,4,1758
당신자신과 당신의 것,5,354
당신자신과 당신의 것,6,146
당신자신과 당신의 것,7,92
당신자신과 당신의 것,9,46
당신자신과 당신의 것,10,17
당신자신과 당신의 것,11,7
당신자신과 당신의 것,57,165
오 마이 파파,1,1545
오 마이 파파,2,5902
오 마이 파파,3,1798
오 마이 파파,4,2017
오 마이 파파,5,289
오 마이 파파,6,336
오 마이 파파,7,35
오 마이 파파,8,49
아들에게 가는 길,0,334
아들에게 가는 길,1,711
아들에게 가는 길,2,2934
아들에게 가는 길,3,1258
아들에게 가는 길,4,1387
아들에게 가는 길,5,51
사월의 끝,1,151
사월의 끝,2,247
사월의 끝,3,66
사월의 끝,4,14
사월의 끝,5,34
"제자도 - 제자,옥한흠2",1,217
"제자도 - 제자,옥한흠2",2,5183
"제자도 - 제자,옥한흠2",3,3313
형,0,4415
형,1,16100
형,2,1265294
형,3,1035389
형,4,433958
형,5,207572
형,6,15639
형,7,1900
형,8,363
형,9,1216
나의 살던 고향은,0,771
나의 살던 고향은,1,810
나의 살던 고향은,2,3305
나의 살던 고향은,3,2709
나의 살던 고향은,4,1394
나의 살던 고향은,5,402
나의 살던 고향은,6,1078
나의 살던 고향은,7,261
나의 살던 고향은,17,211
나의 살던 고향은,33,6
나의 살던 고향은,48,432
두 남자,-1,274
두 남자,1,3911
두 남자,2,53593
두 남자,3,2237
두 남자,4,345
판도라,0,8442
판도라,1,9930
판도라,2,1766999
판도라,3,1596402
판도라,4,665198
판도라,5,420536
판도라,6,91731
판도라,7,17900
판도라,8,3673
판도라,12,2338
판도라,50,1040
여교사,-6,0
여교사,-1,487
여교사,1,2951
여교사,2,99496
여교사,3,9840
여교사,4,1826
여교사,5,1831
여교사,6,1020
여교사,7,897
워킹 스트리트,1,0
워킹 스트리트,2,577
워킹 스트리트,3,48
워킹 스트리트,4,17
워킹 스트리트,5,13
워킹 스트리트,6,6
워킹 스트리트,7,0
"컴, 투게더",-2,146
"컴, 투게더",-1,321
"컴, 투게더",1,399
"컴, 투게더",2,612
"컴, 투게더",3,639
"컴, 투게더",4,165
"컴, 투게더",5,86
미씽: 사라진 여자,0,1134
미씽: 사라진 여자,1,5508
미씽: 사라진 여자,2,843031
미씽: 사라진 여자,3,240557
미씽: 사라진 여자,4,61684
미씽: 사라진 여자,52,1287
비치온더비치,1,382
비치온더비치,2,488
비치온더비치,3,314
비치온더비치,4,152
비치온더비치,6,92
비치온더비치,103,83
목숨 건 연애,1,3279
목숨 건 연애,2,41564
목숨 건 연애,3,854
"당신, 거기 있어줄래요",0,8693
"당신, 거기 있어줄래요",1,9352
"당신, 거기 있어줄래요",2,733555
"당신, 거기 있어줄래요",3,294890
"당신, 거기 있어줄래요",4,116039
"당신, 거기 있어줄래요",5,5927
"당신, 거기 있어줄래요",6,168
"당신, 거기 있어줄래요",11,1
나의 연기 워크샵,1,289
나의 연기 워크샵,2,661
나의 연기 워크샵,3,237
나의 연기 워크샵,4,107
나의 연기 워크샵,6,89
누에치던 방,-30,336
누에치던 방,1,362
누에치던 방,2,965
누에치던 방,3,519
누에치던 방,4,210
누에치던 방,5,91
누에치던 방,6,127
누에치던 방,17,68
누에치던 방,81,19
메리 크리스마스 미스터 모,1,1097
메리 크리스마스 미스터 모,2,1453
메리 크리스마스 미스터 모,3,827
메리 크리스마스 미스터 모,4,336
메리 크리스마스 미스터 모,5,288
메리 크리스마스 미스터 모,6,83
아기와 나,-49,84
아기와 나,-2,15
아기와 나,-1,67
아기와 나,0,366
아기와 나,1,81
아기와 나,2,1423
아기와 나,3,237
아기와 나,4,80
아기와 나,5,78
아기와 나,6,21
위켄즈,0,278
위켄즈,1,439
위켄즈,2,1106
위켄즈,3,744
위켄즈,4,646
위켄즈,5,738
위켄즈,6,252
위켄즈,7,136
위켄즈,10,241
위켄즈,141,621
아티스트: 다시 태어나다,0,510
아티스트: 다시 태어나다,1,1225
아티스트: 다시 태어나다,2,3760
아티스트: 다시 태어나다,3,318
아티스트: 다시 태어나다,4,180
아티스트: 다시 태어나다,5,58
소녀의 세계,-102,221
소녀의 세계,1,719
소녀의 세계,2,536
소녀의 세계,3,176
소녀의 세계,4,42
소녀의 세계,5,75
여자들,0,635
여자들,1,429
여자들,2,1248
여자들,3,490
여자들,4,197
여자들,5,69
여자들,6,32
"춘천, 춘천",-93,92
"춘천, 춘천",-76,44
"춘천, 춘천",1,62
"춘천, 춘천",2,447
"춘천, 춘천",3,243
"춘천, 춘천",4,129
"춘천, 춘천",5,161
"춘천, 춘천",6,91
"춘천, 춘천",7,115
"춘천, 춘천",8,34
"춘천, 춘천",9,23
"춘천, 춘천",10,13
재꽃,0,572
재꽃,1,279
재꽃,2,1830
재꽃,3,1275
재꽃,4,396
재꽃,5,350
재꽃,6,148
재꽃,7,292
부릉! 부릉! 브루미즈: 스피더의 모험 일기,0,0
부릉! 부릉! 브루미즈: 스피더의 모험 일기,1,1046
부릉! 부릉! 브루미즈: 스피더의 모험 일기,2,8272
부릉! 부릉! 브루미즈: 스피더의 모험 일기,3,818
부릉! 부릉! 브루미즈: 스피더의 모험 일기,4,187
부릉! 부릉! 브루미즈: 스피더의 모험 일기,5,318
부릉! 부릉! 브루미즈: 스피더의 모험 일기,6,250
부릉! 부릉! 브루미즈: 스피더의 모험 일기,7,105
부릉! 부릉! 브루미즈: 스피더의 모험 일기,8,54
부릉! 부릉! 브루미즈: 스피더의 모험 일기,9,86
부릉! 부릉! 브루미즈: 스피더의 모험 일기,10,185
부릉! 부릉! 브루미즈: 스피더의 모험 일기,14,149
부릉! 부릉! 브루미즈: 스피더의 모험 일기,20,149
마스터,1,23444
마스터,2,3502148
마스터,3,2235309
마스터,4,885157
마스터,5,458154
마스터,6,34771
마스터,7,6787
마스터,8,2763
마스터,9,928
마스터,10,950
미성년,0,3673
미성년,1,601
미성년,2,180884
미성년,3,85707
미성년,4,14291
미성년,5,5096
미성년,6,1562
미성년,7,954
걱정말아요,1,189
걱정말아요,2,388
걱정말아요,3,124
걱정말아요,4,42
공조,0,4665
공조,1,9941
공조,2,1413415
공조,3,3432095
공조,4,1654750
공조,5,882017
공조,6,322126
공조,7,92586
공조,8,5493
공조,9,348
공조,44,144
더 킹,1,14012
더 킹,2,2159127
더 킹,3,2237301
더 킹,4,679931
더 킹,5,214000
더 킹,6,10844
터닝메카드W: 블랙미러의 부활,0,75
터닝메카드W: 블랙미러의 부활,1,1649
터닝메카드W: 블랙미러의 부활,2,295762
터닝메카드W: 블랙미러의 부활,3,103514
터닝메카드W: 블랙미러의 부활,4,23415
터닝메카드W: 블랙미러의 부활,5,4154
터닝메카드W: 블랙미러의 부활,6,224
터닝메카드W: 블랙미러의 부활,7,58
터닝메카드W: 블랙미러의 부활,8,34
터닝메카드W: 블랙미러의 부활,9,91
터닝메카드W: 블랙미러의 부활,10,85
터닝메카드W: 블랙미러의 부활,12,60
터닝메카드W: 블랙미러의 부활,13,126
터닝메카드W: 블랙미러의 부활,14,132
터닝메카드W: 블랙미러의 부활,15,167
터닝메카드W: 블랙미러의 부활,35,61
터닝메카드W: 블랙미러의 부활,36,76
터닝메카드W: 블랙미러의 부활,37,20
터닝메카드W: 블랙미러의 부활,39,16
터닝메카드W: 블랙미러의 부활,43,36
터닝메카드W: 블랙미러의 부활,45,95
터닝메카드W: 블랙미러의 부활,46,71
터닝메카드W: 블랙미러의 부활,47,10
터닝메카드W: 블랙미러의 부활,96,2
재심,0,4352
재심,1,8781
재심,2,1229495
재심,3,788078
재심,4,267307
재심,5,98866
재심,6,21748
재심,7,1008
재심,8,651
재심,11,691
장기왕 : 가락시장 레볼루션,0,107
장기왕 : 가락시장 레볼루션,1,56
장기왕 : 가락시장 레볼루션,2,618
장기왕 : 가락시장 레볼루션,3,307
장기왕 : 가락시장 레볼루션,5,118
조작된 도시,0,3271
조작된 도시,1,14932
조작된 도시,2,1417165
조작된 도시,3,720227
조작된 도시,4,302975
조작된 도시,5,42345
조작된 도시,6,9822
조작된 도시,7,2243
조작된 도시,8,1367
조작된 도시,9,451
루시드 드림,-2,0
루시드 드림,0,1213
루시드 드림,1,4922
루시드 드림,2,93518
루시드 드림,3,2168
루시드 드림,4,244
루시드 드림,13,105
원라인,1,9888
원라인,2,327498
원라인,3,87633
원라인,4,7050
원라인,5,2238
원라인,6,226
"그래, 가족",0,0
"그래, 가족",1,2798
"그래, 가족",2,38934
"그래, 가족",3,2767
"그래, 가족",4,2015
싱글라이더,1,5453
싱글라이더,2,306465
싱글라이더,3,32551
싱글라이더,4,5837
싱글라이더,5,687
싱글라이더,40,283
해빙,1,3024
해빙,2,980959
해빙,3,181223
해빙,4,36990
해빙,5,1396
해빙,6,200
해빙,7,366
해빙,8,287
커피 메이트,1,1098
커피 메이트,2,4579
커피 메이트,3,634
커피 메이트,4,143
레이디버그,1,0
레이디버그,2,33787
레이디버그,3,6521
레이디버그,4,719
왕을 참하라,1,814
왕을 참하라,2,2920
왕을 참하라,3,354
마리안느와 마가렛,0,1033
마리안느와 마가렛,1,461
마리안느와 마가렛,2,11687
마리안느와 마가렛,3,7579
마리안느와 마가렛,4,1832
마리안느와 마가렛,5,3300
마리안느와 마가렛,7,1063
마리안느와 마가렛,8,111
마리안느와 마가렛,9,104
마리안느와 마가렛,10,158
마리안느와 마가렛,11,55
마리안느와 마가렛,12,296
마리안느와 마가렛,29,955
마리안느와 마가렛,48,88
프리즌,0,8540
프리즌,1,99614
프리즌,2,1511416
프리즌,3,758847
프리즌,4,378015
프리즌,5,129221
프리즌,6,44299
프리즌,7,1045
프리즌,8,700
프리즌,15,200
비정규직 특수요원,1,3559
비정규직 특수요원,2,140123
비정규직 특수요원,3,5020
비정규직 특수요원,4,835
아빠는 딸,-4,0
아빠는 딸,0,512
아빠는 딸,1,6916
아빠는 딸,2,325602
아빠는 딸,3,246339
아빠는 딸,4,63816
아빠는 딸,5,2910
아빠는 딸,10,122
아빠는 딸,11,376
만담강호,-1,0
만담강호,1,726
만담강호,2,361
만담강호,3,90
만담강호,4,25
만담강호,5,5
밤의 해변에서 혼자,1,401
밤의 해변에서 혼자,2,30209
밤의 해변에서 혼자,3,14204
밤의 해변에서 혼자,4,5454
밤의 해변에서 혼자,5,2752
밤의 해변에서 혼자,6,1750
밤의 해변에서 혼자,7,1127
밤의 해변에서 혼자,8,452
밤의 해변에서 혼자,9,210
밤의 해변에서 혼자,12,266
밤의 해변에서 혼자,13,17
밤의 해변에서 혼자,63,267
보통사람,1,6396
보통사람,2,314895
보통사람,3,57732
보통사람,4,4023
보통사람,5,189
보통사람,8,101
어느날,1,5208
어느날,2,187463
어느날,3,34080
어느날,4,6907
어느날,5,972
"서서평, 천천히 평온하게",0,2333
"서서평, 천천히 평온하게",1,1053
"서서평, 천천히 평온하게",2,48777
"서서평, 천천히 평온하게",3,23423
"서서평, 천천히 평온하게",4,13238
"서서평, 천천히 평온하게",5,6219
"서서평, 천천히 평온하게",6,4339
"서서평, 천천히 평온하게",7,3745
"서서평, 천천히 평온하게",8,5661
"서서평, 천천히 평온하게",9,3890
"서서평, 천천히 평온하게",10,1728
"서서평, 천천히 평온하게",11,2265
"서서평, 천천히 평온하게",12,1527
"서서평, 천천히 평온하게",13,1217
"서서평, 천천히 평온하게",14,1210
"서서평, 천천히 평온하게",15,758
"서서평, 천천히 평온하게",16,1
"서서평, 천천히 평온하게",19,773
"서서평, 천천히 평온하게",30,929
"서서평, 천천히 평온하게",44,308
불빛 아래서,1,624
불빛 아래서,2,340
불빛 아래서,3,107
불빛 아래서,4,42
불빛 아래서,6,81
불빛 아래서,9,21
"다시, 벚꽃",1,976
"다시, 벚꽃",2,4509
"다시, 벚꽃",3,805
"다시, 벚꽃",4,169
"다시, 벚꽃",5,190
"다시, 벚꽃",6,66
시간위의 집,0,1614
시간위의 집,1,4472
시간위의 집,2,111000
시간위의 집,3,10220
시간위의 집,4,1636
임금님의 사건수첩,-1,326
임금님의 사건수첩,0,5338
임금님의 사건수첩,1,10716
임금님의 사건수첩,2,966377
임금님의 사건수첩,3,577956
임금님의 사건수첩,4,64311
임금님의 사건수첩,5,6622
임금님의 사건수첩,6,1744
임금님의 사건수첩,7,848
지렁이,-1,0
지렁이,0,226
지렁이,1,809
지렁이,2,794
지렁이,3,73
지렁이,4,10
보안관,-1,1664
보안관,0,5166
보안관,1,15324
보안관,2,1629431
보안관,3,671600
보안관,4,217751
보안관,5,41071
보안관,6,1811
보안관,7,182
보안관,8,1886
보안관,14,2558
슈퍼 빼꼼: 스파이 대작전,-1,615
슈퍼 빼꼼: 스파이 대작전,1,3017
슈퍼 빼꼼: 스파이 대작전,2,83190
슈퍼 빼꼼: 스파이 대작전,3,6667
슈퍼 빼꼼: 스파이 대작전,4,3039
슈퍼 빼꼼: 스파이 대작전,5,1551
슈퍼 빼꼼: 스파이 대작전,6,701
슈퍼 빼꼼: 스파이 대작전,10,157
슈퍼 빼꼼: 스파이 대작전,20,552
슈퍼 빼꼼: 스파이 대작전,21,12
슈퍼 빼꼼: 스파이 대작전,27,19
슈퍼 빼꼼: 스파이 대작전,28,18
슈퍼 빼꼼: 스파이 대작전,29,26
슈퍼 빼꼼: 스파이 대작전,30,14
슈퍼 빼꼼: 스파이 대작전,31,23
슈퍼 빼꼼: 스파이 대작전,32,23
슈퍼 빼꼼: 스파이 대작전,49,123
더 플랜,1,407
더 플랜,2,23430
더 플랜,3,7686
더 플랜,4,2367
더 플랜,5,222
극장판 또봇: 로봇군단의 습격,1,2328
극장판 또봇: 로봇군단의 습격,2,85958
극장판 또봇: 로봇군단의 습격,3,46470
극장판 또봇: 로봇군단의 습격,4,5754
극장판 또봇: 로봇군단의 습격,5,816
극장판 또봇: 로봇군단의 습격,22,403
극장판 또봇: 로봇군단의 습격,28,31
극장판 또봇: 로봇군단의 습격,29,11
극장판 또봇: 로봇군단의 습격,31,65
특별시민,1,8631
특별시민,2,1127567
특별시민,3,213755
특별시민,4,9020
특별시민,5,1316
특별시민,6,357
특별시민,7,1288
하루,0,2497
하루,1,4627
하루,2,716949
하루,3,345265
하루,4,54859
하루,5,4896
하루,6,497
아이엠 호프맨,1,99
아이엠 호프맨,2,948
아이엠 호프맨,3,590
아이엠 호프맨,4,691
아이엠 호프맨,6,129
아이엠 호프맨,7,78
아이엠 호프맨,44,355
아이엠 호프맨,45,10
석조저택 살인사건,0,1213
석조저택 살인사건,1,4327
석조저택 살인사건,2,307948
석조저택 살인사건,3,34079
석조저택 살인사건,4,2891
석조저택 살인사건,5,324
석조저택 살인사건,10,2060
파파 오랑후탄,0,155
파파 오랑후탄,1,150
파파 오랑후탄,2,628
파파 오랑후탄,3,256
파파 오랑후탄,6,511
파파 오랑후탄,9,261
길,-1,0
길,1,391
길,2,3132
길,3,11530
길,4,624
길,7,53
길,8,84
길,14,377
길,15,18
길,20,533
마차 타고 고래고래,0,1072
마차 타고 고래고래,1,1503
마차 타고 고래고래,2,5584
마차 타고 고래고래,3,669
마차 타고 고래고래,6,142
불한당: 나쁜 놈들의 세상,1,26263
불한당: 나쁜 놈들의 세상,2,657050
불한당: 나쁜 놈들의 세상,3,201565
불한당: 나쁜 놈들의 세상,4,28820
불한당: 나쁜 놈들의 세상,5,6735
불한당: 나쁜 놈들의 세상,6,5642
불한당: 나쁜 놈들의 세상,7,3246
불한당: 나쁜 놈들의 세상,8,2996
불한당: 나쁜 놈들의 세상,9,1337
불한당: 나쁜 놈들의 세상,10,1038
불한당: 나쁜 놈들의 세상,11,1003
불한당: 나쁜 놈들의 세상,41,7692
불한당: 나쁜 놈들의 세상,42,7742
불한당: 나쁜 놈들의 세상,55,1998
불한당: 나쁜 놈들의 세상,56,39
불한당: 나쁜 놈들의 세상,57,33
불한당: 나쁜 놈들의 세상,58,13
불한당: 나쁜 놈들의 세상,59,80
불한당: 나쁜 놈들의 세상,99,3038
불한당: 나쁜 놈들의 세상,100,711
불한당: 나쁜 놈들의 세상,101,133
불한당: 나쁜 놈들의 세상,102,101
쇠파리,1,510
쇠파리,2,4070
노무현입니다,0,1015
노무현입니다,1,6313
노무현입니다,2,816471
노무현입니다,3,581750
노무현입니다,4,217633
노무현입니다,5,132091
노무현입니다,6,59746
노무현입니다,7,21715
노무현입니다,8,7962
노무현입니다,9,4090
노무현입니다,10,3330
노무현입니다,11,945
노무현입니다,12,1688
노무현입니다,19,118
노무현입니다,30,132
푸른노을,-1,598
푸른노을,0,189
푸른노을,1,53
푸른노을,2,1469
푸른노을,3,341
푸른노을,12,514
푸른노을,23,184
푸른노을,37,375
푸른노을,40,135
바람의 춤꾼,1,152
바람의 춤꾼,2,621
바람의 춤꾼,3,363
바람의 춤꾼,4,243
바람의 춤꾼,5,99
바람의 춤꾼,6,24
바람의 춤꾼,9,129
바람의 춤꾼,10,17
바람의 춤꾼,11,26
바람의 춤꾼,12,23
대립군,1,10744
대립군,2,718612
대립군,3,74619
대립군,4,14386
대립군,5,16481
대립군,6,1658
대립군,7,870
대립군,8,120
파워배틀 와치카: 와치가면의 역습,0,787
파워배틀 와치카: 와치가면의 역습,1,614
파워배틀 와치카: 와치가면의 역습,2,18213
파워배틀 와치카: 와치가면의 역습,3,2706
파워배틀 와치카: 와치가면의 역습,4,467
파워배틀 와치카: 와치가면의 역습,5,394
파워배틀 와치카: 와치가면의 역습,16,338
파워배틀 와치카: 와치가면의 역습,17,20
파워배틀 와치카: 와치가면의 역습,18,23
파워배틀 와치카: 와치가면의 역습,20,10
파워배틀 와치카: 와치가면의 역습,23,36
파란나비효과,-2,150
파란나비효과,-1,332
파란나비효과,0,1121
파란나비효과,1,801
파란나비효과,2,1538
파란나비효과,4,559
파란나비효과,8,84
파란나비효과,12,359
파란나비효과,41,312
악녀,1,4413
악녀,2,632951
악녀,3,377543
악녀,4,154149
악녀,5,32199
악녀,6,3538
악녀,24,3288
나는 고양이로소이다,1,728
나는 고양이로소이다,2,4700
나는 고양이로소이다,3,1549
나는 고양이로소이다,4,926
나는 고양이로소이다,5,168
청춘 합창단 - 또 하나의 꿈,-1,780
청춘 합창단 - 또 하나의 꿈,0,1101
청춘 합창단 - 또 하나의 꿈,1,1140
청춘 합창단 - 또 하나의 꿈,2,3189
용순,0,302
용순,1,1117
용순,2,7325
용순,3,2200
용순,4,1055
용순,5,443
용순,6,342
용순,7,256
용순,8,115
중독노래방,-1,0
중독노래방,1,443
중독노래방,2,8152
중독노래방,3,261
중독노래방,5,56
드래곤빌리지<화이트니스타운을 구하라>,1,0
드래곤빌리지<화이트니스타운을 구하라>,23,1858
드래곤빌리지<화이트니스타운을 구하라>,24,286
드래곤빌리지<화이트니스타운을 구하라>,28,2032
박열,1,19175
박열,2,1378892
박열,3,532980
박열,4,335340
박열,5,86110
박열,6,2128
박열,7,2593
박열,8,775
박열,9,981
박열,21,200
박열,26,32
직지코드,0,150
직지코드,1,544
직지코드,2,3216
직지코드,3,2870
직지코드,4,2284
직지코드,5,290
직지코드,6,234
직지코드,7,255
직지코드,8,44
직지코드,9,42
리얼,0,0
리얼,1,3891
리얼,2,411856
리얼,3,37938
리얼,4,12733
리얼,5,2782
내 친구 정일우,1,1779
내 친구 정일우,2,4014
내 친구 정일우,3,2029
내 친구 정일우,4,1055
내 친구 정일우,5,585
내 친구 정일우,6,1054
내 친구 정일우,7,1210
내 친구 정일우,8,84
내 친구 정일우,9,123
내 친구 정일우,10,26
내 친구 정일우,59,108
내 친구 정일우,60,53
내 친구 정일우,61,53
내 친구 정일우,62,51
장산범,-7,0
장산범,0,3943
장산범,1,6364
장산범,2,831641
장산범,3,357682
장산범,4,101636
장산범,5,4315
장산범,6,122
장산범,7,253
장산범,8,283
장산범,14,182
폭력의 씨앗,-18,0
폭력의 씨앗,1,449
폭력의 씨앗,2,807
폭력의 씨앗,3,439
폭력의 씨앗,4,101
폭력의 씨앗,5,33
폭력의 씨앗,55,68
버블 패밀리,-77,0
버블 패밀리,-16,419
버블 패밀리,1,30
버블 패밀리,2,358
버블 패밀리,3,272
버블 패밀리,4,227
버블 패밀리,5,237
버블 패밀리,6,109
버블 패밀리,7,34
그 후,-1,0
그 후,1,255
그 후,2,12537
그 후,3,3491
그 후,4,1319
그 후,5,477
그 후,6,228
그 후,7,105
그 후,8,72
그 후,9,14
그 후,10,138
그 후,48,27
밤섬해적단 서울불바다,-1,60
밤섬해적단 서울불바다,0,152
밤섬해적단 서울불바다,1,595
밤섬해적단 서울불바다,2,772
밤섬해적단 서울불바다,3,454
밤섬해적단 서울불바다,4,134
밤섬해적단 서울불바다,6,48
파밍 보이즈,-1,0
파밍 보이즈,1,876
파밍 보이즈,2,1096
파밍 보이즈,3,420
파밍 보이즈,4,370
파밍 보이즈,5,158
택시운전사,-2,21208
택시운전사,-1,31615
택시운전사,0,23152
택시운전사,1,10738
택시운전사,2,5321167
택시운전사,3,3615960
택시운전사,4,1611390
택시운전사,5,863051
택시운전사,6,421158
택시운전사,7,179636
택시운전사,8,63387
택시운전사,9,16901
택시운전사,10,4200
택시운전사,11,1941
택시운전사,12,213
택시운전사,14,282
택시운전사,18,2
택시운전사,37,683
택시운전사,38,38
택시운전사,44,623
택시운전사,99,1850
땐뽀걸즈,1,445
땐뽀걸즈,2,1242
땐뽀걸즈,3,1228
땐뽀걸즈,4,1007
땐뽀걸즈,5,853
땐뽀걸즈,6,684
땐뽀걸즈,7,433
땐뽀걸즈,8,220
땐뽀걸즈,9,172
땐뽀걸즈,10,126
땐뽀걸즈,11,204
땐뽀걸즈,14,266
땐뽀걸즈,64,209
군함도,0,946
군함도,1,20683
군함도,2,4918685
군함도,3,1323642
군함도,4,252340
군함도,5,49831
군함도,6,11641
군함도,7,1906
군함도,8,1210
군함도,9,1951
군함도,10,8569
군함도,11,531
살인자의 기억법,0,927
살인자의 기억법,1,3793
살인자의 기억법,2,1412538
살인자의 기억법,3,755685
살인자의 기억법,4,348313
살인자의 기억법,5,129165
살인자의 기억법,6,5757
살인자의 기억법,7,378
살인자의 기억법,8,1201
살인자의 기억법,9,700
청년경찰,-2,409
청년경찰,0,20139
청년경찰,1,16108
청년경찰,2,2698996
청년경찰,3,1404981
청년경찰,4,817005
청년경찰,5,480800
청년경찰,6,163258
청년경찰,7,43268
청년경찰,8,6118
청년경찰,9,1710
청년경찰,66,652
공범자들,-2,0
공범자들,-1,2210
공범자들,0,2928
공범자들,1,2712
공범자들,2,88298
공범자들,3,75861
공범자들,4,47769
공범자들,5,25452
공범자들,6,10163
공범자들,7,3360
공범자들,8,369
공범자들,9,437
공범자들,10,47
공범자들,14,586
김광석,-1,2007
김광석,0,3885
김광석,1,3087
김광석,2,25685
김광석,3,9110
김광석,4,3748
김광석,5,14802
김광석,6,26328
김광석,7,7680
김광석,8,1133
김광석,9,540
김광석,10,67
김광석,11,19
김광석,12,122
김광석,13,14
김광석,73,316
김광석,80,321
로마의 휴일,-2,0
로마의 휴일,0,1750
로마의 휴일,1,9258
로마의 휴일,2,115533
로마의 휴일,3,5628
로마의 휴일,4,1923
로마의 휴일,5,585
구세주: 리턴즈,0,750
구세주: 리턴즈,1,426
구세주: 리턴즈,2,4178
구세주: 리턴즈,3,783
려행,-1,373
려행,1,150
려행,2,636
려행,3,200
려행,4,145
브이아이피,0,0
브이아이피,1,7480
브이아이피,2,1078751
브이아이피,3,260715
브이아이피,4,21630
브이아이피,5,4400
브이아이피,6,298
브이아이피,7,14
더 테이블,1,3434
더 테이블,2,50012
더 테이블,3,24889
더 테이블,4,15447
더 테이블,5,5123
더 테이블,6,2250
더 테이블,7,945
더 테이블,8,685
더 테이블,9,145
소나기,0,266
소나기,1,1141
소나기,2,4868
소나기,3,1670
소나기,4,782
소나기,5,849
소나기,6,206
소나기,7,153
소나기,12,1911
소나기,13,65
소나기,34,649
소나기,52,135
소나기,56,5
소나기,89,449
소나기,90,101
소나기,91,75
소나기,92,82
소나기,96,25
소나기,97,23
소나기,106,129
소나기,108,140
소나기,109,65
"무현, 두 도시 이야기 : 파이널 컷",1,625
"무현, 두 도시 이야기 : 파이널 컷",2,1996
"무현, 두 도시 이야기 : 파이널 컷",3,476
"무현, 두 도시 이야기 : 파이널 컷",4,177
미스 프레지던트,-8,0
미스 프레지던트,-4,744
미스 프레지던트,-3,172
미스 프레지던트,0,539
미스 프레지던트,1,362
미스 프레지던트,2,3707
미스 프레지던트,3,845
미스 프레지던트,5,173
미스 프레지던트,6,198
"귀향, 끝나지 않은 이야기",-1,1079
"귀향, 끝나지 않은 이야기",1,2693
"귀향, 끝나지 않은 이야기",2,10107
"귀향, 끝나지 않은 이야기",3,578
여배우는 오늘도,-1,0
여배우는 오늘도,1,469
여배우는 오늘도,2,6935
여배우는 오늘도,3,4227
여배우는 오늘도,4,2712
여배우는 오늘도,5,1547
여배우는 오늘도,6,383
여배우는 오늘도,7,408
여배우는 오늘도,8,71
여배우는 오늘도,10,34
여배우는 오늘도,14,7
저수지 게임,1,4317
저수지 게임,2,64605
저수지 게임,3,33884
저수지 게임,4,15824
저수지 게임,5,4510
저수지 게임,6,1188
저수지 게임,7,414
저수지 게임,8,102
저수지 게임,13,408
B급 며느리,0,1353
B급 며느리,1,432
B급 며느리,2,2930
B급 며느리,3,2158
B급 며느리,4,1856
B급 며느리,5,4180
B급 며느리,6,4518
B급 며느리,7,1470
B급 며느리,8,371
B급 며느리,9,305
B급 며느리,10,42
B급 며느리,32,123
B급 며느리,56,310
시인의 사랑,1,1349
시인의 사랑,2,7873
시인의 사랑,3,2208
시인의 사랑,4,388
시인의 사랑,5,258
시인의 사랑,6,245
시인의 사랑,7,148
아이 캔 스피크,0,15156
아이 캔 스피크,1,16356
아이 캔 스피크,2,996025
아이 캔 스피크,3,1175336
아이 캔 스피크,4,825226
아이 캔 스피크,5,156994
아이 캔 스피크,6,62062
아이 캔 스피크,7,17681
아이 캔 스피크,8,4799
아이 캔 스피크,9,1602
아이 캔 스피크,10,721
아이 캔 스피크,11,1294
아이 캔 스피크,12,2230
아이 캔 스피크,13,2735
아이 캔 스피크,14,568
아이 캔 스피크,15,406
아이 캔 스피크,20,656
아이 캔 스피크,36,854
아이 캔 스피크,37,140
이웃집 스타,1,1704
이웃집 스타,2,8534
이웃집 스타,3,492
이웃집 스타,4,34
범죄도시,-2,0
범죄도시,-1,5668
범죄도시,0,17271
범죄도시,1,7469
범죄도시,2,2179867
범죄도시,3,1595680
범죄도시,4,1270242
범죄도시,5,843240
범죄도시,6,487512
범죄도시,7,295165
범죄도시,8,119835
범죄도시,9,44380
범죄도시,10,11261
범죄도시,11,2006
범죄도시,12,234
범죄도시,27,673
범죄도시,28,13
범죄도시,31,19
범죄도시,58,5
넛잡 2,0,561
넛잡 2,1,3499
넛잡 2,2,307935
넛잡 2,3,45590
넛잡 2,4,27469
넛잡 2,5,12125
넛잡 2,6,7945
넛잡 2,7,2932
넛잡 2,8,1394
넛잡 2,9,1240
넛잡 2,10,644
넛잡 2,12,266
남한산성,0,3927
남한산성,1,24991
남한산성,2,3226956
남한산성,3,388457
남한산성,4,139594
남한산성,5,46181
남한산성,6,10992
남한산성,7,3895
남한산성,8,1965
남한산성,9,1020
남한산성,10,190
남한산성,11,278
남한산성,12,332
남한산성,13,64
집의 시간들,1,183
집의 시간들,2,1204
집의 시간들,3,454
집의 시간들,4,393
집의 시간들,5,214
집의 시간들,6,150
집의 시간들,7,130
집의 시간들,8,97
집의 시간들,10,32
집의 시간들,11,61
집의 시간들,12,24
집의 시간들,13,20
집의 시간들,17,100
올드마린보이,-4,90
올드마린보이,-1,131
올드마린보이,0,683
올드마린보이,1,1506
올드마린보이,2,2579
올드마린보이,3,1041
올드마린보이,4,933
올드마린보이,5,188
올드마린보이,7,888
올드마린보이,8,245
올드마린보이,19,901
올드마린보이,39,1009
올드마린보이,93,345
카운터스,-1,143
카운터스,1,363
카운터스,2,2659
카운터스,3,1365
카운터스,4,403
카운터스,31,29
운동회,0,12
운동회,1,268
운동회,2,3258
운동회,3,1031
운동회,48,539
부라더,-2,928
부라더,1,24014
부라더,2,902639
부라더,3,435392
부라더,4,112116
부라더,5,14592
부라더,6,1752
부라더,7,1143
로마서 8:37,1,1110
로마서 8:37,2,2143
로마서 8:37,3,941
로마서 8:37,4,293
로마서 8:37,5,147
로마서 8:37,6,147
로마서 8:37,24,270
대장 김창수,1,14275
대장 김창수,2,308613
대장 김창수,3,51402
대장 김창수,4,4156
대장 김창수,6,1446
대장 김창수,9,1147
대장 김창수,10,144
초행,0,370
초행,1,811
초행,2,3030
초행,3,1527
초행,4,614
초행,5,487
초행,6,355
초행,7,159
초행,8,138
초행,11,28
내게 남은 사랑을,-4,0
내게 남은 사랑을,0,1597
내게 남은 사랑을,1,4617
내게 남은 사랑을,2,10029
내게 남은 사랑을,3,3611
내게 남은 사랑을,4,3044
내게 남은 사랑을,5,1729
내게 남은 사랑을,6,336
내게 남은 사랑을,8,1825
내게 남은 사랑을,29,1068
튼튼이의 모험,-1,444
튼튼이의 모험,0,150
튼튼이의 모험,1,109
튼튼이의 모험,2,2822
튼튼이의 모험,3,449
튼튼이의 모험,4,255
튼튼이의 모험,5,273
튼튼이의 모험,6,42
튼튼이의 모험,7,23
튼튼이의 모험,14,150
샘,-1,90
샘,0,525
샘,1,192
샘,2,1966
샘,3,281
샘,4,73
희생부활자,1,2895
희생부활자,2,297842
희생부활자,3,20623
희생부활자,4,1216
가을 우체국,0,0
가을 우체국,1,550
가을 우체국,2,2284
가을 우체국,3,219
유리정원,0,0
유리정원,1,1198
유리정원,2,18682
유리정원,3,2244
유리정원,4,407
유리정원,5,129
유리정원,6,38
유리정원,7,18
채비,-1,822
채비,1,4365
채비,2,101269
채비,3,36180
채비,4,20046
채비,5,6585
채비,6,4591
채비,7,2721
채비,8,677
그리다,1,550
그리다,2,186
그리다,3,58
그리다,6,58
메소드,1,2235
메소드,2,16475
메소드,3,5317
메소드,4,1103
메소드,5,906
메소드,6,300
메소드,7,234
고향이 어디세요,-1,151
고향이 어디세요,1,574
고향이 어디세요,2,649
고향이 어디세요,14,212
고향이 어디세요,22,479
뷰티풀 투모로우,1,0
뷰티풀 투모로우,2,34357
뷰티풀 투모로우,3,11726
뷰티풀 투모로우,4,10689
뷰티풀 투모로우,5,3366
뷰티풀 투모로우,6,1887
역모-반란의 시대,-3,0
역모-반란의 시대,1,2314
역모-반란의 시대,2,24924
역모-반란의 시대,3,1631
산상수훈,-5,0
산상수훈,-1,401
산상수훈,1,1707
산상수훈,2,18487
산상수훈,3,4231
산상수훈,4,762
산상수훈,5,14542
산상수훈,6,1194
산상수훈,7,314
산상수훈,9,612
산상수훈,10,137
산상수훈,13,280
산상수훈,15,113
산상수훈,16,93
산상수훈,20,271
산상수훈,21,132
산상수훈,22,64
산상수훈,23,58
산상수훈,24,133
산상수훈,25,144
산상수훈,26,133
산상수훈,28,342
산상수훈,29,173
산상수훈,30,181
산상수훈,31,179
산상수훈,32,126
산상수훈,33,128
산상수훈,34,142
산상수훈,35,145
산상수훈,36,144
산상수훈,37,188
산상수훈,38,146
산상수훈,39,130
산상수훈,40,194
산상수훈,41,113
산상수훈,42,319
산상수훈,43,128
산상수훈,44,128
산상수훈,45,105
산상수훈,46,105
산상수훈,47,107
산상수훈,48,108
산상수훈,49,110
산상수훈,50,107
산상수훈,56,1321
반드시 잡는다,1,7267
반드시 잡는다,2,321040
반드시 잡는다,3,103349
반드시 잡는다,4,14591
반드시 잡는다,5,529
뽀로로 극장판 공룡섬 대모험,0,1042
뽀로로 극장판 공룡섬 대모험,1,3409
뽀로로 극장판 공룡섬 대모험,2,363001
뽀로로 극장판 공룡섬 대모험,3,215780
뽀로로 극장판 공룡섬 대모험,4,144892
뽀로로 극장판 공룡섬 대모험,5,70593
뽀로로 극장판 공룡섬 대모험,6,17816
뽀로로 극장판 공룡섬 대모험,7,4452
뽀로로 극장판 공룡섬 대모험,8,2694
뽀로로 극장판 공룡섬 대모험,9,1441
뽀로로 극장판 공룡섬 대모험,10,469
뽀로로 극장판 공룡섬 대모험,11,310
뽀로로 극장판 공룡섬 대모험,12,277
뽀로로 극장판 공룡섬 대모험,14,42
뽀로로 극장판 공룡섬 대모험,15,151
뽀로로 극장판 공룡섬 대모험,16,139
뽀로로 극장판 공룡섬 대모험,17,279
뽀로로 극장판 공룡섬 대모험,50,253
뽀로로 극장판 공룡섬 대모험,51,65
뽀로로 극장판 공룡섬 대모험,53,99
살인자의 기억법 : 새로운 기억,1,0
살인자의 기억법 : 새로운 기억,2,1680
살인자의 기억법 : 새로운 기억,3,978
수성못,-23,0
수성못,-22,98
수성못,0,320
수성못,1,314
수성못,2,1692
수성못,3,772
수성못,4,227
수성못,5,130
수성못,6,100
미옥,0,0
미옥,1,2623
미옥,2,227868
미옥,3,7502
미옥,4,534
미옥,5,35
미옥,12,25
꾼,-1,326
꾼,0,17574
꾼,1,20839
꾼,2,1959673
꾼,3,1162962
꾼,4,674418
꾼,5,178619
꾼,6,3002
꾼,7,822
꾼,24,106
꾼,26,0
7호실,1,6379
7호실,2,299316
7호실,3,35931
7호실,4,4449
7호실,5,1411
7호실,50,321
기억의 밤,0,1114
기억의 밤,1,6022
기억의 밤,2,677730
기억의 밤,3,514238
기억의 밤,4,181233
기억의 밤,5,5823
기억의 밤,6,551
기억의 밤,7,350
기억의 밤,17,626
"1991, 봄",-1,168
"1991, 봄",1,788
"1991, 봄",2,1503
"1991, 봄",3,628
"1991, 봄",4,471
"1991, 봄",5,893
"1991, 봄",7,865
"1991, 봄",8,342
"1991, 봄",9,32
"1991, 봄",10,19
"1991, 봄",12,16
"1991, 봄",13,18
"1991, 봄",53,292
강철비,1,16112
강철비,2,2236940
강철비,3,1412886
강철비,4,539371
강철비,5,194666
강철비,6,46118
강철비,7,4651
강철비,8,250
강철비,11,808
강철비,30,938
강철비,74,0
실종2,-1,0
실종2,1,617
엄마의 공책,-16,0
엄마의 공책,1,2101
엄마의 공책,2,3568
엄마의 공책,3,1057
엄마의 공책,4,275
엄마의 공책,5,684
엄마의 공책,9,878
엄마의 공책,11,41
엄마의 공책,20,353
엄마의 공책,39,784
엄마의 공책,40,164
엄마의 공책,41,94
엄마의 공책,42,141
소성리,-20,62
소성리,-8,148
소성리,0,14
소성리,1,242
소성리,2,534
소성리,3,427
소성리,4,194
소성리,5,109
소성리,15,522
소성리,16,10
돌아온다,0,85
돌아온다,1,2527
돌아온다,2,6461
돌아온다,3,2395
돌아온다,4,988
돌아온다,5,456
돌아온다,6,258
돌아온다,7,157
돌아온다,8,134
돌아온다,9,140
돌아온다,10,63
돌아온다,11,55
돌아온다,14,34
돌아온다,17,47
돌아온다,18,10
돌아온다,19,10
얼굴들,-31,225
얼굴들,1,879
얼굴들,2,485
얼굴들,3,203
얼굴들,4,157
얼굴들,5,112
얼굴들,6,79
얼굴들,8,99
얼굴들,9,10
얼굴들,21,23
얼굴들,22,8
얼굴들,23,12
국경의 왕,-36,233
국경의 왕,1,126
국경의 왕,2,552
국경의 왕,3,356
국경의 왕,4,186
국경의 왕,5,189
국경의 왕,6,49
국경의 왕,7,32
국경의 왕,16,140
살아남은 아이,-18,218
살아남은 아이,-1,99
살아남은 아이,0,150
살아남은 아이,1,871
살아남은 아이,2,4842
살아남은 아이,3,2152
살아남은 아이,4,985
살아남은 아이,5,284
살아남은 아이,6,672
살아남은 아이,7,104
살아남은 아이,8,137
살아남은 아이,9,48
살아남은 아이,13,325
살아남은 아이,25,87
살아남은 아이,60,33
호랑이보다 무서운 겨울손님,-17,178
호랑이보다 무서운 겨울손님,1,1427
호랑이보다 무서운 겨울손님,2,5664
호랑이보다 무서운 겨울손님,3,1188
호랑이보다 무서운 겨울손님,4,233
호랑이보다 무서운 겨울손님,5,152
호랑이보다 무서운 겨울손님,6,24
호랑이보다 무서운 겨울손님,32,55
호랑이보다 무서운 겨울손님,58,15
소공녀,1,1373
소공녀,2,31867
소공녀,3,12820
소공녀,4,5829
소공녀,5,3050
소공녀,6,1518
소공녀,7,1027
소공녀,8,533
소공녀,9,215
소공녀,10,205
소공녀,15,364
소공녀,16,33
소공녀,34,343
소공녀,35,64
소공녀,39,49
소공녀,40,35
소은이의 무릎,-76,60
소은이의 무릎,1,158
소은이의 무릎,2,706
소은이의 무릎,3,134
소은이의 무릎,5,65
소은이의 무릎,6,63
피의 연대기,-5,71
피의 연대기,-1,45
피의 연대기,1,361
피의 연대기,2,2415
피의 연대기,3,1910
피의 연대기,4,1394
피의 연대기,5,938
피의 연대기,6,682
피의 연대기,7,481
피의 연대기,8,722
피의 연대기,9,397
피의 연대기,10,124
피의 연대기,13,430
피의 연대기,14,48
피의 연대기,18,110
피의 연대기,49,561
피의 연대기,94,276
해원,-1,45
해원,1,126
해원,2,639
해원,3,338
해원,4,143
너와 극장에서,-6,320
너와 극장에서,1,490
너와 극장에서,2,502
너와 극장에서,3,235
너와 극장에서,4,164
너와 극장에서,5,106
너와 극장에서,6,29
너와 극장에서,7,37
박화영,-31,251
박화영,1,720
박화영,2,818
박화영,3,357
박화영,4,474
박화영,5,289
박화영,6,640
박화영,7,496
박화영,9,692
박화영,10,276
박화영,11,196
박화영,12,92
박화영,13,116
박화영,14,152
박화영,15,139
죄 많은 소녀,0,1187
죄 많은 소녀,1,471
죄 많은 소녀,2,9337
죄 많은 소녀,3,5456
죄 많은 소녀,4,3039
죄 많은 소녀,5,857
죄 많은 소녀,6,348
죄 많은 소녀,7,260
죄 많은 소녀,8,156
죄 많은 소녀,9,52
죄 많은 소녀,10,71
죄 많은 소녀,11,9
히치하이크,1,553
히치하이크,2,397
히치하이크,3,255
히치하이크,4,137
히치하이크,5,31
히치하이크,6,22
히치하이크,7,21
히치하이크,8,3
이월,-38,194
이월,-36,14
이월,-1,11
이월,1,327
이월,2,571
이월,3,258
이월,4,173
이월,5,96
이월,6,38
이월,7,29
이월,8,45
굿바이 마이 러브NK: 붉은 청춘,1,946
굿바이 마이 러브NK: 붉은 청춘,2,668
굿바이 마이 러브NK: 붉은 청춘,3,379
굿바이 마이 러브NK: 붉은 청춘,4,207
굿바이 마이 러브NK: 붉은 청춘,5,58
굿바이 마이 러브NK: 붉은 청춘,6,30
련희와 연희,0,0
련희와 연희,1,202
련희와 연희,2,108
련희와 연희,3,35
련희와 연희,4,28
련희와 연희,5,25
련희와 연희,6,17
련희와 연희,7,19
련희와 연희,8,26
련희와 연희,9,13
련희와 연희,10,14
련희와 연희,11,14
련희와 연희,12,11
련희와 연희,13,14
련희와 연희,14,14
련희와 연희,15,442
련희와 연희,16,12
련희와 연희,17,14
련희와 연희,18,12
련희와 연희,19,13
련희와 연희,20,14
련희와 연희,21,14
련희와 연희,22,14
련희와 연희,24,24
련희와 연희,25,10
련희와 연희,26,7
련희와 연희,27,7
련희와 연희,28,7
련희와 연희,29,262
광인옥한흠,-2,0
광인옥한흠,0,581
광인옥한흠,1,125
광인옥한흠,2,1510
광인옥한흠,3,647
광인옥한흠,4,58
광인옥한흠,5,15
어둔 밤,0,0
어둔 밤,1,126
어둔 밤,2,720
어둔 밤,3,276
어둔 밤,4,73
어둔 밤,6,169
어둔 밤,7,17
어둔 밤,11,12
신과함께-죄와 벌,1,16199
신과함께-죄와 벌,2,5185381
신과함께-죄와 벌,3,4548906
신과함께-죄와 벌,4,2082474
신과함께-죄와 벌,5,1206487
신과함께-죄와 벌,6,602430
신과함께-죄와 벌,7,375050
신과함께-죄와 벌,8,215545
신과함께-죄와 벌,9,123120
신과함께-죄와 벌,10,47475
신과함께-죄와 벌,11,6958
신과함께-죄와 벌,12,397
신과함께-죄와 벌,13,95
신과함께-죄와 벌,15,36
신과함께-죄와 벌,16,14
신과함께-죄와 벌,35,187
신과함께-죄와 벌,43,598
신과함께-죄와 벌,44,103
신과함께-죄와 벌,97,207
1987,-1,0
1987,0,15240
1987,1,20091
1987,2,2655462
1987,3,1754268
1987,4,1587119
1987,5,737827
1987,6,308522
1987,7,113148
1987,8,30676
1987,9,3575
1987,10,4298
돌아와요 부산항애(愛),-2,595
돌아와요 부산항애(愛),-1,1632
돌아와요 부산항애(愛),1,287
돌아와요 부산항애(愛),2,4172
돌아와요 부산항애(愛),3,233
돌아와요 부산항애(愛),4,26
스타박'스 다방,-2,180
스타박'스 다방,-1,171
스타박'스 다방,1,552
스타박'스 다방,2,874
스타박'스 다방,3,50
스타박'스 다방,4,28
스타박'스 다방,5,21
스타박'스 다방,48,17
스타박'스 다방,49,8
스타박'스 다방,50,10
스타박'스 다방,51,10
스타박'스 다방,65,562
1급기밀,-2,992
1급기밀,0,4643
1급기밀,1,3404
1급기밀,2,186729
1급기밀,3,19369
1급기밀,4,2995
1급기밀,5,207
1급기밀,8,312
그것만이 내 세상,-1,414
그것만이 내 세상,0,1845
그것만이 내 세상,1,20448
그것만이 내 세상,2,1091541
그것만이 내 세상,3,1049190
그것만이 내 세상,4,738129
그것만이 내 세상,5,376269
그것만이 내 세상,6,104820
그것만이 내 세상,7,32094
그것만이 내 세상,8,1309
그것만이 내 세상,9,344
그것만이 내 세상,10,593
그것만이 내 세상,42,1927
그것만이 내 세상,45,188
그것만이 내 세상,48,425
반도에 살어리랏다,-1,0
반도에 살어리랏다,1,1114
반도에 살어리랏다,2,415
반도에 살어리랏다,3,117
반도에 살어리랏다,4,103
반도에 살어리랏다,5,61
반도에 살어리랏다,7,91
반도에 살어리랏다,37,167
젝스키스 에이틴,0,0
젝스키스 에이틴,1,2292
젝스키스 에이틴,2,23887
젝스키스 에이틴,3,8889
젝스키스 에이틴,4,3374
젝스키스 에이틴,5,3045
젝스키스 에이틴,6,1133
젝스키스 에이틴,7,1654
젝스키스 에이틴,8,1123
젝스키스 에이틴,9,1135
젝스키스 에이틴,10,1869
천화,0,369
천화,1,218
천화,2,796
천화,3,178
천화,4,111
천화,5,35
천화,6,17
기생-꽃의 고백,0,0
기생-꽃의 고백,1,214
기생-꽃의 고백,2,71
기생-꽃의 고백,3,333
기생-꽃의 고백,6,9
기생-꽃의 고백,7,12
기생-꽃의 고백,8,694
기생-꽃의 고백,9,17
기생-꽃의 고백,10,14
기생-꽃의 고백,11,14
기생-꽃의 고백,12,13
기생-꽃의 고백,13,13
기생-꽃의 고백,14,14
기생-꽃의 고백,15,15
기생-꽃의 고백,16,15
기생-꽃의 고백,17,14
기생-꽃의 고백,18,254
기생-꽃의 고백,19,10
기생-꽃의 고백,20,7
기생-꽃의 고백,21,7
기생-꽃의 고백,22,7
기생-꽃의 고백,23,7
기생-꽃의 고백,26,9
기생-꽃의 고백,31,61
기생-꽃의 고백,32,14
비밥바룰라,1,1976
비밥바룰라,2,39230
비밥바룰라,3,2212
비밥바룰라,4,1142
비밥바룰라,5,270
비밥바룰라,6,631
비밥바룰라,16,1251
염력,1,8581
염력,2,904274
염력,3,72452
염력,4,1169
염력,9,1691
염력,10,1170
조선명탐정: 흡혈괴마의 비밀,0,19793
조선명탐정: 흡혈괴마의 비밀,1,15853
조선명탐정: 흡혈괴마의 비밀,2,1182912
조선명탐정: 흡혈괴마의 비밀,3,990786
조선명탐정: 흡혈괴마의 비밀,4,221687
조선명탐정: 흡혈괴마의 비밀,5,11986
조선명탐정: 흡혈괴마의 비밀,6,308
조선명탐정: 흡혈괴마의 비밀,7,568
조선명탐정: 흡혈괴마의 비밀,8,228
조선명탐정: 흡혈괴마의 비밀,30,2
퍼즐,1,840
퍼즐,2,243
퍼즐,3,28
퍼즐,4,8
퍼즐,5,24
퍼즐,6,14
흥부: 글로 세상을 바꾼 자,1,3850
흥부: 글로 세상을 바꾼 자,2,355503
흥부: 글로 세상을 바꾼 자,3,53342
흥부: 글로 세상을 바꾼 자,4,2243
터닝메카드W: 반다인의 비밀 특별판,1,503
터닝메카드W: 반다인의 비밀 특별판,2,18690
터닝메카드W: 반다인의 비밀 특별판,3,2495
터닝메카드W: 반다인의 비밀 특별판,4,207
환절기,1,1373
환절기,2,3123
환절기,3,1199
환절기,4,579
환절기,5,181
환절기,6,66
환절기,7,18
환절기,12,50
환절기,37,3
골든슬럼버,0,0
골든슬럼버,1,8685
골든슬럼버,2,1084409
골든슬럼버,3,276452
골든슬럼버,4,14390
골든슬럼버,5,1443
골든슬럼버,6,1804
라라,-1,0
라라,1,846
라라,4,1009
리틀 포레스트,0,10085
리틀 포레스트,1,5513
리틀 포레스트,2,769686
리틀 포레스트,3,398473
리틀 포레스트,4,199195
리틀 포레스트,5,99769
리틀 포레스트,6,16532
리틀 포레스트,7,3602
리틀 포레스트,8,781
리틀 포레스트,9,294
리틀 포레스트,11,331
리틀 포레스트,12,84
리틀 포레스트,13,74
리틀 포레스트,14,7
리틀 포레스트,18,343
리틀 포레스트,19,97
리틀 포레스트,34,856
리틀 포레스트,35,10
리틀 포레스트,38,120
궁합,-1,0
궁합,0,406
궁합,1,4196
궁합,2,1032581
궁합,3,261860
궁합,4,34250
궁합,5,5541
궁합,7,859
궁합,8,154
게이트,1,1890
게이트,2,84662
게이트,3,12236
게이트,4,1447
게이트,5,734
게이트,6,171
게이트,7,32
우리는 썰매를 탄다,1,839
우리는 썰매를 탄다,2,1138
우리는 썰매를 탄다,3,178
우리는 썰매를 탄다,4,149
우리는 썰매를 탄다,5,5
우리는 썰매를 탄다,6,119
사라진 밤,0,208
사라진 밤,1,8015
사라진 밤,2,760212
사라진 밤,3,392003
사라진 밤,4,149323
사라진 밤,5,5210
사라진 밤,6,270
사라진 밤,7,26
사라진 밤,8,419
사라진 밤,9,35
예스 평창!,-1,0
예스 평창!,1,821
바나나쏭의 기적,-1,0
바나나쏭의 기적,1,3016
바나나쏭의 기적,2,3741
바나나쏭의 기적,3,1624
바나나쏭의 기적,4,381
바나나쏭의 기적,5,161
바나나쏭의 기적,6,102
바나나쏭의 기적,7,126
바나나쏭의 기적,12,578
괴물들,1,552
괴물들,2,2457
괴물들,3,225
괴물들,5,40
지금 만나러 갑니다,0,6503
지금 만나러 갑니다,1,16077
지금 만나러 갑니다,2,1052456
지금 만나러 갑니다,3,876695
지금 만나러 갑니다,4,423728
지금 만나러 갑니다,5,173486
지금 만나러 갑니다,6,43013
지금 만나러 갑니다,7,8303
지금 만나러 갑니다,8,266
지금 만나러 갑니다,9,411
지금 만나러 갑니다,10,98
지금 만나러 갑니다,13,382
지금 만나러 갑니다,17,111
지금 만나러 갑니다,19,480
머니백,0,2508
머니백,1,2571
머니백,2,44114
머니백,3,3737
덕구,0,6285
덕구,1,5478
덕구,2,177942
덕구,3,74731
덕구,4,37128
덕구,5,5794
덕구,6,3078
덕구,8,1916
덕구,9,824
덕구,15,163
덕구,16,270
덕구,36,1555
덕구,37,440
덕구,68,432
무문관,0,699
무문관,1,247
무문관,2,7244
무문관,3,3714
무문관,4,3021
무문관,5,2079
무문관,6,1761
무문관,7,1240
무문관,8,370
무문관,9,670
무문관,10,417
무문관,11,79
무문관,15,19
무문관,16,56
무문관,17,62
무문관,18,67
무문관,19,36
치즈인더트랩,0,0
치즈인더트랩,1,6155
치즈인더트랩,2,172473
치즈인더트랩,3,47492
치즈인더트랩,4,2622
당신의 부탁,-5,0
당신의 부탁,0,1141
당신의 부탁,1,603
당신의 부탁,2,19818
당신의 부탁,3,3497
당신의 부탁,4,462
당신의 부탁,5,125
당신의 부탁,6,134
타클라마칸,-1,0
타클라마칸,1,451
타클라마칸,2,326
타클라마칸,3,46
타클라마칸,4,15
곤지암,-1,0
곤지암,0,10165
곤지암,1,57918
곤지암,2,1496379
곤지암,3,771486
곤지암,4,256746
곤지암,5,79555
곤지암,6,2534
곤지암,7,663
곤지암,8,80
곤지암,10,32
곤지암,24,11
곤지암,56,168
오장군의 발톱,1,245
오장군의 발톱,2,1081
오장군의 발톱,3,346
오장군의 발톱,4,303
오장군의 발톱,5,358
오장군의 발톱,6,344
오장군의 발톱,7,49
미니특공대X,0,0
미니특공대X,1,1373
미니특공대X,2,55791
미니특공대X,3,27486
미니특공대X,4,11501
미니특공대X,5,2376
미니특공대X,6,1035
미니특공대X,14,413
미니특공대X,17,64
미니특공대X,35,56
미니특공대X,39,43
7년의 밤,0,194
7년의 밤,1,7717
7년의 밤,2,457140
7년의 밤,3,54057
7년의 밤,4,5160
7년의 밤,5,3448
"그날, 바다",0,38
"그날, 바다",1,7827
"그날, 바다",2,250490
"그날, 바다",3,171915
"그날, 바다",4,70154
"그날, 바다",5,27761
"그날, 바다",6,8965
"그날, 바다",7,1873
"그날, 바다",8,879
"그날, 바다",9,435
"그날, 바다",11,104
"그날, 바다",12,8
"그날, 바다",30,147
번개맨과 신비의 섬,-1,0
번개맨과 신비의 섬,1,638
번개맨과 신비의 섬,2,38013
번개맨과 신비의 섬,3,15886
번개맨과 신비의 섬,4,4530
번개맨과 신비의 섬,5,731
바람 바람 바람,-1,0
바람 바람 바람,0,6581
바람 바람 바람,1,10849
바람 바람 바람,2,770279
바람 바람 바람,3,286741
바람 바람 바람,4,112530
바람 바람 바람,5,6763
바람 바람 바람,6,310
바람 바람 바람,7,145
바람 바람 바람,8,14
바람 바람 바람,10,10
더 블랙,1,356
더 블랙,2,248
더 블랙,3,108
더 블랙,7,80
더 블랙,16,11
나를 기억해,1,833
나를 기억해,2,134091
나를 기억해,3,4341
나를 기억해,4,998
나를 기억해,5,35
나를 기억해,6,186
나를 기억해,33,588
스파키,1,984
스파키,2,27434
스파키,3,5700
스파키,4,1018
스파키,5,101
스파키,6,102
스파키,7,95
임을 위한 행진곡,-4,1432
임을 위한 행진곡,-3,1363
임을 위한 행진곡,0,1804
임을 위한 행진곡,1,1293
임을 위한 행진곡,2,9496
임을 위한 행진곡,3,1478
임을 위한 행진곡,4,1131
살인소설,1,2544
살인소설,2,43384
살인소설,3,3632
살인소설,4,90
클레어의 카메라,1,208
클레어의 카메라,2,5873
클레어의 카메라,3,2075
클레어의 카메라,4,664
클레어의 카메라,5,309
클레어의 카메라,6,144
클레어의 카메라,7,82
클레어의 카메라,8,30
클레어의 카메라,9,31
클레어의 카메라,29,14
레슬러,-2,0
레슬러,0,5178
레슬러,1,48430
레슬러,2,553597
레슬러,3,146665
레슬러,4,13498
레슬러,5,1777
레슬러,7,1606
레슬러,9,240
챔피언,1,3455
챔피언,2,845212
챔피언,3,232053
챔피언,4,40272
챔피언,5,5144
챔피언,6,1906
다이빙벨 그후,-1,328
다이빙벨 그후,0,388
다이빙벨 그후,1,997
다이빙벨 그후,2,835
다이빙벨 그후,3,348
다이빙벨 그후,4,61
다이빙벨 그후,5,10
독전,0,401
독전,1,6716
독전,2,1962720
독전,3,1679119
독전,4,908972
독전,5,284434
독전,6,151043
독전,7,63867
독전,8,5336
독전,9,779
독전,10,42
독전,31,233
5.18 힌츠페터 스토리,1,2652
5.18 힌츠페터 스토리,2,6961
5.18 힌츠페터 스토리,3,506
5.18 힌츠페터 스토리,4,130
5.18 힌츠페터 스토리,5,45
5.18 힌츠페터 스토리,8,50
5.18 힌츠페터 스토리,9,23
5.18 힌츠페터 스토리,11,21
5.18 힌츠페터 스토리,12,28
5.18 힌츠페터 스토리,13,55
5.18 힌츠페터 스토리,14,59
5.18 힌츠페터 스토리,15,54
5.18 힌츠페터 스토리,53,26
버닝,1,3101
버닝,2,384940
버닝,3,87489
버닝,4,39483
버닝,5,10029
버닝,6,2478
버닝,7,368
버닝,8,159
버닝,10,95
버닝,11,10
버닝,31,220
버닝,32,53
서산개척단,1,2252
서산개척단,2,1864
서산개척단,3,616
서산개척단,4,264
서산개척단,5,207
서산개척단,7,27
오목소녀,1,0
오목소녀,2,583
오목소녀,3,359
오목소녀,4,160
오목소녀,20,189
오목소녀,21,49
오목소녀,22,46
오목소녀,32,123
홈,1,583
홈,2,5707
홈,3,1273
홈,4,427
홈,5,96
홈,6,73
홈,7,39
홈,8,8
홈,9,10
데자뷰,1,1665
데자뷰,2,45660
데자뷰,3,940
데자뷰,4,13
탐정: 리턴즈,-1,256
탐정: 리턴즈,1,15691
탐정: 리턴즈,2,1183226
탐정: 리턴즈,3,1018642
탐정: 리턴즈,4,710834
탐정: 리턴즈,5,162117
탐정: 리턴즈,6,51319
탐정: 리턴즈,7,8128
탐정: 리턴즈,8,1605
탐정: 리턴즈,59,1054
남자와 여자,1,0
남자와 여자,2,509
남자와 여자,5,359
여중생A,1,5877
여중생A,2,66007
여중생A,3,18747
여중생A,4,4906
변산,-1,4713
변산,0,10275
변산,1,3826
변산,2,322265
변산,3,119159
변산,4,25761
변산,5,3214
변산,19,1078
허스토리,-1,8435
허스토리,0,9119
허스토리,1,14852
허스토리,2,207877
허스토리,3,52134
허스토리,4,23590
허스토리,5,10902
허스토리,6,2373
허스토리,7,621
허스토리,8,1535
허스토리,9,801
허스토리,10,1095
허스토리,12,455
마녀,0,2401
마녀,1,5435
마녀,2,1191109
마녀,3,759555
마녀,4,624159
마녀,5,518582
마녀,6,85189
마녀,7,2404
마녀,8,160
마녀,9,90
더 펜션,1,1214
더 펜션,2,2010
더 펜션,3,50
더 펜션,4,48
나와 봄날의 약속,1,910
나와 봄날의 약속,2,1732
나와 봄날의 약속,3,167
나와 봄날의 약속,4,64
나와 봄날의 약속,6,34
안나 카레니나,1,187
안나 카레니나,18,2633
안나 카레니나,41,901
안나 카레니나,42,552
다영씨,1,360
다영씨,2,384
다영씨,3,139
다영씨,4,90
다영씨,5,43
다영씨,6,25
다영씨,9,28
다영씨,14,22
다영씨,15,22
다영씨,16,17
다영씨,17,18
나부야 나부야,0,24
나부야 나부야,1,172
나부야 나부야,2,686
나부야 나부야,3,366
나부야 나부야,4,173
나부야 나부야,5,446
나부야 나부야,6,244
나부야 나부야,7,353
나부야 나부야,9,108
나부야 나부야,10,52
나부야 나부야,11,42
식구,1,1153
식구,2,1941
식구,3,573
식구,4,61
식구,5,46
속닥속닥,0,0
속닥속닥,1,2542
속닥속닥,2,192489
속닥속닥,3,21961
속닥속닥,4,445
행복의 나라,1,210
행복의 나라,2,420
행복의 나라,3,118
행복의 나라,4,159
행복의 나라,5,91
신비아파트: 금빛 도깨비와 비밀의 동굴,0,1462
신비아파트: 금빛 도깨비와 비밀의 동굴,1,372
신비아파트: 금빛 도깨비와 비밀의 동굴,2,443651
신비아파트: 금빛 도깨비와 비밀의 동굴,3,207597
신비아파트: 금빛 도깨비와 비밀의 동굴,4,17511
신비아파트: 금빛 도깨비와 비밀의 동굴,5,6270
신비아파트: 금빛 도깨비와 비밀의 동굴,6,678
신비아파트: 금빛 도깨비와 비밀의 동굴,7,247
신비아파트: 금빛 도깨비와 비밀의 동굴,8,105
신비아파트: 금빛 도깨비와 비밀의 동굴,9,18
신비아파트: 금빛 도깨비와 비밀의 동굴,11,35
신비아파트: 금빛 도깨비와 비밀의 동굴,14,41
신비아파트: 금빛 도깨비와 비밀의 동굴,19,103
신과함께-인과 연,-1,0
신과함께-인과 연,1,21749
신과함께-인과 연,2,7317743
신과함께-인과 연,3,2782359
신과함께-인과 연,4,1358571
신과함께-인과 연,5,473468
신과함께-인과 연,6,203279
신과함께-인과 연,7,87499
신과함께-인과 연,8,24539
신과함께-인과 연,9,1750
신과함께-인과 연,10,1455
신과함께-인과 연,11,175
신과함께-인과 연,12,178
신과함께-인과 연,13,19
신과함께-인과 연,14,355
신과함께-인과 연,15,878
목격자,-3,0
목격자,0,9300
목격자,1,14780
목격자,2,1579112
목격자,3,680781
목격자,4,190800
목격자,5,44743
목격자,6,4254
목격자,12,692
독전: 익스텐디드 컷,1,0
독전: 익스텐디드 컷,2,133342
독전: 익스텐디드 컷,3,4342
인랑,1,19666
인랑,2,843419
인랑,3,31880
인랑,4,1411
인랑,5,970
인랑,15,618
인랑,17,981
미친도시,1,616
미친도시,2,1036
미친도시,4,571
미친도시,6,231
미친도시,7,334
미친도시,9,143
미친도시,16,424
너의 결혼식,-1,9302
너의 결혼식,1,21718
너의 결혼식,2,1081555
너의 결혼식,3,969432
너의 결혼식,4,503203
너의 결혼식,5,221472
너의 결혼식,6,8248
너의 결혼식,7,4387
너의 결혼식,8,791
너의 결혼식,9,482
너의 결혼식,10,66
너의 결혼식,11,107
해적왕 작스톰,1,1387
해적왕 작스톰,2,4117
해적왕 작스톰,5,237
공작,-1,0
공작,0,3251
공작,1,11846
공작,2,2608218
공작,3,1597324
공작,4,515715
공작,5,165122
공작,6,57768
공작,7,11209
공작,8,2025
공작,9,1259
공작,10,166
공작,11,40
공작,13,454
공작,40,463
공작,57,542
극장판 헬로카봇 : 백악기 시대,0,0
극장판 헬로카봇 : 백악기 시대,1,4482
극장판 헬로카봇 : 백악기 시대,2,694069
극장판 헬로카봇 : 백악기 시대,3,101857
극장판 헬로카봇 : 백악기 시대,4,56916
극장판 헬로카봇 : 백악기 시대,5,10453
극장판 헬로카봇 : 백악기 시대,6,4480
극장판 헬로카봇 : 백악기 시대,7,3975
극장판 헬로카봇 : 백악기 시대,8,755
극장판 헬로카봇 : 백악기 시대,9,40
극장판 헬로카봇 : 백악기 시대,10,62
극장판 헬로카봇 : 백악기 시대,13,559
극장판 헬로카봇 : 백악기 시대,16,1307
극장판 헬로카봇 : 백악기 시대,17,200
극장판 헬로카봇 : 백악기 시대,18,44
극장판 헬로카봇 : 백악기 시대,19,161
극장판 헬로카봇 : 백악기 시대,20,32
밤치기,1,299
밤치기,2,970
밤치기,3,375
밤치기,4,251
밤치기,5,89
밤치기,6,31
밤치기,11,114
밤치기,14,10
밤치기,40,5
어른도감,0,538
어른도감,1,595
어른도감,2,2946
어른도감,3,1439
어른도감,4,527
어른도감,5,130
어른도감,6,349
어른도감,9,342
상류사회,1,3288
상류사회,2,581669
상류사회,3,154599
상류사회,4,25822
상류사회,5,334
상류사회,6,1044
상류사회,7,501
상류사회,10,700
대관람차,0,0
대관람차,1,590
대관람차,2,1422
대관람차,3,792
대관람차,4,291
대관람차,5,130
대관람차,6,113
대관람차,7,61
대관람차,9,55
대관람차,12,91
대관람차,22,46
나비잠,1,504
나비잠,2,6295
나비잠,3,1910
나비잠,4,527
나비잠,5,380
나비잠,6,234
나비잠,7,144
나비잠,8,136
밤의 문이 열린다,1,744
밤의 문이 열린다,2,1304
밤의 문이 열린다,3,470
밤의 문이 열린다,4,223
밤의 문이 열린다,5,110
밤의 문이 열린다,6,121
밤의 문이 열린다,7,190
밤의 문이 열린다,8,38
물괴,1,7437
물괴,2,674971
물괴,3,29303
물괴,4,8988
물괴,5,31
물괴,6,600
물괴,7,1322
물괴,8,335
봄이가도,0,220
봄이가도,1,851
봄이가도,2,1033
봄이가도,3,294
봄이가도,4,122
봄이가도,5,62
봄이가도,6,149
봄이가도,7,87
봄이가도,8,115
봄이가도,9,51
봄이가도,10,41
봄이가도,11,59
봄이가도,12,82
협상,1,24577
협상,2,1080508
협상,3,743030
협상,4,97826
협상,5,12421
협상,6,6179
협상,7,1513
한강에게,-16,140
한강에게,-1,94
한강에게,0,361
한강에게,1,248
한강에게,2,982
한강에게,3,411
한강에게,4,181
한강에게,5,158
한강에게,6,64
한강에게,7,51
파도치는 땅,0,66
파도치는 땅,1,277
파도치는 땅,2,333
파도치는 땅,3,113
파도치는 땅,4,64
파도치는 땅,5,26
파도치는 땅,6,10
안시성,0,406
안시성,1,24844
안시성,2,2871930
안시성,3,1832623
안시성,4,520313
안시성,5,122813
안시성,6,49599
안시성,7,13112
안시성,8,2263
안시성,9,817
안시성,11,588
명당,0,2426
명당,1,8673
명당,2,1413223
명당,3,603055
명당,4,45866
명당,5,7125
명당,6,3311
명당,7,2184
명당,8,888
명당,10,559
미쓰백,-3,786
미쓰백,-1,247
미쓰백,0,3902
미쓰백,1,5497
미쓰백,2,276996
미쓰백,3,239144
미쓰백,4,159012
미쓰백,5,30830
미쓰백,6,4284
미쓰백,7,572
미쓰백,8,481
맞짱,1,0
맞짱,2,439
맞짱,13,539
암수살인,-2,0
암수살인,1,20512
암수살인,2,2079291
암수살인,3,869892
암수살인,4,502680
암수살인,5,271008
암수살인,6,38868
암수살인,7,5610
암수살인,8,1181
극장판 뽀잉: 슈퍼 변신의 비밀,1,1111
극장판 뽀잉: 슈퍼 변신의 비밀,2,28684
극장판 뽀잉: 슈퍼 변신의 비밀,3,6652
극장판 뽀잉: 슈퍼 변신의 비밀,4,1114
극장판 뽀잉: 슈퍼 변신의 비밀,5,779
극장판 뽀잉: 슈퍼 변신의 비밀,6,487
극장판 뽀잉: 슈퍼 변신의 비밀,7,463
극장판 뽀잉: 슈퍼 변신의 비밀,8,475
극장판 뽀잉: 슈퍼 변신의 비밀,9,481
극장판 뽀잉: 슈퍼 변신의 비밀,10,347
극장판 뽀잉: 슈퍼 변신의 비밀,11,322
원더풀 고스트,0,2613
원더풀 고스트,1,3705
원더풀 고스트,2,406906
원더풀 고스트,3,30548
원더풀 고스트,4,3521
원더풀 고스트,5,1624
원더풀 고스트,6,563
원더풀 고스트,7,400
원더풀 고스트,16,494
완벽한 타인,-1,1408
완벽한 타인,0,5566
완벽한 타인,1,40136
완벽한 타인,2,1981808
완벽한 타인,3,1591285
완벽한 타인,4,877442
완벽한 타인,5,471729
완벽한 타인,6,197196
완벽한 타인,7,68575
완벽한 타인,8,45475
완벽한 타인,9,7702
완벽한 타인,10,5649
창궐,0,1588
창궐,1,9782
창궐,2,1302858
창궐,3,246756
창궐,4,34749
창궐,5,1774
창궐,6,1508
배반의 장미,1,1012
배반의 장미,2,37911
배반의 장미,3,1946
언더독,-1,382
언더독,0,9257
언더독,1,9959
언더독,2,122196
언더독,3,40377
언더독,4,3910
언더독,5,1603
언더독,6,686
언더독,7,856
언더독,8,392
언더독,9,347
언더독,10,521
언더독,12,3356
언더독,13,6
언더독,42,176
폴란드로 간 아이들,0,3890
폴란드로 간 아이들,1,1454
폴란드로 간 아이들,2,24881
폴란드로 간 아이들,3,6745
폴란드로 간 아이들,4,3458
폴란드로 간 아이들,5,2489
폴란드로 간 아이들,6,2300
폴란드로 간 아이들,7,1633
폴란드로 간 아이들,8,828
폴란드로 간 아이들,9,448
폴란드로 간 아이들,10,337
폴란드로 간 아이들,12,498
폴란드로 간 아이들,13,86
폴란드로 간 아이들,15,117
폴란드로 간 아이들,16,39
폴란드로 간 아이들,19,53
폴란드로 간 아이들,28,146
폴란드로 간 아이들,36,1134
폴란드로 간 아이들,37,7
폴란드로 간 아이들,51,388
폴란드로 간 아이들,53,12
풀잎들,1,151
풀잎들,2,4087
풀잎들,3,1527
풀잎들,4,845
풀잎들,5,373
풀잎들,6,139
풀잎들,9,153
풀잎들,13,96
늦여름,1,534
늦여름,2,306
늦여름,3,54
늦여름,5,29
늦여름,7,40
"이,기적인 남자",1,488
"이,기적인 남자",2,402
"이,기적인 남자",3,25
동네사람들,1,4731
동네사람들,2,401721
동네사람들,3,48144
동네사람들,4,5515
뷰티풀 데이즈,-3,0
뷰티풀 데이즈,1,872
뷰티풀 데이즈,2,5143
뷰티풀 데이즈,3,618
뷰티풀 데이즈,4,440
뷰티풀 데이즈,5,38
뷰티풀 데이즈,6,164
뷰티풀 데이즈,8,27
뷰티풀 데이즈,48,45
뷰티풀 데이즈,49,1
군산: 거위를 노래하다,1,599
군산: 거위를 노래하다,2,8441
군산: 거위를 노래하다,3,4185
군산: 거위를 노래하다,4,1027
군산: 거위를 노래하다,5,287
군산: 거위를 노래하다,6,457
군산: 거위를 노래하다,7,289
군산: 거위를 노래하다,8,33
군산: 거위를 노래하다,9,22
군산: 거위를 노래하다,10,20
군산: 거위를 노래하다,11,27
군산: 거위를 노래하다,14,52
출국,1,1995
출국,2,50773
출국,3,22053
출국,4,4653
출국,5,1357
출국,6,827
여곡성,0,0
여곡성,1,1586
여곡성,2,62618
여곡성,3,2862
여곡성,4,170
어른이 되면,-1,238
어른이 되면,1,1452
어른이 되면,2,992
어른이 되면,3,966
어른이 되면,4,731
어른이 되면,5,409
어른이 되면,6,243
어른이 되면,7,181
어른이 되면,8,88
어른이 되면,9,115
어른이 되면,10,81
어른이 되면,11,57
어른이 되면,12,68
어른이 되면,28,361
내가 사는 세상,-12,55
내가 사는 세상,-1,27
내가 사는 세상,0,146
내가 사는 세상,1,241
내가 사는 세상,2,556
내가 사는 세상,3,220
내가 사는 세상,4,187
내가 사는 세상,11,109
영주,-1,321
영주,1,860
영주,2,12854
영주,3,6637
영주,4,2806
영주,5,860
영주,6,188
영주,7,174
영주,8,52
영주,9,36
영주,12,34
해피 투게더,1,1998
해피 투게더,2,18991
해피 투게더,3,3228
해피 투게더,4,1304
해피 투게더,5,1046
국가부도의 날,-2,0
국가부도의 날,0,3957
국가부도의 날,1,15251
국가부도의 날,2,1852989
국가부도의 날,3,1025743
국가부도의 날,4,765965
국가부도의 날,5,74175
국가부도의 날,6,10996
국가부도의 날,7,2953
국가부도의 날,8,1254
국가부도의 날,9,1391
국가부도의 날,12,58
성난황소,-1,0
성난황소,0,19081
성난황소,1,65467
성난황소,2,1098990
성난황소,3,339035
성난황소,4,58129
성난황소,5,12471
도어락,0,11125
도어락,1,8917
도어락,2,948976
도어락,3,544007
도어락,4,42473
도어락,5,4447
도어락,6,470
도어락,8,513
하나식당,1,1236
하나식당,2,976
하나식당,3,244
시인 할매,0,140
시인 할매,1,3310
시인 할매,2,2700
시인 할매,3,1817
시인 할매,4,408
시인 할매,5,127
시인 할매,6,70
시인 할매,8,45
시인 할매,17,43
시인 할매,39,1258
번개맨의 비밀,-2,0
번개맨의 비밀,1,1289
번개맨의 비밀,2,37830
번개맨의 비밀,3,11341
번개맨의 비밀,4,355
인어전설,1,0
인어전설,2,622
인어전설,5,228
인어전설,25,305
인어전설,26,16
인어전설,27,18
인어전설,28,15
인어전설,29,17
번 더 스테이지: 더 무비,1,0
번 더 스테이지: 더 무비,2,264087
번 더 스테이지: 더 무비,3,41273
"안녕, 나의 소녀 시절이여",-2,208
"안녕, 나의 소녀 시절이여",1,745
"안녕, 나의 소녀 시절이여",2,786
"안녕, 나의 소녀 시절이여",3,199
"안녕, 나의 소녀 시절이여",4,126
"안녕, 나의 소녀 시절이여",5,101
"안녕, 나의 소녀 시절이여",6,89
"안녕, 나의 소녀 시절이여",7,37
"안녕, 나의 소녀 시절이여",8,29
"안녕, 나의 소녀 시절이여",10,8
"안녕, 나의 소녀 시절이여",11,14
"안녕, 나의 소녀 시절이여",13,173
"안녕, 나의 소녀 시절이여",20,164
리스펙트,1,484
리스펙트,2,1282
리스펙트,3,461
리스펙트,4,44
스윙키즈,-1,2089
스윙키즈,0,21778
스윙키즈,1,84839
스윙키즈,2,811344
스윙키즈,3,404934
스윙키즈,4,125382
스윙키즈,5,14912
스윙키즈,6,2823
스윙키즈,7,1794
스윙키즈,8,636
스윙키즈,9,252
스윙키즈,21,566
런닝맨 : 풀룰루의 역습,1,1985
런닝맨 : 풀룰루의 역습,2,126591
런닝맨 : 풀룰루의 역습,3,54734
런닝맨 : 풀룰루의 역습,4,3385
런닝맨 : 풀룰루의 역습,5,226
런닝맨 : 풀룰루의 역습,11,124
말모이,-2,23048
말모이,0,30528
말모이,1,108944
말모이,2,1246313
말모이,3,973322
말모이,4,324844
말모이,5,110084
말모이,6,36830
말모이,7,3680
말모이,8,3354
말모이,9,385
말모이,11,550
말모이,12,1525
말모이,13,841
말모이,22,1075
말모이,27,661
내안의 그놈,-5,0
내안의 그놈,-2,9220
내안의 그놈,-1,3248
내안의 그놈,1,14251
내안의 그놈,2,927206
내안의 그놈,3,777005
내안의 그놈,4,169932
내안의 그놈,5,12473
내안의 그놈,6,1247
내안의 그놈,7,1118
내안의 그놈,8,739
내안의 그놈,9,411
내안의 그놈,11,1
내안의 그놈,42,181
리벤져,0,0
리벤져,1,508
리벤져,2,2306
리벤져,3,347
김군,1,2350
김군,2,6801
김군,3,2669
김군,4,1291
김군,5,862
김군,6,749
김군,7,517
김군,8,265
김군,9,436
김군,10,147
김군,11,474
벌새,-37,298
벌새,1,2635
벌새,2,26548
벌새,3,24705
벌새,4,26933
벌새,5,17665
벌새,6,11055
벌새,7,10476
벌새,8,5958
벌새,9,4489
벌새,10,2890
보희와 녹양,-24,146
보희와 녹양,1,579
보희와 녹양,2,1667
보희와 녹양,3,796
보희와 녹양,4,433
보희와 녹양,5,322
보희와 녹양,6,322
보희와 녹양,7,227
보희와 녹양,8,572
보희와 녹양,9,461
보희와 녹양,10,121
보희와 녹양,11,55
보희와 녹양,12,45
뷰티풀 보이스,0,1167
뷰티풀 보이스,1,132
뷰티풀 보이스,2,910
뷰티풀 보이스,3,210
뷰티풀 보이스,4,7
뷰티풀 보이스,5,11
뷰티플 마인드,-18,71
뷰티플 마인드,1,631
뷰티플 마인드,2,6330
뷰티플 마인드,3,1242
뷰티플 마인드,4,505
뷰티플 마인드,5,150
뷰티플 마인드,6,67
트와이스랜드,1,1328
트와이스랜드,2,14682
점박이 한반도의 공룡2 : 새로운 낙원,1,6516
점박이 한반도의 공룡2 : 새로운 낙원,2,368796
점박이 한반도의 공룡2 : 새로운 낙원,3,151561
점박이 한반도의 공룡2 : 새로운 낙원,4,19680
점박이 한반도의 공룡2 : 새로운 낙원,5,2157
점박이 한반도의 공룡2 : 새로운 낙원,7,954
점박이 한반도의 공룡2 : 새로운 낙원,8,29
점박이 한반도의 공룡2 : 새로운 낙원,14,399
점박이 한반도의 공룡2 : 새로운 낙원,16,7
선종 무문관,1,189
선종 무문관,2,475
선종 무문관,3,287
선종 무문관,4,62
선종 무문관,5,410
선종 무문관,6,895
선종 무문관,7,355
선종 무문관,8,184
선종 무문관,9,80
마약왕,1,18959
마약왕,2,1591594
마약왕,3,222289
마약왕,4,29341
마약왕,5,1288
마약왕,6,220
마약왕,7,23
언니,1,1243
언니,2,181240
언니,3,15203
언니,4,555
PMC: 더 벙커,0,214
PMC: 더 벙커,1,21967
PMC: 더 벙커,2,1352709
PMC: 더 벙커,3,268809
PMC: 더 벙커,4,24652
PMC: 더 벙커,5,996
PMC: 더 벙커,6,1011
PMC: 더 벙커,8,703
메이트,1,581
메이트,2,1149
메이트,3,251
메이트,4,73
메이트,5,43
메이트,6,24
칠곡 가시나들,-2,1098
칠곡 가시나들,0,719
칠곡 가시나들,1,3757
칠곡 가시나들,2,21906
칠곡 가시나들,3,7999
칠곡 가시나들,4,2415
칠곡 가시나들,5,1168
칠곡 가시나들,6,707
칠곡 가시나들,7,857
칠곡 가시나들,8,514
칠곡 가시나들,9,150
칠곡 가시나들,10,282
칠곡 가시나들,11,159
칠곡 가시나들,12,261
칠곡 가시나들,13,67
극장판 공룡메카드: 타이니소어의 섬,0,142
극장판 공룡메카드: 타이니소어의 섬,1,1433
극장판 공룡메카드: 타이니소어의 섬,2,318293
극장판 공룡메카드: 타이니소어의 섬,3,67223
극장판 공룡메카드: 타이니소어의 섬,4,21060
극장판 공룡메카드: 타이니소어의 섬,5,1033
극장판 공룡메카드: 타이니소어의 섬,7,918
극장판 공룡메카드: 타이니소어의 섬,11,93
극장판 공룡메카드: 타이니소어의 섬,15,71
극장판 공룡메카드: 타이니소어의 섬,42,7
그대 이름은 장미,-1,1184
그대 이름은 장미,0,5587
그대 이름은 장미,1,8009
그대 이름은 장미,2,67918
그대 이름은 장미,3,2584
그대 이름은 장미,4,364
그대 이름은 장미,5,181
그대 이름은 장미,6,187
그대 이름은 장미,11,2923
그대 이름은 장미,13,162
극한직업,-1,0
극한직업,0,5886
극한직업,1,18305
극한직업,2,3870746
극한직업,3,5505723
극한직업,4,3850606
극한직업,5,1513552
극한직업,6,778654
극한직업,7,538883
극한직업,8,118891
극한직업,9,51329
극한직업,10,6739
극한직업,11,2021
극한직업,12,251
극한직업,14,240
극한직업,15,155
극한직업,16,11
극한직업,19,569
극한직업,27,1743
극한직업,31,502
극한직업,33,98
창간호,0,0
창간호,1,371
창간호,2,372
창간호,3,62
창간호,4,16
창간호,5,20
창간호,6,7
생일,-10,0
생일,-3,262
생일,-2,344
생일,-1,3797
생일,0,3283
생일,1,2725
생일,2,444405
생일,3,379456
생일,4,275736
생일,5,73365
생일,6,9854
생일,7,1309
생일,8,1199
극장판 헬로카봇: 옴파로스 섬의 비밀,-1,0
극장판 헬로카봇: 옴파로스 섬의 비밀,0,140
극장판 헬로카봇: 옴파로스 섬의 비밀,1,2148
극장판 헬로카봇: 옴파로스 섬의 비밀,2,437948
극장판 헬로카봇: 옴파로스 섬의 비밀,3,94444
극장판 헬로카봇: 옴파로스 섬의 비밀,4,27135
극장판 헬로카봇: 옴파로스 섬의 비밀,5,10069
극장판 헬로카봇: 옴파로스 섬의 비밀,6,2014
극장판 헬로카봇: 옴파로스 섬의 비밀,8,608
극장판 헬로카봇: 옴파로스 섬의 비밀,9,130
극장판 헬로카봇: 옴파로스 섬의 비밀,10,209
극장판 헬로카봇: 옴파로스 섬의 비밀,12,136
극장판 헬로카봇: 옴파로스 섬의 비밀,13,54
증인,-2,2877
증인,1,33148
증인,2,911796
증인,3,747732
증인,4,644843
증인,5,138230
증인,6,48641
증인,7,4680
증인,13,1610
증인,39,670
기묘한 가족,-1,1126
기묘한 가족,1,13496
기묘한 가족,2,231283
기묘한 가족,3,15900
뺑반,0,0
뺑반,1,14257
뺑반,2,1292169
뺑반,3,484380
뺑반,4,34829
뺑반,5,622
뺑반,8,27
러브 유어셀프 인 서울,1,0
러브 유어셀프 인 서울,2,273375
러브 유어셀프 인 서울,3,49557
사바하,0,727
사바하,1,6446
사바하,2,1395580
사바하,3,816577
사바하,4,141877
사바하,5,33078
사바하,6,2273
사바하,7,1350
자전차왕 엄복동,1,7716
자전차왕 엄복동,2,157816
자전차왕 엄복동,3,4152
자전차왕 엄복동,4,708
자전차왕 엄복동,5,1818
오늘도 평화로운,-6,0
오늘도 평화로운,0,556
오늘도 평화로운,1,221
오늘도 평화로운,2,871
오늘도 평화로운,3,297
오늘도 평화로운,4,101
오늘도 평화로운,5,72
오늘도 평화로운,6,55
오늘도 평화로운,7,25
항거:유관순 이야기,1,2990
항거:유관순 이야기,2,867329
항거:유관순 이야기,3,198139
항거:유관순 이야기,4,69361
항거:유관순 이야기,5,7372
항거:유관순 이야기,6,3763
항거:유관순 이야기,7,1974
항거:유관순 이야기,8,2306
항거:유관순 이야기,9,1151
항거:유관순 이야기,11,1003
항거:유관순 이야기,13,580
항거:유관순 이야기,15,688
항거:유관순 이야기,18,789
"어쩌다, 결혼",1,1023
"어쩌다, 결혼",2,74580
"어쩌다, 결혼",3,984
"어쩌다, 결혼",4,139
"어쩌다, 결혼",26,20
로드킬,1,300
포항,0,0
포항,1,422
포항,2,90
포항,3,306
포항,5,324
포항,7,11
사랑의 선물,1,95
사랑의 선물,2,3791
사랑의 선물,3,1713
사랑의 선물,4,751
사랑의 선물,5,357
사랑의 선물,6,161
사랑의 선물,7,1671
사랑의 선물,8,1533
사랑의 선물,9,15
우상,-1,142
우상,1,9364
우상,2,148323
우상,3,20710
우상,4,3586
우상,5,1183
우상,6,333
1919 유관순,1,2928
1919 유관순,2,19768
1919 유관순,3,7969
1919 유관순,4,19850
1919 유관순,5,2912
1919 유관순,6,1737
1919 유관순,7,1555
1919 유관순,8,503
1919 유관순,9,19
1919 유관순,10,17
1919 유관순,18,754
1919 유관순,22,2900
1919 유관순,23,368
1919 유관순,32,658
질투의 역사,1,861
악질경찰,0,0
악질경찰,1,3083
악질경찰,2,221776
악질경찰,3,35277
악질경찰,4,1054
악질경찰,5,56
선희와 슬기,1,443
선희와 슬기,2,1228
선희와 슬기,3,236
선희와 슬기,4,51
선희와 슬기,5,33
선희와 슬기,7,31
썬키스 패밀리,1,2400
썬키스 패밀리,2,28161
썬키스 패밀리,3,1009
썬키스 패밀리,4,102
로망,0,1759
로망,1,9391
로망,2,46062
로망,3,11539
로망,4,4970
로망,5,2209
로망,6,704
로망,7,443
로망,15,1838
로망,26,726
로망,27,68
로망,32,220
강변호텔,1,151
강변호텔,2,3980
강변호텔,3,1567
강변호텔,4,530
강변호텔,5,241
강변호텔,6,180
강변호텔,7,123
강변호텔,9,111
강변호텔,10,19
예수보다 낯선,1,245
예수보다 낯선,2,241
예수보다 낯선,3,85
예수보다 낯선,4,92
예수보다 낯선,5,133
예수보다 낯선,10,20
예수보다 낯선,11,17
예수보다 낯선,12,16
예수보다 낯선,13,16
왓칭,0,956
왓칭,1,1627
왓칭,2,50917
왓칭,3,1378
왓칭,4,290
교회오빠,-3,1076
교회오빠,0,1278
교회오빠,1,1796
교회오빠,2,29154
교회오빠,3,22460
교회오빠,4,14155
교회오빠,5,9081
교회오빠,6,6328
교회오빠,7,4473
교회오빠,8,5699
교회오빠,9,2717
교회오빠,10,2451
교회오빠,11,1737
교회오빠,12,869
교회오빠,13,470
교회오빠,14,637
교회오빠,15,578
교회오빠,16,450
교회오빠,17,176
교회오빠,18,136
교회오빠,19,230
교회오빠,20,611
교회오빠,25,2438
에움길,0,2423
에움길,1,1833
에움길,2,1595
에움길,3,463
에움길,4,104
에움길,5,417
에움길,6,268
에움길,9,229
에움길,10,35
에움길,11,121
막다른 골목의 추억,1,774
막다른 골목의 추억,2,1248
막다른 골목의 추억,3,869
막다른 골목의 추억,4,238
막다른 골목의 추억,5,144
막다른 골목의 추억,6,103
아픈 만큼 사랑한다,1,1755
아픈 만큼 사랑한다,2,5619
아픈 만큼 사랑한다,3,1514
아픈 만큼 사랑한다,4,2375
아픈 만큼 사랑한다,5,1171
아픈 만큼 사랑한다,6,437
아픈 만큼 사랑한다,7,159
아픈 만큼 사랑한다,8,297
아픈 만큼 사랑한다,9,134
아픈 만큼 사랑한다,10,558
아픈 만큼 사랑한다,11,178
아픈 만큼 사랑한다,12,248
아픈 만큼 사랑한다,13,112
아픈 만큼 사랑한다,14,183
아픈 만큼 사랑한다,15,134
아픈 만큼 사랑한다,16,395
아픈 만큼 사랑한다,17,211
아픈 만큼 사랑한다,19,345
아픈 만큼 사랑한다,20,78
아픈 만큼 사랑한다,21,108
아픈 만큼 사랑한다,22,34
아픈 만큼 사랑한다,23,99
크게 될 놈,0,522
크게 될 놈,1,1307
크게 될 놈,2,81331
크게 될 놈,3,10643
크게 될 놈,4,2864
크게 될 놈,5,2314
크게 될 놈,6,319
크게 될 놈,7,494
크게 될 놈,9,1580
노무현과 바보들,1,622
노무현과 바보들,2,16725
노무현과 바보들,3,3036
노무현과 바보들,4,898
노무현과 바보들,5,456
노무현과 바보들,6,1005
노무현과 바보들,11,391
"다시, 봄",1,3542
"다시, 봄",2,21914
"다시, 봄",3,2102
어린 의뢰인,-5,0
어린 의뢰인,-1,7100
어린 의뢰인,0,4356
어린 의뢰인,1,5620
어린 의뢰인,2,158088
어린 의뢰인,3,20587
어린 의뢰인,4,1965
어린 의뢰인,5,1088
어린 의뢰인,6,774
어린 의뢰인,7,2934
어린 의뢰인,16,497
나의 특별한 형제,-2,0
나의 특별한 형제,-1,10965
나의 특별한 형제,0,23468
나의 특별한 형제,1,1910
나의 특별한 형제,2,881676
나의 특별한 형제,3,413727
나의 특별한 형제,4,112580
나의 특별한 형제,5,21145
나의 특별한 형제,6,5115
나의 특별한 형제,7,1948
나의 특별한 형제,8,407
나의 특별한 형제,9,950
나의 특별한 형제,10,188
나의 특별한 형제,12,524
나의 특별한 형제,13,426
나의 특별한 형제,26,2263
나의 특별한 형제,28,215
뽀로로 극장판 보물섬 대모험,-1,0
뽀로로 극장판 보물섬 대모험,0,612
뽀로로 극장판 보물섬 대모험,1,1708
뽀로로 극장판 보물섬 대모험,2,395441
뽀로로 극장판 보물섬 대모험,3,271321
뽀로로 극장판 보물섬 대모험,4,57283
뽀로로 극장판 보물섬 대모험,5,28037
뽀로로 극장판 보물섬 대모험,6,6928
뽀로로 극장판 보물섬 대모험,7,2007
뽀로로 극장판 보물섬 대모험,8,1167
뽀로로 극장판 보물섬 대모험,9,509
뽀로로 극장판 보물섬 대모험,10,195
뽀로로 극장판 보물섬 대모험,11,426
뽀로로 극장판 보물섬 대모험,12,352
뽀로로 극장판 보물섬 대모험,14,207
뽀로로 극장판 보물섬 대모험,16,112
배심원들,0,5488
배심원들,1,21524
배심원들,2,200550
배심원들,3,49426
배심원들,4,6726
배심원들,5,984
배심원들,6,752
배심원들,8,2157
배심원들,13,596
배심원들,20,160
걸캅스,-1,0
걸캅스,0,3926
걸캅스,1,1861
걸캅스,2,800698
걸캅스,3,540506
걸캅스,4,256827
걸캅스,5,18431
걸캅스,6,1365
걸캅스,7,2397
걸캅스,8,1984
걸캅스,12,846
악인전,0,10224
악인전,1,10770
악인전,2,1763714
악인전,3,1166029
악인전,4,367226
악인전,5,33490
악인전,6,7284
악인전,7,1837
악인전,8,1830
악인전,9,983
악인전,17,1073
물의 기억,-1,0
물의 기억,0,925
물의 기억,1,801
물의 기억,2,8627
물의 기억,3,8394
물의 기억,4,163
물의 기억,5,427
기생충,1,9862
기생충,2,4514167
기생충,3,2996743
기생충,4,1123106
기생충,5,659992
기생충,6,359957
기생충,7,176287
기생충,8,119684
기생충,9,60565
기생충,10,33642
기생충,11,16775
기생충,12,6713
기생충,13,2503
기생충,14,918
기생충,15,537
시민 노무현,1,2069
시민 노무현,2,9502
시민 노무현,3,1324
시민 노무현,4,811
시민 노무현,5,242
시민 노무현,6,320
시민 노무현,7,155
시민 노무현,8,27
시민 노무현,9,19
옹알스,-1,0
옹알스,1,989
옹알스,2,1203
옹알스,3,484
옹알스,5,93
0.0MHz,1,2376
0.0MHz,2,118679
0.0MHz,3,13706
0.0MHz,4,2456
노리개: 그녀의 눈물,-2,0
노리개: 그녀의 눈물,1,934
노리개: 그녀의 눈물,2,1829
노리개: 그녀의 눈물,7,521
롱 리브 더 킹: 목포 영웅,-1,4171
롱 리브 더 킹: 목포 영웅,0,5218
롱 리브 더 킹: 목포 영웅,1,7683
롱 리브 더 킹: 목포 영웅,2,787635
롱 리브 더 킹: 목포 영웅,3,247238
롱 리브 더 킹: 목포 영웅,4,32569
롱 리브 더 킹: 목포 영웅,5,6382
롱 리브 더 킹: 목포 영웅,6,2418
진범,1,2440
진범,2,125700
진범,3,36231
비스트,1,4314
비스트,2,188927
비스트,3,6912
비스트,4,1720
비스트,5,72
레드슈즈,-2,182
레드슈즈,1,3306
레드슈즈,2,358959
레드슈즈,3,228771
레드슈즈,4,97078
레드슈즈,5,52437
레드슈즈,6,29722
레드슈즈,7,21637
레드슈즈,8,14655
레드슈즈,9,5256
레드슈즈,11,2551
레드슈즈,13,1731
레드슈즈,15,801
별의 정원,0,609
별의 정원,1,876
별의 정원,2,8345
별의 정원,3,2290
별의 정원,4,789
기방도령,1,19264
기방도령,2,240046
기방도령,3,23043
기방도령,4,1620
기방도령,5,1152
나랏말싸미,0,2170
나랏말싸미,1,17918
나랏말싸미,2,859680
나랏말싸미,3,59799
나랏말싸미,4,8283
나랏말싸미,5,4257
나랏말싸미,6,2127
나랏말싸미,7,979
나랏말싸미,8,590
귀신의 향기,1,0
귀신의 향기,2,638
귀신의 향기,3,77
귀신의 향기,4,29
극장판 샤이닝스타:새로운 루나퀸의 탄생!,0,404
극장판 샤이닝스타:새로운 루나퀸의 탄생!,1,2478
극장판 샤이닝스타:새로운 루나퀸의 탄생!,2,10715
극장판 샤이닝스타:새로운 루나퀸의 탄생!,3,1956
극장판 샤이닝스타:새로운 루나퀸의 탄생!,4,197
극장판 샤이닝스타:새로운 루나퀸의 탄생!,6,26
난폭한 기록,1,371
난폭한 기록,2,5391
난폭한 기록,3,4268
암전,-3,1158
암전,0,1804
암전,1,1476
암전,2,95635
암전,3,1664
암전,4,472
암전,5,140
굿바이 썸머,1,151
굿바이 썸머,2,3961
굿바이 썸머,3,629
굿바이 썸머,4,293
굿바이 썸머,5,93
이타미 준의 바다,-1,0
이타미 준의 바다,0,300
이타미 준의 바다,1,1167
이타미 준의 바다,2,9513
이타미 준의 바다,3,5375
이타미 준의 바다,4,2783
이타미 준의 바다,5,1659
이타미 준의 바다,6,1642
이타미 준의 바다,7,489
이타미 준의 바다,8,158
김복동,0,1982
김복동,1,2608
김복동,2,39123
김복동,3,24035
김복동,4,7547
김복동,5,4758
김복동,6,2241
김복동,7,1266
김복동,8,960
김복동,10,887
김복동,11,85
김복동,12,495
김복동,13,145
엑시트,-1,0
엑시트,0,6584
엑시트,1,32635
엑시트,2,3707702
엑시트,3,2439979
엑시트,4,1556412
엑시트,5,726539
엑시트,6,497532
엑시트,7,288447
엑시트,8,139418
엑시트,9,15572
엑시트,10,2198
엑시트,11,467
엑시트,12,376
엑시트,13,658
엑시트,14,3589
사자,0,2819
사자,1,23202
사자,2,1320650
사자,3,214471
사자,4,45366
사자,8,1569
공포체험단 곤지암편,1,0
공포체험단 곤지암편,2,245
공포체험단 곤지암편,3,1817
공포체험단 곤지암편,4,771
"안녕, 티라노: 영원히, 함께",0,6812
"안녕, 티라노: 영원히, 함께",1,2219
"안녕, 티라노: 영원히, 함께",2,149892
"안녕, 티라노: 영원히, 함께",3,33721
"안녕, 티라노: 영원히, 함께",4,7944
"안녕, 티라노: 영원히, 함께",5,590
"안녕, 티라노: 영원히, 함께",6,371
"안녕, 티라노: 영원히, 함께",7,1049
"안녕, 티라노: 영원히, 함께",8,21
"안녕, 티라노: 영원히, 함께",9,23
"안녕, 티라노: 영원히, 함께",10,27
"안녕, 티라노: 영원히, 함께",11,28
"안녕, 티라노: 영원히, 함께",12,27
봉오동 전투,0,7885
봉오동 전투,1,10518
봉오동 전투,2,2436363
봉오동 전투,3,1665058
봉오동 전투,4,454241
봉오동 전투,5,154529
봉오동 전투,6,45955
봉오동 전투,7,4659
봉오동 전투,8,2565
봉오동 전투,9,1301
캐리tv 러브콘서트 더 무비,0,0
캐리tv 러브콘서트 더 무비,1,598
캐리tv 러브콘서트 더 무비,2,20870
캐리tv 러브콘서트 더 무비,3,6247
캐리tv 러브콘서트 더 무비,4,1453
브링 더 소울 : 더 무비,1,458
브링 더 소울 : 더 무비,2,298636
브링 더 소울 : 더 무비,3,29329
나만 없어 고양이,1,401
나만 없어 고양이,2,3354
나만 없어 고양이,3,915
나만 없어 고양이,4,256
나만 없어 고양이,6,110
우리집,1,1897
우리집,2,22442
우리집,3,11618
우리집,4,8475
우리집,5,4442
우리집,6,2053
우리집,7,947
우리집,8,596
우리집,9,307
우리집,10,445
변신,1,14603
변신,2,925268
변신,3,629803
변신,4,216671
변신,5,12728
변신,6,1644
변신,7,1645
광대들: 풍문조작단,0,4352
광대들: 풍문조작단,1,1090
광대들: 풍문조작단,2,496293
광대들: 풍문조작단,3,110159
광대들: 풍문조작단,4,24222
광대들: 풍문조작단,5,460
유열의 음악앨범,-1,0
유열의 음악앨범,0,2249
유열의 음악앨범,1,17536
유열의 음악앨범,2,777465
유열의 음악앨범,3,374220
유열의 음악앨범,4,61818
유열의 음악앨범,5,9354
유열의 음악앨범,6,2127
유열의 음악앨범,7,483
