광역단체,기초단체,영화상영관코드,영화상영관명,총 스크린수,총 좌석수,필름 상영관수,2D 상영관수,3D 상영관수,4D 상영관수,IMAX 상영관수,상설여부,특별관운영여부,가입여부,전송사업자명,개관일,영업상태,운영형태,주소,전화번호,홈페이지
강원도,원주시,003208,롯데시네마 원주무실,8,"1,079",0,8,2,0,0,상설,,가입,롯데컬처웍스(주)롯데시네마,2017-06-29,영업,직영,강원도 원주시 무실동 1857-2 번지,02-1544-8855,http://www.lottecinema.co.kr
울산시,북구,014017,CGV 울산신천,4,363,0,4,0,0,0,상설,,가입,CJ올리브네트웍스(주),2019-11-28,영업,직영,울산광역시 북구 신천동 51 번지 신천CGV LEEPLEX 6층,,
경기도,오산시,002253,CGV 오산중앙,8,566,0,8,0,0,0,상설,,가입,CJ올리브네트웍스(주),2019-11-21,영업,위탁,경기도 오산시 원동 124-3 번지,,
대전시,서구,013035,롯데시네마 대전관저,7,"1,067",0,7,0,0,0,상설,,가입,롯데컬처웍스(주)롯데시네마,2019-11-21,영업,직영,대전광역시 서구 관저동 1735 번지 디펠리체 5층 롯데시네마,010-9240-0201,http://www.lottecinema.co.kr
경기도,수원시,002116,CGV 동수원,8,"1,370",0,8,4,1,0,상설,,가입,CJ올리브네트웍스(주),2006-09-20,영업,직영,"경기도 수원시 팔달구 인계동 1113-11 번지 (인계동, 씨네파크 7층)",1544-1122,http://www.cgv.co.kr/
서울시,중구,001163,CGV 명동역 씨네라이브러리,6,797,2,5,2,0,0,상설,,가입,CJ올리브네트웍스(주),2010-08-19,영업,직영,서울특별시 중구 충무로2가 65-9 번지 하이해리엇 10층,1544-1122,http://www.cgv.co.kr
부산시,기장군,011063,CGV 정관,9,654,0,9,1,0,0,상설,,가입,CJ올리브네트웍스(주),2017-12-21,영업,위탁,부산광역시 기장군 정관읍 717-6 번지 조은플러스 10층 CGV,051-717-3850,
경기도,화성시,002250,CGV 화성봉담,4,379,0,4,0,0,0,상설,,가입,CJ올리브네트웍스(주),2019-08-14,영업,위탁,경기도 화성시 봉담읍 564 번지 2층 221호(프리미엄원희캐슬봉담 ),,
서울시,중구,001066,대한극장(서울),12,"2,784",0,11,3,0,0,상설,,가입,맥스무비(주),2001-12-15,영업,직영,서울특별시 중구 필동2가 19-1 번지,02-3393-3500,http://www.daehancinema.com
서울시,성동구,001274,메가박스 성수점,7,"1,041",0,0,0,0,0,상설,,가입,메가박스(주),2019-11-08,영업,직영,서울특별시 성동구 성수동1가 656-335 번지,02-1544-0070,http://www.megabox.co.kr/
경상북도,구미시,006079,롯데시네마 프리미엄구미센트럴,7,759,0,7,1,0,0,상설,,가입,롯데컬처웍스(주)롯데시네마,2018-08-08,영업,위탁,경상북도 구미시 원평동 147-9 번지 5층 롯데시네마 사무실,1544-8855,
대구시,중구,012020,CGV 대구,13,"2,156",0,12,5,1,1,상설,,가입,CJ올리브네트웍스(주),2007-09-12,영업,직영,대구광역시 중구 사일동 15-1 번지 5층~9층,1544-1122,http://www.cgv.co.kr
경기도,안양시,002179,CGV 평촌,10,"1,391",0,10,3,0,0,상설,,가입,CJ올리브네트웍스(주),2014-06-03,영업,직영,경기도 안양시 동안구 관양동 1606 번지 8층,1544-1122,http://www.cgv.co.kr/
강원도,춘천시,003039,CGV 춘천,12,"1,789",0,14,4,0,1,상설,,가입,CJ올리브네트웍스(주),2008-02-28,영업,직영,강원도 춘천시 퇴계동 1017 번지,1544-1122,www.cgv.co.kr
충청북도,청주시,004017,CGV 청주(서문),10,"2,027",0,10,2,0,0,상설,,가입,CJ올리브네트웍스(주),2007-10-09,영업,직영,충청북도 청주시 상당구 서문동 29-2 번지,1544-1122,http://www.cgv.co.kr/
서울시,서대문구,001205,CGV 신촌아트레온,10,"1,561",0,10,5,1,0,상설,,가입,CJ올리브네트웍스(주),2013-06-21,영업,직영,서울특별시 서대문구 창천동 20-25 번지,1544-1122,
부산시,사하구,011053,CGV 하단아트몰링,7,888,0,7,1,0,0,상설,,가입,CJ올리브네트웍스(주),2017-03-03,영업,위탁,부산광역시 사하구 하단동 526-6 번지 하단동 CGV하단,,
서울시,마포구,001272,메가박스 홍대,5,726,0,0,0,0,0,상설,,가입,메가박스(주),2019-09-25,영업,직영,서울특별시 마포구 동교동 160-4 번지,02-1544-0070,http://www.megabox.co.kr/
부산시,부산진구,011067,CGV 서면삼정타워,8,"1,244",0,8,8,0,0,상설,,가입,CJ올리브네트웍스(주),2019-07-04,영업,위탁,,,
충청북도,충주시,004047,롯데시네마 충주,5,746,0,5,1,0,0,상설,,가입,롯데컬처웍스(주)롯데시네마,2019-09-19,영업,위탁,,,
서울시,성북구,001273,씨네큐 성신여대입구,2,214,0,0,0,0,0,상설,,가입,(주)넥스트엔터테인먼트월드,,영업,위탁,,02-925-9300,
대구시,동구,012033,CGV 이시아폴리스,7,516,0,7,3,0,0,상설,,가입,CJ올리브네트웍스(주),2011-04-30,영업,위탁,대구광역시 동구 봉무동 1545 번지,1544-1122,http://www.cgv.co.kr
서울시,용산구,001088,CGV 용산아이파크몰,21,"5,226",0,18,6,1,1,상설,,가입,CJ올리브네트웍스(주),2004-10-08,영업,직영,서울특별시 용산구 한강로3가 40-999 번지 아이파크몰 6층,1544-1122,http://www.cgv.co.kr/
경기도,부천시,002252,메가박스 부천스타필드시티,5,829,0,0,0,0,0,상설,,가입,메가박스(주),2019-09-03,영업,직영,경기도 부천시 소사구 옥길동 768 번지,02-1544-0070,http://www.megabox.co.kr/
서울시,성북구,001271,CGV 성신여대입구,3,554,0,3,0,0,0,상설,,가입,CJ올리브네트웍스(주),2008-09-11,영업,직영,서울특별시 성북구 동선동1가 1-2 번지 유타몰 10층,,
서울시,성북구,001150,CGV 성신여대입구,5,906,0,5,4,0,0,상설,,가입,CJ올리브네트웍스(주),2008-09-11,영업,위탁,"서울특별시 성북구 동선동1가 1-2 번지 (동선동, 10~12층)",1544-1122,http://www.cgv.co.kr/
경기도,용인시,002251,롯데시네마 수지,8,"1,331",0,0,0,0,0,상설,,가입,롯데컬처웍스(주)롯데시네마,2019-08-29,영업,직영,경기도 용인시 수지구 성복동 61-7 번지 롯데몰 수지 5층 롯데시네마,,
대전시,서구,013034,CGV 대전가수원,5,"1,016",0,5,0,0,0,상설,,가입,CJ올리브네트웍스(주),2019-08-30,영업,위탁,대전광역시 서구 가수원동 1042 번지,042-545-0038,
경상북도,예천군,006083,메가박스 경북도청,6,471,0,0,0,0,0,상설,,가입,메가박스(주),2019-08-23,영업,위탁,경상북도 예천군 호명면 산합리 1430 번지 6층 601,02-1544-0070,http://www.megabox.co.kr/
강원도,횡성군,003211,횡성시네마,2,136,0,2,1,0,0,상설,,가입,(주)디트릭스,2018-02-14,영업,직영,,033-343-1088,cinema.hscf.or.kr
경기도,이천시,002061,CGV 이천,10,"1,143",0,9,3,0,0,상설,,가입,CJ올리브네트웍스(주),2015-01-05,영업,위탁,경기도 이천시 중리동 201-1 번지,1544-1122,
경기도,안산시,002087,메가박스 안산중앙,6,631,0,6,0,0,0,상설,,가입,메가박스(주),2010-06-08,영업,위탁,"경기도 안산시 단원구 고잔동 535-1 번지 9층, 10층",1544-1122,http://www.meganex6.co.kr/
울산시,울주군,014015,알프스시네마,2,307,0,1,1,0,0,상설,,가입,문화인,2015-10-08,영업,위탁,울산광역시 울주군 상북면 등억리 515-2 번지,052-229-8951,comulju.oneh.co.kr
인천시,중구,015062,롯데시네마 영종하늘도시,3,270,0,3,0,0,0,상설,,가입,롯데컬처웍스(주)롯데시네마,2019-07-24,영업,위탁,인천광역시 중구 중산동 1883-12 번지 3층 롯데시네마 영종하늘도시,,www.lottecinema.co.kr
충청북도,충주시,004040,씨네큐 충주연수,8,"1,191",0,8,2,0,0,상설,,가입,(주)넥스트엔터테인먼트월드,2018-06-15,영업,위탁,"충청북도 충주시 연수동 1325 번지, 3층",070-5221-1354,
경기도,수원시,002249,롯데시네마서수원,6,791,0,0,0,0,0,상설,,가입,롯데컬처웍스(주)롯데시네마,2019-07-16,영업,직영,경기도 수원시 권선구 금곡동 1114-1 번지 리더스빌딩 10층,02-1544-8855,
부산시,북구,011019,CGV 화명,7,756,0,9,2,0,0,상설,,가입,CJ올리브네트웍스(주),2013-07-01,영업,직영,부산광역시 북구 화명동 2275-1 번지 센추리 빌딩,1544-1122,http://www.cgv.co.kr
서울시,송파구,001241,메가박스송파파크하비오,9,"1,007",0,9,1,0,0,상설,,가입,메가박스(주),2016-12-23,영업,위탁,서울특별시 송파구 문정동 618 번지,02-1544-0070,http://www.megabox.co.kr/
대구시,달성군,012055,롯데시네마 대구현풍,6,734,0,6,0,0,0,상설,,가입,롯데컬처웍스(주)롯데시네마,2019-06-12,영업,위탁,대구광역시 달성군 현풍면 중리 490 번지 4층 롯데시네마,,
전라남도,진도군,009056,진도아리랑 시네마,2,98,0,2,1,0,0,상설,,가입,(주)디트릭스,2017-07-20,영업,직영,,061-544-7790,
울산시,동구,014003,현대예술관시네마,5,"1,602",2,5,0,0,0,상설,,가입,현대중공업(주),2008-06-13,영업,직영,울산광역시 동구 서부동 110-1 번지,052-209-7812,http://
전라남도,목포시,009025,CGV 목포,7,"1,676",0,5,2,0,0,상설,,가입,CJ올리브네트웍스(주),2004-12-17,영업,직영,전라남도 목포시 상동 892 번지,1544-1122,http://www.cgv.co.kr/
전라남도,보성군,009066,보성 작은영화관,2,96,0,2,2,0,0,상설,,가입,(주)디트릭스,2019-04-05,영업,직영,전라남도 보성군 보성읍 원봉리 2-1 번지 (현충로44-12),061-852-7050,boseong.scinema.org
충청북도,옥천군,004041,옥천 향수시네마,2,95,0,2,1,0,0,상설,,가입,(주)디트릭스,2018-08-02,영업,직영,,,http://oc.scinema.org/
전라남도,화순군,009062,화순 시네마,2,124,0,2,1,0,0,상설,,가입,(주)디트릭스,2018-02-12,영업,직영,,061-373-7053,http://hwasun.scinema.org/
충청남도,청양군,005061,청양 시네마,2,98,0,2,1,0,0,상설,,가입,(주)디트릭스,2018-02-08,영업,직영,,041-942-7053,http://cheongyang.scinema.org/
전라남도,곡성군,009059,곡성 작은영화관,2,95,0,2,1,0,0,상설,,가입,(주)디트릭스,2017-12-22,영업,직영,,061-363-7053,http://gokseong.scinema.org/
전라남도,완도군,009057,완도 빙그레 시네마,2,98,0,2,1,0,0,상설,,가입,(주)디트릭스,2017-09-26,영업,직영,,061-553-7053,https://wando.scinema.org/
전라북도,순창군,008225,천재의 공간 영화산책,2,149,0,2,1,0,0,상설,,가입,(주)디트릭스,2015-11-26,영업,직영,전라북도 순창군 순창읍 471 번지 작은영화관,063-653-7057,http://sunchang.scinema.org/
전라남도,장흥군,009051,정남진시네마,2,99,0,2,1,0,0,상설,,가입,(주)디트릭스,2015-10-19,영업,직영,전라남도 장흥군 장흥읍 318-2 번지,061-862-7053,http://jangheung.scinema.org/
전라북도,진안군,008224,마이골작은영화관,2,98,0,2,1,0,0,상설,,가입,(주)디트릭스,2015-07-27,영업,위탁,전라북도 진안군 진안읍 143 번지 진안 마이골작은영화관,063-433-7050,http://jinan.scinema.org/
인천시,강화군,015050,강화작은영화관,1,87,0,1,1,0,0,상설,,가입,(주)디트릭스,2015-02-06,영업,위탁,인천광역시 강화군 강화읍 239 번지 강화문예회관 2층,032-934-7053,http://ganghwa.scinema.org/
전라북도,부안군,008050,마실영화관,2,99,0,2,1,0,0,상설,,가입,(주)디트릭스,2014-08-20,영업,위탁,전라북도 부안군 부안읍 455-51 번지 부안예술회관 1층 마실영화관,063-582-1228,http://masil.scinema.org/
전라북도,무주군,001221,무주 산골 영화관,2,98,0,2,1,0,0,상설,,가입,(주)디트릭스,2014-06-20,영업,위탁,전라북도 무주군 무주읍 1199-3 번지 예체문화회관 2층 산골영화관,063-322-7053,http://muju.scinema.org/
전라북도,임실군,008047,작은별영화관,2,94,0,2,1,0,0,상설,,가입,(주)디트릭스,,영업,직영,전라북도 임실군 임실읍 이도리 277 번지 임실군민회관 지하1층,063-644-7050,http://imsil.scinema.org/
전라북도,장수군,008043,한누리디지털시네마,2,90,0,2,1,0,0,상설,,가입,(주)디트릭스,2010-11-24,영업,직영,전라북도 장수군 장수읍 474 번지,063-352-7050,http://hannuri.scinema.org/
경상북도,칠곡군,006082,칠곡 호이영화관,2,94,0,2,1,0,0,상설,,가입,(주)디트릭스,2018-12-22,영업,직영,경상북도 칠곡군 석적읍 608 번지,054-977-7053,http://chilgok.scinema.org/
경상북도,울진군,006080,울진 작은영화관,1,87,0,1,1,0,0,상설,,가입,(주)디트릭스,2018-09-13,영업,직영,,,http://uljin.scinema.org/
경상남도,함안군,007081,함안군 작은영화관,2,98,0,2,1,0,0,상설,,가입,(주)디트릭스,2018-02-09,영업,직영,,061-363-2011,http://haman.scinema.org/
강원도,양구군,003210,양구 정중앙 시네마,2,201,0,2,0,0,0,상설,,가입,(주)디트릭스,2018-02-09,영업,직영,,033-482-7053,http://yanggu.scinema.org/
경상북도,영천시,006074,영천공설시장 별빛영화관,1,76,0,1,0,0,0,상설,,가입,(주)디트릭스,2017-10-12,영업,직영,경상북도 영천시 완산동 982--34 번지 영철공설시장 2층,054-338-7053,https://yc.scinema.org/
강원도,정선군,003207,아리아리 정선시네마,2,101,0,2,1,0,0,상설,,가입,(주)디트릭스,2017-05-19,영업,직영,강원도 정선군 정선읍 144-9 번지,033-563-5703,http://jeongseon.scinema.org/
강원도,철원군,003205,철원작은영화관 뚜루,3,231,0,3,2,0,0,상설,,가입,(주)디트릭스,2016-11-17,영업,직영,강원도 철원군 철원읍 988-2 번지,033-458-7053,https://cwg.scinema.org/
강원도,삼척시,003203,삼척 가람영화관,2,180,0,2,1,0,0,상설,,가입,(주)디트릭스,2016-09-08,영업,직영,강원도 삼척시 성남동 173-3 번지,033-575-7053,http://samcheok.scinema.org/
경상남도,합천군,007074,합천시네마,2,99,0,0,0,0,0,상설,,가입,(주)디트릭스,2016-07-15,영업,직영,경상남도 합천군 합천읍 512 번지 2층,055-932-7053,http://hc.scinema.org/
경상남도,남해군,007073,보물섬시네마,1,212,0,1,1,0,0,상설,,가입,(주)디트릭스,2016-03-07,영업,직영,경상남도 남해군 남해읍 760 번지,055-864-7053,http://namhae.scinema.org/
경상북도,고령군,006066,대가야시네마,2,97,0,2,1,0,0,상설,,가입,(주)디트릭스,2015-12-01,영업,위탁,경상북도 고령군 대가야읍 471-1 번지,054-954-7053,http://gr.scinema.org/
강원도,평창군,003201,HAPPY700 평창시네마,2,97,0,2,2,0,0,상설,,가입,(주)디트릭스,2015-12-22,영업,직영,강원도 평창군 용평면 374-2 번지 2층(용평복지회관),033-334-7053,http://happy700.scinema.org/
강원도,영월군,003200,영월시네마,2,146,0,2,1,0,0,상설,,가입,(주)디트릭스,2015-08-13,영업,위탁,강원도 영월군 영월읍 990-2 번지,033-375-7053,http://yw.scinema.org/
강원도,화천군,003199,화천 작은영화관,3,322,0,3,1,0,0,상설,,가입,(주)디트릭스,2014-12-20,영업,위탁,강원도 화천군 화천읍 1-5 번지 2층,033-441-7053,http://ihc.scinema.org/
강원도,홍천군,003197,홍천시네마,2,98,0,2,1,0,0,상설,,가입,(주)디트릭스,2014-04-08,영업,위탁,강원도 홍천군 홍천읍 134-11 번지 홍천군문화센터 1층,033-433-7053,http://hongcheon.scinema.org/
광주시,광산구,016035,메가박스 첨단,9,"1,157",0,9,2,0,0,상설,,가입,메가박스(주),2012-01-15,영업,위탁,광주시 광산구 쌍암동 688-4,1544-0070,http://www.megabox.co.kr/
경기도,포천시,002248,포천자동차극장,2,60,0,0,0,0,0,상설,,가입,,,영업,직영,경기도 포천시 소흘읍 41 번지,,
경기도,포천시,002154,광릉수목원자동차극장,1,90,0,0,0,0,0,상설,,가입,인터파크(주),2007-08-01,영업,직영,경기도 포천시 소흘읍 321-1 번지,031-543-1145,http://
강원도,정선군,003214,고한 시네마,2,113,0,2,1,0,0,상설,,가입,(주)디트릭스,2019-06-26,영업,직영,강원도 정선군 고한읍 63-54 번지,033-592-7053,http://gohan.scinema.org/
경상북도,상주시,006078,상주 삼백시네마,1,98,0,1,1,0,0,상설,,가입,(주)디트릭스,2018-09-14,영업,직영,,,http://sangju.scinema.org/
경상북도,영양군,006068,영양 작은영화관,1,99,0,1,0,0,0,상설,,가입,(주)디트릭스,2016-03-30,영업,직영,경상북도 영양군 영양읍 2-15 번지,054-683-7053,http://yyg.scinema.org/
강원도,양양군,003213,양양 작은영화관,2,94,0,2,1,0,0,상설,,가입,(주)디트릭스,2019-06-18,영업,직영,"강원도 양양군 양양읍 210-36 번지 3층, 4층",033-673-7050,http://yangyang.scinema.org/
경기도,김포시,002065,CGV 김포,5,500,0,5,2,0,0,상설,,가입,CJ올리브네트웍스(주),2013-09-18,영업,위탁,"경기도 김포시 사우동 928 번지 사우동, 제지층201호, 202호",1544-1122,http://www.megaline11.co.kr/
부산시,해운대구,011044,CGV 센텀시티,8,"2,062",0,8,4,1,0,상설,,가입,CJ올리브네트웍스(주),2009-03-03,영업,직영,부산광역시 해운대구 우동 1495 번지 신세계백화점 서관 7층,1544-1122,http://www.cgv.co.kr
서울시,강남구,001186,CGV 청담씨네시티,6,674,0,6,6,1,0,상설,,가입,CJ올리브네트웍스(주),2011-10-09,영업,직영,서울특별시 강남구 신사동 651-21 번지,1544-1122,http://www.cgv.co.kr
경기도,김포시,002041,CGV 김포한강,4,479,0,4,1,0,0,상설,,가입,CJ올리브네트웍스(주),2014-02-25,영업,위탁,경기도 김포시 걸포동 1574-3 번지,1544-1122,http://www.cgv.co.kr/
부산시,중구,011054,롯데시네마 광복,10,"2,369",0,10,4,1,0,상설,,가입,롯데컬처웍스(주)롯데시네마,2014-08-28,영업,직영,부산광역시 중구 중앙동7가 20-1 번지 중앙동7가 롯데몰 광복마트,1544-8855,http://www.lottecinema.co.kr/
부산시,금정구,011057,롯데시네마 오투(부산대),7,"1,052",0,7,0,0,0,상설,,가입,롯데컬처웍스(주)롯데시네마,2015-01-01,영업,직영,부산광역시 금정구 부곡동 298-2 번지,1544-8855,
부산시,해운대구,011038,롯데시네마 센텀시티(백화점),9,"1,712",0,9,5,0,0,상설,,가입,롯데컬처웍스(주)롯데시네마,2007-12-07,영업,직영,부산광역시 해운대구 우동 1496 번지 센텀시티,1544-8855,http://www.lottecinema.co.kr/
충청북도,청주시,004025,롯데시네마 청주,8,"1,402",0,8,4,0,0,상설,,가입,롯데컬처웍스(주)롯데시네마,2008-12-02,영업,직영,충청북도 청주시 상당구 북문로1가 90-1 번지 CU쇼핑몰 3층,1544-8855,http://www.lottecinema.co.kr/
인천시,부평구,015023,롯데시네마 부평,9,"1,523",0,9,4,0,0,상설,,가입,롯데컬처웍스(주)롯데시네마,2006-03-01,영업,직영,인천광역시 부평구 부평동 152-1 번지,1544-8855,http://www.lottecinema.co.kr/
서울시,구로구,001217,롯데시네마 신도림,5,560,0,5,2,0,0,상설,,가입,롯데컬처웍스(주)롯데시네마,2013-09-13,영업,직영,"서울특별시 구로구 신도림동 692 번지 디큐브시티 제타워동7층,8층일부",1544-8855,www.lottecinema.co.kr
서울시,광진구,001121,롯데시네마 건대입구,11,"2,181",0,11,8,0,0,상설,,가입,롯데컬처웍스(주)롯데시네마,2007-01-26,영업,직영,서울특별시 광진구 자양동 227-7 번지 스타시티몰2층,1544-8855,http://www.lottecinema.co.kr/
서울시,송파구,001224,롯데시네마 월드타워,18,"4,537",0,18,11,1,0,상설,,가입,롯데컬처웍스(주)롯데시네마,2014-10-15,영업,직영,"서울특별시 송파구 신천동 29 번지 신천동, 엔터동롯데시네마(5~11F)",1544-8855,http://www.lottecinema.co.kr/
경기도,파주시,002219,헤이리시네마,1,30,0,1,0,0,0,상설,,가입,인터파크(주),2016-06-22,영업,직영,경기도 파주시 탄현면 1652-26 번지,031-942-1031,www.hcine.kr
충청북도,청주시,004024,CGV 청주성안길,8,"1,239",0,8,3,0,0,상설,,가입,CJ올리브네트웍스(주),2008-07-24,영업,위탁,충청북도 청주시 상당구 북문로1가 170-1 번지,1544-1122,http://www.cgv.co.kr/
전라북도,익산시,008021,CGV 익산,9,"1,326",0,9,4,0,0,상설,,가입,CJ올리브네트웍스(주),2004-05-15,영업,위탁,전라북도 익산시 영등동 149-1 번지 4층,1544-1122,http://www.cgv.co.kr/
경상북도,포항시,006030,CGV 북포항,8,"1,007",0,8,2,0,0,상설,,가입,CJ올리브네트웍스(주),2009-07-29,영업,위탁,경상북도 포항시 북구 덕산동 235-4 번지,1544-1122,http://www.cgv.co.kr
경상북도,구미시,006043,CGV 구미,10,"1,483",0,10,4,0,0,상설,,가입,CJ올리브네트웍스(주),2006-12-18,영업,위탁,경상북도 구미시 원평동 68-1 번지,1544-1122,http://www.cgv.co.kr
인천시,부평구,015019,CGV 부평,10,"1,552",0,10,2,0,0,상설,,가입,CJ올리브네트웍스(주),2004-06-19,영업,위탁,인천광역시 부평구 청천동 386 번지 아이즈빌 3층 영화관사무실,1544-1122,http://www.cgv.co.kr/
광주시,북구,016020,메가박스 전대(광주),7,958,0,7,2,0,0,상설,,가입,메가박스(주),2007-07-01,영업,위탁,광주광역시 북구 중흥동 362-2 번지,1544-0070,http://www.megabox.co.kr/
서울시,성북구,001098,아리랑시네센터(서울),3,472,0,3,2,0,0,상설,,가입,맥스무비(주),2004-05-01,영업,직영,서울특별시 성북구 돈암동 538-59 번지,02-3291-5540,http://cine.arirang.go.kr/
강원도,원주시,003031,메가박스 원주,8,797,0,8,3,0,0,상설,,가입,메가박스(주),2007-11-15,영업,위탁,강원도 원주시 단계동 873 번지,1544-0070,http://www.megabox.co.kr/
서울시,서초구,001101,메가박스 강남,7,973,0,7,2,0,0,상설,,가입,메가박스(주),2011-08-05,영업,직영,서울특별시 서초구 서초동 1317-20 번지 아라타워 8층,1544-0070,http://www.megabox.co.kr/
경상남도,창원시 마산합포구,007084,롯데시네마 프리미엄 경남대,6,348,0,6,2,0,0,상설,,가입,롯데컬처웍스(주)롯데시네마,2019-04-10,영업,위탁,경상남도 창원시 마산합포구 월남동5가 4-1 번지 롯데시네마 프리미엄 경남대,055-1544-8855,http://lottecinama.co.kr
광주시,동구,016047,CGV 광주금남로,9,955,0,0,0,0,0,상설,,가입,CJ올리브네트웍스(주),2019-04-26,영업,직영,광주광역시 동구 불로동 1-21 번지 2층,,
경기도,용인시,002232,CGV 용인,8,948,0,8,3,0,0,상설,,가입,CJ올리브네트웍스(주),2017-12-21,영업,위탁,경기도 용인시 처인구 김량장동 301-3 번지 5~8층,031-337-3421,www.cgv.co.kr
전라남도,나주시,009058,CGV 나주,6,665,0,6,1,0,0,상설,,가입,CJ올리브네트웍스(주),2017-09-28,영업,위탁,전라남도 나주시 빛가람동 203-3 번지 티씨씨타워 4층,,
서울시,마포구,001222,CGV 홍대,6,936,0,6,3,0,0,상설,,가입,CJ올리브네트웍스(주),2014-10-02,영업,직영,서울특별시 마포구 동교동 159-8 번지 동교동,1544-1122,http://www.cgv.co.kr/
경상북도,포항시,006047,CGV 포항,8,"1,518",0,7,4,0,0,상설,,가입,CJ올리브네트웍스(주),2007-08-30,영업,직영,경상북도 포항시 남구 상도동 582 번지 밸류플러스 7층,1544-1122,http://www.cgv.co.kr/
경기도,평택시,002176,CGV 평택,8,"1,371",0,8,5,0,0,상설,,가입,CJ올리브네트웍스(주),2009-04-24,영업,직영,"경기도 평택시 평택동 185-579 번지 (평택동, 평택민자역사 8층)",1544-1122,http://www.cgv.co.kr/
강원도,원주시,003046,CGV 원주,11,"2,170",0,10,3,0,0,상설,,가입,CJ올리브네트웍스(주),2012-09-06,영업,직영,강원도 원주시 단계동 877-1 번지,1544-1122,http://www.cgv.co.kr/
서울시,노원구,001203,CGV 중계,7,"1,179",0,7,3,0,0,상설,,가입,CJ올리브네트웍스(주),2013-04-25,영업,직영,서울특별시 노원구 중계동 509-2 번지,1544-1122,
울산시,북구,001269,CGV 울산진장,7,"1,066",0,7,3,0,0,상설,,가입,CJ올리브네트웍스(주),2018-11-30,영업,직영,울산광역시 북구 진장동 120-9 번지 2층 CGV 울산진장,,www.cgv.co.kr
경기도,부천시,002113,CGV 역곡,6,846,0,6,3,0,0,상설,,가입,CJ올리브네트웍스(주),2005-12-28,영업,직영,경기 부천시 소사구 괴안동 107~122 113-1 2역곡하이뷰 6층~8층,1544-1122,http://www.cgv.co.kr
세종시,연기군,017039,CGV 세종,7,"1,094",0,7,3,0,0,상설,,가입,CJ올리브네트웍스(주),2015-11-30,영업,직영,세종특별자치시 종촌동 580-2 번지,1544-1122,
경기도,부천시,002045,CGV 부천역,8,"1,204",0,8,1,0,0,상설,,가입,CJ올리브네트웍스(주),2014-06-05,영업,직영,경기도 부천시 원미구 심곡동 383-1 번지 심곡동 시네마존 6층~8층,1544-1122,
서울시,양천구,001036,CGV 목동,8,"1,372",0,8,4,0,0,상설,,가입,CJ올리브네트웍스(주),2002-08-29,영업,직영,서울특별시 양천구 목동 916 번지 현대백화점 지하2층,1544-1122,http://www.cgv.co.kr
서울시,강서구,001270,CGV 등촌,8,"1,217",0,0,0,0,0,상설,,가입,CJ올리브네트웍스(주),2019-01-30,영업,직영,서울특별시 강서구 등촌동 639-23 번지 브릭시티몰 3층 CGV 등촌,,
경기도,화성시,002185,CGV 동탄,8,"1,475",0,8,5,0,0,상설,,가입,CJ올리브네트웍스(주),2010-12-23,영업,직영,"경기도 화성시 반송동 96 번지 (반송동, 메타폴리스 A블럭 3층)",1544-1122,http://www.cgv.co.kr
부산시,동래구,011027,CGV 동래,9,"1,631",0,9,4,0,0,상설,,가입,CJ올리브네트웍스(주),2006-10-24,영업,직영,부산광역시 동래구 온천동 153-8 번지 SK허브스카이 6층,1544-1122,http://www.cgv.co.kr
대전시,서구,013030,CGV 대전탄방,6,970,0,6,3,0,0,상설,,가입,CJ올리브네트웍스(주),2016-05-26,영업,직영,대전광역시 서구 탄방동 744 번지 세이탄방점 7층,,
대구시,달서구,012050,CGV 대구월성,7,"1,247",0,6,3,0,0,상설,,가입,CJ올리브네트웍스(주),2016-11-29,영업,직영,대구광역시 달서구 월성동 1894 번지,053-609-3005,
광주시,서구,016041,CGV 광주상무,10,"1,610",0,10,1,0,0,상설,,가입,CJ올리브네트웍스(주),2014-06-05,영업,직영,광주광역시 서구 치평동 1218-1 번지 치평동 6층,1544-1122,
강원도,강릉시,001194,CGV 강릉,8,"1,396",0,9,3,0,0,상설,,가입,CJ올리브네트웍스(주),2012-06-14,영업,직영,강원도 강릉시 옥천동 189,1544-1122,http://www.cgv.co.kr/
서울시,강남구,001123,CGV 강남,6,874,0,6,5,0,0,상설,,가입,CJ올리브네트웍스(주),2007-02-08,영업,직영,서울특별시 강남구 역삼동 814-6 번지 스타플렉스 4층~11층,1544-1122,http://www.cgv.co.kr/
인천시,서구,015059,CGV 청라,7,"1,074",0,7,0,0,0,상설,,가입,CJ올리브네트웍스(주),2018-05-11,영업,위탁,인천광역시 서구 경서동 953-7 번지 3층 305호,032-721-5660,www.cgv.co.kr
제주도,제주시,010011,CGV 제주,8,894,0,8,3,0,0,상설,,가입,CJ올리브네트웍스(주),2006-03-30,영업,위탁,제주특별자치도 제주시 이도이동 1776-3 번지 302~306호,1544-1122,http://www.cgv.co.kr/
서울시,종로구,001127,CGV 대학로,8,968,0,8,3,0,0,상설,,가입,CJ올리브네트웍스(주),2007-07-20,영업,직영,서울특별시 종로구 명륜2가 41-9 번지 판타지움빌딩 1층,1544-1122,http://www.cgv.co.kr
서울시,종로구,001083,씨네큐브광화문(서울),2,365,2,2,0,0,0,상설,,가입,(주)디트릭스,2010-12-02,영업,위탁,서울특별시 종로구 신문로1가 226 번지 흥국생명빌딩 지하 2층,02-2002-7770,http://www.icinecube.com/
서울시,구로구,001017,CGV 구로,10,"1,683",2,10,5,0,0,상설,,가입,CJ올리브네트웍스(주),2002-01-25,영업,직영,서울특별시 구로구 구로동 573 번지,1544-1122,http://www.cgv.co.kr
충청북도,청주시,004036,CGV 청주지웰시티,8,"1,675",0,8,4,1,0,상설,,가입,CJ올리브네트웍스(주),2014-04-24,영업,직영,"충청북도 청주시 흥덕구 복대동 288-14 번지 3,4층",1544-1122,
충청남도,천안시,005043,CGV 천안펜타포트,11,"1,422",0,11,6,1,0,상설,,가입,CJ올리브네트웍스(주),2013-03-01,영업,직영,충청남도 천안시 서북구 불당동 1289 번지 펜타포트 주상복합상가 5F,1544-1122,http://www.cgv.co.kr/
경상남도,창원시 의창구,007025,CGV 창원,6,"1,105",0,6,3,1,0,상설,,가입,CJ올리브네트웍스(주),2004-06-19,영업,직영,경상남도 창원시 의창구 팔용동 30-1 번지 뉴코아아울렛 9층~11층,1544-1122,http://www.cgv.co.kr
경기도,용인시,002125,CGV 죽전,8,"1,890",0,8,5,1,0,상설,,가입,CJ올리브네트웍스(주),2007-03-22,영업,직영,"경기도 용인시 수지구 죽전동 1289 번지 (죽전동, 신세계백화점 8층)",1544-1122,http://www.cgv.co.kr
전라북도,전주시,008226,CGV 전주고사,8,"1,275",0,8,4,1,0,상설,,가입,CJ올리브네트웍스(주),2016-02-03,영업,직영,전라북도 전주시 완산구 고사동 355-1 번지 고사동,1544-1122,
서울시,영등포구,001034,CGV 여의도,9,"1,183",0,9,7,1,0,상설,,가입,CJ올리브네트웍스(주),2012-08-30,영업,직영,서울특별시 영등포구 여의도동 23 번지 (국제금융센터 지하3층),1544-1122,http://www.cgv.co.kr/
경기도,안산시,002118,CGV 안산,8,"1,608",0,8,2,1,0,상설,,가입,CJ올리브네트웍스(주),2006-09-29,영업,직영,"경기도 안산시 단원구 고잔동 725-1 번지 (고잔동, NC백화점 A관 6층)",1544-1122,http://www.cgv.co.kr/
서울시,송파구,001156,CGV 송파,8,"1,481",0,8,5,1,0,상설,,가입,CJ올리브네트웍스(주),2009-04-29,영업,직영,서울특별시 송파구 문정동 634 번지 가든파이브 라이프 영관 10층,1544-1122,http://www.cgv.co.kr
서울시,중랑구,001236,CGV 상봉,7,"1,167",0,7,3,1,0,상설,,가입,CJ올리브네트웍스(주),2016-02-25,영업,직영,서울특별시 중랑구 상봉동 74-43 번지,1544-1122,
경기도,화성시,002234,CGV 동탄역,7,"1,026",0,7,3,1,0,상설,,가입,CJ올리브네트웍스(주),2018-03-28,영업,직영,경기도 화성시 오산동 967-164 번지,010-3409-5303,
경기도,부천시,002057,CGV 부천,8,"1,450",0,8,4,1,0,상설,,가입,CJ올리브네트웍스(주),2003-08-19,영업,직영,경기도 부천시 원미구 중동 1164 번지 로담코플라자 5층,1544-1122,http://www.cgv.co.kr
대전시,동구,013026,CGV 대전터미널,7,"1,464",0,7,4,1,0,상설,,가입,CJ올리브네트웍스(주),2011-12-22,영업,직영,대전광역시 동구 용전동 63-3 번지,1544-1122,http://www.cgv.co.kr
대구시,수성구,012034,CGV 대구스타디움,10,"1,458",1,10,6,1,0,상설,,가입,CJ올리브네트웍스(주),2011-09-06,영업,직영,대구광역시 수성구 대흥동 504 번지,1544-1122,http://www.cgv.co.kr
경상남도,김해시,007031,CGV 김해,9,"1,531",0,9,5,1,0,상설,,가입,CJ올리브네트웍스(주),2005-03-12,영업,직영,경상남도 김해시 내동 1131-4 번지 휴앤락몰 4층,1544-1122,http://www.cgv.co.kr
광주시,광산구,016015,CGV 광주첨단,12,"2,057",0,9,4,1,0,상설,,가입,CJ올리브네트웍스(주),2006-01-13,영업,직영,광주광역시 광산구 쌍암동 694-35 번지,1544-1122,http://www.cgv.co.kr/
인천시,계양구,015024,CGV 계양,8,"1,253",0,8,4,1,0,상설,,가입,CJ올리브네트웍스(주),2006-09-25,영업,직영,인천광역시 계양구 작전동 899-1 번지 8~11층,1544-1122,http://www.cgv.co.kr
전라북도,전주시,008051,CGV 전주효자,7,"1,795",0,7,3,0,1,상설,,가입,CJ올리브네트웍스(주),2014-08-28,영업,직영,전라북도 전주시 완산구 효자동1가 434 번지 효자동1가,1544-1122,
경상남도,창원시 의창구,007052,CGV 창원더시티,6,"1,178",0,6,3,0,1,상설,,가입,CJ올리브네트웍스(주),2008-06-20,영업,직영,경상남도 창원시 의창구 대원동 122 번지 더시티세븐 3층,1544-1122,http://www.cgv.co.kr
인천시,남동구,015005,CGV 인천,14,"2,828",1,14,5,1,1,상설,,가입,CJ올리브네트웍스(주),1999-12-18,영업,직영,인천광역시 남동구 구월동 1130 번지 씨앤씨빌딩 4층,1544-1122,http://www.cgv.co.kr
경기도,고양시,002126,CGV 일산,9,"1,794",0,9,5,1,1,상설,,가입,CJ올리브네트웍스(주),2007-03-28,영업,직영,"경기도 고양시 일산동구 장항동 868 번지 (장항동, 웨스턴돔 3층)",1544-1122,http://www.cgv.co.kr/
경기도,부천시,002150,CGV 소풍,11,"1,773",0,11,3,0,1,상설,,가입,CJ올리브네트웍스(주),2013-07-01,영업,직영,"경기도 부천시 원미구 상동 539-1 번지 소풍6층, 7층",1544-1122,http://www.cgv.co.kr
부산시,부산진구,011007,CGV 서면,12,"2,280",3,12,5,1,1,상설,,가입,CJ올리브네트웍스(주),2000-05-31,영업,직영,부산광역시 부산진구 전포동 891-38 번지 지오플레이스 5층,1544-1122,http://www.cgv.co.kr
광주시,서구,016027,CGV 광주터미널,12,"2,367",1,12,6,1,1,상설,,가입,CJ올리브네트웍스(주),2009-05-20,영업,직영,광주광역시 서구 광천동 49-1 번지 유스퀘어 2-6층,1544-1122,http://www.cgv.co.kr/
경기도,성남시,002075,CGV 판교,7,"1,432",0,7,3,1,1,상설,,가입,CJ올리브네트웍스(주),2015-08-20,영업,직영,경기도 성남시 분당구 백현동 541 번지,1544-1122,www.cgv.co.kr
대전시,중구,013012,CGV 대전,9,"1,880",1,9,6,1,1,상설,,가입,CJ올리브네트웍스(주),2001-08-18,영업,직영,대전광역시 중구 문화동 1-16 번지 세이백화점 별관 6층,1544-1122,http://www.cgv.co.kr/
경상북도,안동시,006035,롯데시네마 안동,5,343,0,5,1,0,0,상설,,가입,롯데컬처웍스(주)롯데시네마,2014-04-16,영업,위탁,"경북 안동시 옥동 테마플라자 A동401, 501",1544-8855,http://lottecinama.co.kr
경기도,의정부시,001192,CGV 의정부,9,"1,715",0,10,3,0,1,상설,,가입,CJ올리브네트웍스(주),2012-04-20,영업,직영,경기도 의정부시 의정부동 168 번지,1544-1122,http://www.cgv.co.kr/
경기도,수원시,002006,CGV 수원,8,"2,189",0,8,4,1,1,상설,,가입,CJ올리브네트웍스(주),2003-02-17,영업,직영,"경기도 수원시 팔달구 매산로1가 18 번지 (매산로1가, 수원역사 6층)",1544-1122,http://www.cgv.co.kr/
서울시,노원구,001216,CGV 하계,4,916,0,4,3,0,0,상설,,가입,CJ올리브네트웍스(주),2013-09-12,영업,직영,서울특별시 노원구 중계동 506-1 번지 건영백화점 지하1층,1544-1122,cgv.co.kr
울산시,남구,014013,CGV 울산삼산,11,"2,487",0,11,6,1,1,상설,,가입,CJ올리브네트웍스(주),2013-05-01,영업,직영,울산광역시 남구 삼산동 1569-1 번지 업스퀘어 5층,1544-1122,
경기도,성남시,002010,CGV 오리,10,"1,590",1,10,5,0,0,상설,,가입,CJ올리브네트웍스(주),2000-04-01,영업,직영,경기 성남시 분당구 구미동 159 월드유통타운 4F,1544-1122,http://www.cgv.co.kr
부산시,해운대구,011046,CINE de CHEF 센텀,2,90,0,2,2,0,0,상설,,가입,CJ올리브네트웍스(주),2009-03-03,영업,직영,부산광역시 해운대구 우1동 1495 번지 신세계백화점서관 7층,1544-1122,http://www.cgv.co.kr
서울시,성동구,001154,CGV 왕십리,10,"1,846",0,10,8,1,1,상설,,가입,CJ올리브네트웍스(주),2008-12-24,영업,직영,서울특별시 성동구 행당동 168-151 번지 (왕십리 민자역사 5층),1544-1122,http://www.cgv.co.kr
서울시,영등포구,001158,CGV 영등포,12,"2,797",0,12,6,1,0,상설,,가입,CJ올리브네트웍스(주),2009-09-15,영업,직영,서울특별시 영등포구 영등포동4가 441-10 번지 경방 타임스퀘어 4~7층,1544-1122,http://www.cgv.co.kr/
서울시,용산구,001245,CINE de CHEF 용산,2,114,0,2,2,0,0,상설,,가입,CJ올리브네트웍스(주),2017-06-30,영업,직영,서울특별시 용산구 한강로3가 40-1 번지 한강로 3가,,
서울시,강남구,001128,CINE de CHEF 압구정,2,78,0,2,2,0,0,상설,,가입,CJ올리브네트웍스(주),2007-08-01,영업,직영,서울특별시 강남구 신사동 603-2 번지,1544-1122,http://www.cgv.co.kr/
서울시,광진구,001016,CGV 강변,11,"1,466",1,11,5,1,0,상설,,가입,CJ올리브네트웍스(주),1998-04-04,영업,직영,서울특별시 광진구 구의동 546-4 번지 테크노마트 10층,1544-1122,http://www.cgv.co.kr/
서울시,강동구,001230,CGV 천호,6,"1,240",0,6,2,0,1,상설,,가입,CJ올리브네트웍스(주),2015-07-08,영업,직영,서울특별시 강동구 천호동 42 번지 천호동,1544-1122,www.cgv.co.kr
서울시,강남구,001111,CGV 압구정,6,"1,075",3,6,4,0,0,상설,,가입,CJ올리브네트웍스(주),2006-03-30,영업,직영,서울특별시 강남구 신사동 603-2 번지,1544-1122,http://www.cgv.co.kr
대전시,중구,013033,메가박스 대전중앙로,8,"1,124",0,0,0,0,0,상설,,가입,메가박스(주),2019-04-15,영업,직영,대전광역시 중구 대흥동 205-1 번지,02-1544-0070,http://www.megabox.co.kr/
충청북도,음성군,004046,CGV 충북혁신,5,799,0,5,1,0,0,상설,,가입,CJ올리브네트웍스(주),2019-04-19,영업,위탁,충청북도 음성군 맹동면 500 번지 동성리,070-4252-9830,
경기도,평택시,002042,롯데시네마 평택비전,5,432,0,5,1,0,0,상설,,가입,롯데컬처웍스(주)롯데시네마,2014-04-01,영업,위탁,경기도 평택시 비전동 830-1 번지 비전동 뉴코아평택점 10층,1544-8855,http://www.lottecinema.co.kr/
경상남도,양산시,007083,메가박스 양산라피에스타,7,938,0,0,0,0,0,상설,,가입,메가박스(주),2019-03-28,영업,직영,경상남도 양산시 물금읍 1292 번지,02-1544-0070,http://www.megabox.co.kr/
경기도,용인시,002237,CGV 광교상현,4,406,0,4,1,0,0,상설,,가입,CJ올리브네트웍스(주),2018-08-21,영업,위탁,,,
전라남도,광양시,009053,CGV 광양엘에프스퀘어,7,"1,204",0,7,2,0,0,상설,,가입,CJ올리브네트웍스(주),2017-01-24,영업,위탁,전라남도 광양시 광양읍 덕례리 702 번지,,
경기도,가평군,002247,1939시네마,2,136,0,1,1,0,0,상설,,가입,인터파크(주),2019-03-22,영업,직영,,,
전라남도,순천시,009029,메가박스 순천,7,920,0,7,7,0,0,상설,,가입,메가박스(주),2006-04-28,영업,위탁,전남 순천시 덕암동 151번지 SC아울렛 7층,1544-0070,http://www.megabox.co.kr/
경상남도,사천시,007079,메가박스 삼천포,3,90,0,3,3,0,0,상설,,가입,메가박스(주),2017-07-19,영업,위탁,경상남도 사천시 실안동 1062 번지,02-1544-0070,http://www.megabox.co.kr/
충청북도,청주시,004044,메가박스 청주충북대,4,431,0,4,0,0,0,상설,,가입,메가박스(주),2018-11-30,영업,위탁,충청북도 청주시 서원구 사창동 488 번지,02-1544-0070,http://www.megabox.co.kr/
서울시,중구,001100,메가박스 EOE4(남산자동차극장),1,180,0,0,0,0,0,상설,,가입,메가박스(주),2004-11-15,영업,위탁,서울특별시 중구 장충동2가 201-6 번지,1544-0070,http://www.megabox.co.kr/
서울시,서대문구,001148,아트하우스모모,2,276,2,2,1,0,0,상설,,가입,인터파크(주),2008-08-01,영업,위탁,서울특별시 서대문구 대현동 11-1 번지 이화여자대학교 이화캠퍼스콤플렉스(지하4층),02-747-7782,http://www.arthousemomo.com/
서울시,동작구,001197,아트나인,2,150,0,2,1,0,0,상설,,가입,메가박스(주),2013-01-09,영업,위탁,서울특별시 동작구 사당동 147-53 번지 골든시네마 12층,070-7017-4526,http://www.megabox.co.kr/
서울시,중구,001231,명보아트홀,1,200,0,1,0,0,0,상설,,가입,인터파크(주),2013-07-10,영업,직영,서울특별시 중구 초동 18-5 번지,02-2273-5345,
전라북도,전주시,008016,전주시네마타운,6,924,0,6,0,0,0,상설,,가입,인터파크(주),2003-09-05,영업,직영,전북 전주시 완산구 고사동 340-7,063-283-7722,http://www.jcinema.co.kr
전라북도,익산시,008052,롯데시네마 익산모현,7,"1,243",0,7,1,0,0,상설,,가입,롯데컬처웍스(주)롯데시네마,2019-02-28,영업,위탁,전라북도 익산시 모현동1가 876 번지 4층 롯데시네마 익산모현,,
충청북도,영동군,004038,영동 레인보우 영화관,2,97,0,2,1,0,0,상설,,가입,문화인,2016-10-13,영업,직영,충청북도 영동군 영동읍 679-4 번지,043-742-7053,http://yd21.scinema.org
제주도,제주시,010018,롯데시네마 제주아라,6,881,0,6,0,0,0,상설,,가입,롯데컬처웍스(주)롯데시네마,2019-03-01,영업,위탁,제주특별자치도 제주시 아라일동 2574 번지,,www.lottecinema.co.kr
충청남도,천안시,005053,인디플러스천안,1,70,0,1,0,0,0,상설,,가입,인터파크(주),2016-11-18,영업,직영,충청남도 천안시 동남구 문화동 101-2 번지 천안시영상미디어센터,041-415-0098,
충청남도,서천군,005051,서천군 기벌포영화관,2,154,0,2,1,0,0,상설,,가입,인터파크(주),2016-01-08,영업,직영,충청남도 서천군 장항읍 137-1 번지,041-956-7939,
부산시,중구,011066,인생극장,1,156,0,1,0,0,0,상설,,가입,인터파크(주),2019-03-01,영업,직영,부산광역시 중구 대청동4가 81-1 번지,051-245-5441,
전라남도,목포시,009030,메가박스 목포하당,7,998,0,7,1,0,0,상설,,가입,메가박스(주),2006-09-30,영업,위탁,전라남도 목포시 상동 860-1 번지 쇼핑천국포르모,1544-1122,http://www.megabox.co.kr/
충청남도,천안시,005064,CGV 천안터미널,10,"1,787",0,10,0,0,0,상설,,가입,CJ올리브네트웍스(주),2019-02-27,영업,직영,충청남도 천안시 동남구 신부동 363-2 번지 신세계백화점 충청점 B관 4층 CGV 천안터미널,,
대전시,서구,013017,메가박스 대전,8,"1,333",0,8,3,0,0,상설,,가입,메가박스(주),2004-11-15,영업,직영,대전광역시 서구 탄방동 746 번지 5층,1544-0070,http://www.megabox.co.kr/
대구시,북구,012006,메가박스 대구(칠성로),10,"2,008",0,10,4,0,0,상설,,가입,메가박스(주),2002-04-27,영업,직영,대구광역시 북구 칠성동2가 20 번지,1544-0070,http://www.megabox.co.kr/
부산시,북구,011052,메가박스 덕천,9,"1,305",0,9,1,0,0,상설,,가입,메가박스(주),2013-04-29,영업,위탁,부산광역시 북구 덕천동 398-2 번지,1544-0070,http://www.megabox.co.kr/
부산시,해운대구,011051,영화의전당,6,"4,560",5,6,4,0,0,상설,,가입,(재) 영화의전당,2011-11-11,영업,직영,부산광역시 해운대구 우동 1467 번지,051-780-6050,http://www.dureraum.org/
서울시,종로구,001080,서울극장,9,"1,569",2,8,2,0,0,상설,,가입,맥스무비(주),1997-07-01,영업,직영,서울특별시 종로구 관수동 59-7 번지,02-2277-3015,http://www.seoulcinema.com/
인천시,서구,015057,메가박스 청라지젤,7,784,0,7,1,0,0,상설,,가입,메가박스(주),2017-10-25,영업,위탁,인천광역시 서구 연희동 796-12 번지,02-1544-0070,
광주시,광산구,016022,메가박스 콜롬버스 하남,10,918,0,10,2,0,0,상설,,가입,메가박스(주),2007-08-13,영업,위탁,광주광역시 광산구 우산동 1587-1,1544-0070,http://www.megabox.co.kr/
광주시,서구,016021,메가박스 상무,10,"1,646",0,10,0,0,0,상설,,가입,메가박스(주),2007-08-13,영업,위탁,광주광역시 서구 치평동 1223-3 번지 4,1544-0070,http://www.megabox.co.kr/
부산시,해운대구,011026,메가박스 해운대(장산),7,"1,007",0,7,2,0,0,상설,,가입,메가박스(주),2012-01-02,영업,직영,부산광역시 해운대구 좌동 1467-4 번지 8층,1544-0070,http://www.megabox.co.kr/
경기도,하남시,002223,메가박스 하남스타필드,11,"1,537",0,11,2,0,0,상설,,가입,메가박스(주),2016-09-09,영업,직영,경기도 하남시 신장동 616 번지,010-5475-3388,http://www.megabox.co.kr/
경기도,수원시,002172,메가박스 영통,11,"1,873",0,11,3,0,0,상설,,가입,메가박스(주),2008-03-27,영업,직영,경기도 수원시 영통구 영통동 960-1 번지 그랜드 백화점 7층,1544-0070,http://www.megabox.co.kr/
서울시,마포구,001267,메가박스 상암월드컵경기장,9,"1,542",0,9,1,0,0,상설,,가입,메가박스(주),2018-07-02,영업,직영,"서울특별시 마포구 성산동 515 번지 경기장 지하1층, 지상1,2층(성산동, 월드컵주경기장)",02-1544-0070,http://www.megabox.co.kr/
경기도,성남시,002102,메가박스 분당,6,791,0,6,3,0,0,상설,,가입,메가박스(주),2001-07-28,영업,직영,경기도 성남시 분당구 서현동 262-2 번지 4층,1544-0070,http://www.megabox.co.kr/
경상남도,창원시 마산합포구,007080,메가박스 마산,6,"1,043",0,6,2,0,0,상설,,가입,메가박스(주),2018-01-31,영업,직영,경상남도 창원시 마산합포구 해운동 68 번지 해운동 유로스퀘어 6~7층,02-1544-0070,http://www.megabox.co.kr/
경기도,고양시,002210,메가박스 백석,8,"1,374",0,8,3,0,0,상설,,가입,메가박스(주),2012-12-22,영업,직영,경기도 고양시 일산동구 중앙로 1036,1544-0070,http://www.megabox.co.kr/
충청북도,청주시,004045,CGV 청주터미널,8,"1,292",0,8,0,0,0,상설,,가입,CJ올리브네트웍스(주),2019-02-01,영업,위탁,충청북도 청주시 흥덕구 가경동 1416-3 번지 8층,043-233-9525,
충청남도,천안시,005027,CGV 천안,8,"1,017",0,8,4,0,0,상설,,가입,CJ올리브네트웍스(주),2007-04-01,영업,직영,충청남도 천안시 동남구 대흥동 102-10 번지 오렌지시네스타 5층,1544-1122,http://www.cgv.co.kr/
전라남도,순천시,009061,CGV 순천신대,9,"1,444",0,9,1,0,0,상설,,가입,CJ올리브네트웍스(주),2017-12-29,영업,직영,전라남도 순천시 해룡면 2139 번지 CGV 순천신대,,
대구시,중구,012035,CGV 대구현대,6,709,0,6,3,0,0,상설,,가입,CJ올리브네트웍스(주),2011-08-17,영업,직영,대구광역시 중구 계산동2가 200 번지 지하2층 (계산동2가),1544-1122,http://www.cgv.co.kr
충청북도,충주시,004012,메가박스 충주,10,"1,679",0,10,3,0,0,상설,,가입,메가박스(주),2002-12-19,영업,위탁,충청북도 충주시 성서동 273 번지,1544-0070,http://www.megabox.co.kr/
제주도,제주시,010002,메가박스 제주,6,872,0,6,1,0,0,상설,,가입,메가박스(주),2011-05-20,영업,위탁,제주특별자치도 제주시 삼도이동 108-13 번지,1544-0070,http://www.megabox.co.kr/
서울시,동작구,001125,메가박스 이수,6,828,0,6,1,0,0,상설,,가입,메가박스(주),2011-11-18,영업,직영,서울특별시 동작구 사당동 147-53 번지 골든시네마타워 7~11층,1544-0070,http://www.megabox.co.kr/
경기도,시흥시,002228,메가박스시흥배곧,6,"1,227",0,6,2,0,0,상설,,가입,메가박스(주),2017-06-15,영업,위탁,경기도 시흥시 정왕동 2514-1 번지,02-1544-0070,http://www.megabox.co.kr/
경기도,고양시,002222,메가박스 일산벨라시타,5,749,0,5,1,0,0,상설,,가입,메가박스(주),2016-08-24,영업,직영,경기도 고양시 일산동구 백석동 1237 번지 일산요진와이시티,010-9134-4643,http://www.megabox.co.kr
강원도,속초시,003025,메가박스 속초,5,585,0,5,2,0,0,상설,,가입,메가박스(주),2007-02-10,영업,위탁,강원 속초시 조양동 1506-1번지 3층,1544-0070,http://www.megabox.co.kr/
대구시,북구,012015,메가박스 북대구(칠곡),6,829,0,6,2,0,0,상설,,가입,메가박스(주),2006-12-24,영업,위탁,대구광역시 북구 동천동 895-2 번지,1544-0070,http://www.megabox.co.kr/
부산시,해운대구,011025,롯데시네마 해운대,10,827,0,10,2,0,0,상설,,가입,롯데컬처웍스(주)롯데시네마,2013-12-31,영업,위탁,부산광역시 해운대구 좌동 1479-1 번지 웅신시네아트7층,1544-8855,http://www.lottecinema.co.kr/
울산시,남구,014001,롯데시네마 울산,9,"1,480",0,9,7,1,0,상설,,가입,롯데컬처웍스(주)롯데시네마,2001-08-24,영업,직영,울산광역시 남구 삼산동 1480-1 번지,1544-8855,http://www.lottecinema.co.kr/
서울시,강남구,001071,롯데시네마 브로드웨이,6,570,0,6,2,0,0,상설,,가입,롯데컬처웍스(주)롯데시네마,2013-04-05,영업,위탁,서울특별시 강남구 논현동 3-5 번지,1544-8855,http://www.bc5.co.kr
대구시,중구,012053,롯데시네마 프리미엄 만경관,9,663,0,9,3,0,0,상설,,가입,롯데컬처웍스(주)롯데시네마,2018-04-25,영업,위탁,,1544-8855,http://www.lottecinema.co.kr
경상북도,영주시,006077,롯데시네마 영주,6,909,0,6,2,0,0,상설,,가입,롯데컬처웍스(주)롯데시네마,2018-03-09,영업,위탁,,054-634-3000,
경상북도,구미시,006029,롯데시네마 구미 프라임 1번가,8,"1,049",0,10,2,0,0,상설,,가입,롯데컬처웍스(주)롯데시네마,2003-11-14,영업,위탁,경상북도 구미시 원평동 353-4 번지,1544-8855,http://www.lottecinema.co.kr/
경기도,성남시,002230,롯데시네마 위례,7,"1,001",0,7,2,0,0,상설,,가입,롯데컬처웍스(주)롯데시네마,2017-09-01,영업,직영,경기도 성남시 수정구 창곡동 505 번지,070-7239-2200,
경기도,부천시,002212,롯데시네마 부천역,9,806,0,9,3,0,0,상설,,가입,롯데컬처웍스(주)롯데시네마,2013-02-28,영업,위탁,경기도 부천시 원미구 심곡동 175-6 번지,1544-8855,http://www.lottecinema.co.kr/
충청남도,보령시,005060,CGV 보령,5,751,0,5,1,0,0,상설,,가입,CJ올리브네트웍스(주),2018-01-05,영업,위탁,,041-935-0705,
경기도,하남시,002243,CGV 스타필드시티위례,6,882,0,6,2,0,0,상설,,가입,CJ올리브네트웍스(주),2018-12-14,영업,직영,경기도 하남시 학암동 90-33 번지 스타필드시티위례 5층,,www.cgv.co.kr
충청북도,청주시,004043,CGV 청주율량,11,"1,535",0,11,3,0,0,상설,,가입,CJ올리브네트웍스(주),2018-11-28,영업,직영,충청북도 청주시 상당구 율량동 500-3 번지 그랜드 프라자 청주 3관 2층,,
충청남도,홍성군,005041,CGV 홍성,6,869,0,6,3,0,0,상설,,가입,CJ올리브네트웍스(주),2011-12-22,영업,직영,충청남도 홍성군 홍성읍 1042 번지 7층,1544-1122,http://www.cgv.co.kr
충청남도,서산시,005049,CGV 서산,8,820,0,8,2,0,0,상설,,가입,CJ올리브네트웍스(주),2015-07-29,영업,위탁,"충청남도 서산시 동문동 1029-1 번지 동문동, 서산상설패션타운",1544-1122,
충청남도,당진군,005046,CGV 당진,7,"1,075",0,7,2,0,0,상설,,가입,CJ올리브네트웍스(주),2014-12-01,영업,위탁,충청남도 당진시 읍내동 1532 번지 읍내동,1544-1122,
제주도,제주시,010016,CGV 제주노형,6,857,0,6,2,0,0,상설,,가입,CJ올리브네트웍스(주),2017-09-13,영업,직영,제주특별자치도 제주시 노형동 1288-5 번지 노형타워 5층,,
전라북도,정읍시,008048,CGV 정읍,4,564,0,4,1,0,0,상설,,가입,CJ올리브네트웍스(주),2014-01-27,영업,위탁,전라북도 정읍시 수성동 525-1 번지,1544-1122,
전라북도,전주시,008231,CGV서전주,5,720,0,5,2,0,0,상설,,가입,CJ올리브네트웍스(주),2018-04-24,영업,직영,전라북도 전주시 완산구 효자동3가 1531-2 번지 엠스퀘어 6층~8층,,
전라북도,군산시,008230,CGV 군산,5,893,0,5,2,0,0,상설,,가입,CJ올리브네트웍스(주),2018-04-05,영업,위탁,전라북도 군산시 나운동 124-4 번지,,
전라남도,여수시,009050,CGV 여수웅천,8,"1,123",0,8,2,0,0,상설,,가입,CJ올리브네트웍스(주),2015-02-11,영업,위탁,전라남도 여수시 웅천동 1720-3 번지 웅천동,1544-1122,
전라남도,순천시,009020,CGV 순천,8,"1,188",0,8,4,0,0,상설,,가입,CJ올리브네트웍스(주),2010-10-21,영업,직영,전라남도 순천시 장천동 54-1 번지,1544-1122,http://www.cgv.co.kr
전라남도,목포시,009064,CGV 목포평화광장,8,"1,300",0,8,2,0,0,상설,,가입,CJ올리브네트웍스(주),2018-07-27,영업,직영,전라남도 목포시 상동 1129-6 번지 CGV 목포평화광장,,www.cgv.co.kr
전라남도,광양시,009054,CGV광양,4,670,0,4,2,0,0,상설,,가입,CJ올리브네트웍스(주),2017-04-28,영업,직영,전라남도 광양시 금호동 624-12 번지 CGV광양,,
인천시,연수구,015056,CGV 연수역,9,"1,498",0,9,2,0,0,상설,,가입,CJ올리브네트웍스(주),2017-07-14,영업,직영,"인천광역시 연수구 청학동 496-4 번지 8층(청학동, 연수광장프라자)",,
인천시,남동구,015039,CGV 인천논현,5,629,0,5,2,0,0,상설,,가입,CJ올리브네트웍스(주),2014-08-22,영업,위탁,인천광역시 남동구 논현동 646-2 번지 노현시네마타워 4층,1544-1122,http://www.cgv.co.kr
인천시,남구,015020,CGV 주안역,9,"1,690",0,9,4,0,0,상설,,가입,CJ올리브네트웍스(주),2005-02-17,영업,직영,인천광역시 남구 주안동 30-1 번지 카라아울렛 6~10층,1544-1122,http://www.cgv.co.kr
인천시,남구,015049,CGV 남주안,7,921,0,7,0,0,0,상설,,가입,CJ올리브네트웍스(주),2014-09-05,영업,위탁,인천광역시 남구 주안동 141-8 번지 주안동 9층 18호,1544-1122,
서울시,중구,001057,CGV 명동,5,736,0,5,4,0,0,상설,,가입,CJ올리브네트웍스(주),2001-12-23,영업,직영,서울특별시 중구 명동2가 83-5 번지 아바타빌딩 8층,1544-1122,http://www.cgv.co.kr
서울시,중구,001247,CGV 동대문,6,676,0,6,3,0,0,상설,,가입,CJ올리브네트웍스(주),2017-12-19,영업,직영,서울특별시 중구 을지로6가 17-2 번지,,
서울시,은평구,001106,CGV 불광,9,"1,622",0,9,3,0,0,상설,,가입,CJ올리브네트웍스(주),2005-06-25,영업,위탁,서울특별시 은평구 대조동 240 번지 팜스퀘어 11층,1544-1122,http://www.cgv.co.kr/
서울시,광진구,001251,CGV 건대입구,5,754,0,5,2,0,0,상설,,가입,CJ올리브네트웍스(주),2018-01-30,영업,직영,,,
서울시,강북구,001257,CGV 수유,9,972,0,9,0,0,0,상설,,가입,CJ올리브네트웍스(주),2018-03-23,영업,직영,서울특별시 강북구 수유동 168-12 번지,,
부산시,해운대구,011058,CGV 해운대,6,966,0,6,3,0,0,상설,,가입,CJ올리브네트웍스(주),2015-10-22,영업,위탁,부산광역시 해운대구 우동 539-10 번지,1544-1122,
부산시,연제구,011045,CGV 아시아드,8,"1,315",0,8,3,0,0,상설,,가입,CJ올리브네트웍스(주),2009-03-01,영업,직영,부산광역시 연제구 거제2동 1208 번지 홈플러스,1544-1122,http://www.cgv.co.kr/
부산시,부산진구,011006,CGV 대한,4,661,0,4,1,0,0,상설,,가입,CJ올리브네트웍스(주),2013-02-07,영업,직영,"부산광역시 부산진구 부전동 205-2 번지 (부전동, 대한프라자 4층)",1544-1122,http://www.cgv.co.kr/
부산시,남구,011034,CGV 대연,8,"1,171",0,8,4,0,0,상설,,가입,CJ올리브네트웍스(주),2007-09-12,영업,직영,부산광역시 남구 대연동 73-15 번지 5층,1544-1122,http://www.cgv.co.kr/
대전시,유성구,007068,CGV 유성온천,5,951,0,5,2,0,0,상설,,가입,CJ올리브네트웍스(주),2015-03-16,영업,위탁,대전광역시 유성구 봉명동 1016-7 번지 센트럴프라자,1544-1122,
대전시,유성구,013029,CGV 유성노은,5,968,0,5,2,0,0,상설,,가입,CJ올리브네트웍스(주),2014-11-05,영업,위탁,대전광역시 유성구 지족동 905-4 번지 지족동 노은타운 7층,1544-1122,
광주시,북구,016038,CGV 광주용봉,10,"1,465",0,10,2,0,0,상설,,가입,CJ올리브네트웍스(주),2013-09-16,영업,직영,광주광역시 북구 용봉동 17-1 번지 굿모닝타운 4층,1544-1122,http://www.cgv.co.kr
광주시,광산구,016046,CGV 광주하남,6,835,0,6,3,0,0,상설,,가입,CJ올리브네트웍스(주),2018-09-20,영업,직영,광주광역시 광산구 산정동 1128 번지,,
경상북도,안동시,006057,CGV 안동,6,958,0,6,2,0,0,상설,,가입,CJ올리브네트웍스(주),2014-10-01,영업,위탁,경상북도 안동시 용상동 1426-1 번지,1544-1122,http://www.cgv.co.kr/
경상북도,김천시,006069,CGV 김천율곡,5,816,0,5,1,0,0,상설,,가입,CJ올리브네트웍스(주),2016-10-25,영업,위탁,"경상북도 김천시 율곡동 1123-1 번지 3,4,5층",,
경상남도,창원시 마산회원구,007032,CGV 마산,7,"1,178",0,7,4,0,0,상설,,가입,CJ올리브네트웍스(주),2005-03-12,영업,직영,경상남도 창원시 마산회원구 합성동 126-4 번지 보보스존 12층(구 엠파크8),1544-1122,http://www.cgv.co.kr
경상남도,양산시,007076,CGV 양산물금,5,454,0,5,1,0,0,상설,,가입,CJ올리브네트웍스(주),2016-12-20,영업,위탁,경상남도 양산시 물금읍 가촌리 1269-13 번지 5층,,
경상남도,김해시,007077,CGV 김해장유,6,968,0,6,1,0,0,상설,,가입,CJ올리브네트웍스(주),2017-01-25,영업,위탁,경상남도 김해시 대청동 302-6 번지 CGV김해장유,,
경기도,평택시,002200,CGV 평택소사,6,750,0,6,3,0,0,상설,,가입,CJ올리브네트웍스(주),2017-02-22,영업,직영,경기도 평택시 비전동 1090-2 번지 로이드빌딩 5층 CGV평택소사,,
경기도,안양시,002214,CGV 범계,6,620,0,6,1,0,0,상설,,가입,CJ올리브네트웍스(주),2013-05-16,영업,위탁,"경기도 안양시 동안구 호계동 1039-3 번지 (호계동, 뉴코아아울렛 11층)",1544-1122,
경기도,시흥시,002233,CGV 배곧,6,853,0,6,3,0,0,상설,,가입,CJ올리브네트웍스(주),2017-12-29,영업,직영,경기도 시흥시 정왕동 1771-1 번지,,
경기도,수원시,002117,CGV 북수원,8,"1,268",0,8,4,0,0,상설,,가입,CJ올리브네트웍스(주),2006-09-21,영업,직영,경기도 수원시 장안구 조원동 893 번지 아일렛타운 4층,1544-1122,http://www.cgv.co.kr/
경기도,성남시,002011,CGV 야탑,8,"1,326",0,8,5,0,0,상설,,가입,CJ올리브네트웍스(주),2000-04-01,영업,직영,경기도 성남시 분당구 야탑동 341 번지 테마폴리스 B2F,1544-1122,http://www.cgv.co.kr/
경기도,성남시,002047,CGV 서현,4,455,0,4,2,0,0,상설,,가입,CJ올리브네트웍스(주),2014-08-14,영업,직영,경기도 성남시 분당구 서현동 256 번지 서현동 비전월드빌딩,1544-1122,
경기도,군포시,002183,CGV 산본,6,695,0,6,1,0,0,상설,,가입,CJ올리브네트웍스(주),2016-12-21,영업,위탁,경기도 군포시 산본동 1142-2 번지 외1 산본대우비디오플러스 401,1544-8855,http://www.lottecinema.co.kr/
경기도,구리시,002220,CGV 구리,7,"1,165",0,7,3,0,0,상설,,가입,CJ올리브네트웍스(주),2016-07-28,영업,직영,"경기도 구리시 인창동 676-2 번지 2-7층 (인창동, 구리맥스)",,
경기도,용인시,002246,롯데시네마 용인역북,7,"1,002",0,7,2,0,0,상설,,가입,롯데컬처웍스(주)롯데시네마,2019-01-16,영업,직영,경기도 용인시 처인구 역북동 510-3 번지 5층 롯데시네마 사무실,,
경상북도,경주시,006006,메가박스 경주,3,406,0,3,2,0,0,상설,,가입,메가박스(주),2010-08-01,영업,위탁,경상북도 경주시 노동동 55-1 번지,1544-0070,http://www.megabox.co.kr/
경기도,하남시,002235,메가박스 미사강변,5,605,0,5,0,0,0,상설,,가입,메가박스(주),2018-05-25,영업,위탁,"경기도 하남시 망월동 1079-2 번지 4,5층(망월동)",02-1544-0070,http://www.megabox.co.kr/
경기도,용인시,002245,메가박스 용인테크노밸리,5,565,0,0,0,0,0,상설,,가입,메가박스(주),2019-01-10,영업,위탁,경기도 용인시 기흥구 청덕동 556 번지 지하 1층,02-1544-0070,http://www.megabox.co.kr/
대구시,동구,012054,메가박스 대구이시아,7,644,0,7,0,0,0,상설,,가입,메가박스(주),2018-08-15,영업,위탁,"대구광역시 동구 봉무동 1548 번지 메가맥스타워 2,3,4층",02-1544-0070,http://www.megabox.co.kr/
충청북도,괴산군,004042,괴산자연드림파크 괴산극장,3,234,0,3,1,0,0,상설,,가입,인터파크(주),2018-11-01,영업,직영,충청북도 괴산군 칠성면 율원리 4-7 번지,043-760-4303,
충청남도,태안군,005057,태안시네마,2,99,0,2,1,0,0,상설,,가입,인터파크(주),2017-09-25,영업,직영,충청남도 태안군 태안읍 8-2 번지 동문리,041-673-2192,http://www.taeancinema.com/
충청남도,천안시,005054,천안낭만극장,1,170,1,1,0,0,0,상설,,가입,인터파크(주),2016-12-10,영업,직영,충청남도 천안시 동남구 문화동 99-1 번지 명성빌딩 지하1층,041-622-5772,
충청남도,부여군,005055,스타박스,2,166,0,2,1,0,0,상설,,가입,인터파크(주),2017-01-18,영업,직영,충청남도 부여군 부여읍 617 번지 3층,041-837-4501,
충청남도,보령시,005059,명보시네마,3,343,0,3,0,0,0,상설,,가입,인터파크(주),2017-12-23,영업,직영,충청남도 보령시 대천동 422-4 번지,041-936-4503,
충청남도,당진군,005047,조이앤시네마 당진,1,106,0,1,0,0,0,상설,,가입,인터파크(주),2015-01-01,영업,직영,충청남도 당진시 읍내동 251-4 번지,041-356-8300,
충청남도,당진군,005052,당진아트시네마,1,153,0,1,0,0,0,상설,,가입,인터파크(주),2016-09-08,영업,직영,충청남도 당진시 읍내동 251-4 번지 3층 (읍내동),041-356-8300,
전라북도,전주시,008227,조이앤시네마 전주점,5,782,0,5,1,0,0,상설,,가입,인터파크(주),2016-04-29,영업,직영,전라북도 전주시 완산구 고사동 288-2 번지,063-252-4323,http://www.facebook.com/
전라북도,전주시,008228,조이아트시네마,1,103,0,1,0,0,0,상설,,가입,인터파크(주),2016-08-15,영업,직영,전라북도 전주시 완산구 고사동 288-2 번지,063-252-4323,
전라북도,고창군,008049,고창문화원 동리시네마,2,93,0,2,1,0,0,상설,,가입,인터파크(주),2014-06-20,영업,위탁,전라북도 고창군 고창읍 읍내리 457 번지,063-564-1340,
전라남도,고흥군,009052,고흥 작은영화관,2,142,0,2,0,0,0,상설,,가입,인터파크(주),2016-02-22,영업,직영,전라남도 고흥군 고흥읍 200-2 번지,061-830-580,cinema.goheung.go.kr
인천시,남구,015035,영화공간주안,4,496,0,4,0,0,0,상설,,가입,맥스무비(주),2007-05-01,영업,직영,인천광역시 남구 주안동 166-1 번지,032-867-9168,http://www.cinespacejuan.com/
서울시,종로구,001237,에무 시네마 앤 카페,2,102,0,2,0,0,0,상설,,가입,인터파크(주),2016-05-05,영업,직영,서울특별시 종로구 신문로2가 1-181 번지 복합문화공간에무,02-730-5604,http://emuartspace.com/
서울시,종로구,001062,서울아트시네마,1,202,1,1,0,0,0,상설,,가입,맥스무비(주),,영업,직영,서울특별시 종로구 관수동 59-7 번지,02-741-9782,http://
서울시,종로구,001227,낭만극장,1,286,0,1,0,0,0,상설,,가입,인터파크(주),2015-04-21,영업,직영,서울특별시 종로구 낙원동 낙원빌딩 284-6 번지,02-3672-4232,
서울시,서대문구,001149,필름포럼,2,142,0,2,0,0,0,상설,,가입,인터파크(주),2008-07-01,영업,직영,서울특별시 서대문구 대신동 85-1 하늬솔빌딩 A동 지하 1층,02-363-2537,
서울시,노원구,001240,더숲 아트시네마,2,80,0,2,0,0,0,상설,,가입,인터파크(주),2016-12-07,영업,직영,서울특별시 노원구 상계동 727-1번지 조광빌딩 지하1층,02-951-0206,
서울시,구로구,001248,씨네큐 신도림,10,"1,263",0,10,0,0,0,상설,,가입,(주)넥스트엔터테인먼트월드,2018-01-18,영업,직영,서울특별시 구로구 구로동 3-25 번지 신도림테크노마트 11층~14층,,
서울시,강남구,001242,이봄씨어터,1,59,0,1,0,0,0,상설,,가입,인터파크(주),2017-01-11,영업,직영,서울특별시 강남구 신사동 532-1 번지 대원빌딩 B2,070-8233-4321,
광주시,동구,016044,광주독립영화관,1,105,0,1,0,0,0,상설,,가입,인터파크(주),2018-04-11,영업,직영,광주광역시 동구 서석동 47-1 번지 서석동,062-222-1895,
경상북도,포항시,006071,인디플러스 포항,1,262,0,1,0,0,0,상설,,가입,인터파크(주),2017-02-22,영업,직영,경상북도 포항시 남구 대도동 303-1 번지,054-289-7921,
경상북도,안동시,006019,안동중앙시네마,1,144,0,1,0,0,0,상설,,가입,인터파크(주),,영업,직영,경상북도 안동시 삼산동 140-5 번지 3층,054-854-5500,http://
경상북도,구미시,006076,씨네큐 구미봉곡,5,502,0,5,1,0,0,상설,,가입,(주)넥스트엔터테인먼트월드,2017-12-07,영업,직영,경상북도 구미시 봉곡동 36 번지 4층,1544-1533,www.cineq.co.kr
경상북도,경주시,006073,씨네큐 경주보문,6,767,0,6,2,0,0,상설,,가입,(주)넥스트엔터테인먼트월드,2017-08-24,영업,직영,경상북도 경주시 신평동 150-10 번지 2-4층,1544-1533,www.cineq.co.kr
경상남도,창원시 마산합포구,007072,씨네아트 리좀,1,51,0,1,0,0,0,상설,,가입,인터파크(주),2015-12-11,영업,직영,경상남도 창원시 마산합포구 동성동 268 번지,070-8802-6438,cafe.naver.com/cineart
강원도,홍천군,003029,시네마브이,1,87,0,1,0,0,0,상설,,가입,인터파크(주),,영업,직영,강원도 홍천군 서면 1290-2 번지 비바아트홀 대명비발디파크,033-439-7420,
강원도,평창군,003202,알펜시아시네마,1,312,0,1,0,0,0,상설,,가입,인터파크(주),2016-01-22,영업,직영,강원도 평창군 대관령면 425 번지,,
충청북도,청원군,004014,메가박스 오창,8,"1,013",0,8,2,0,0,상설,,가입,메가박스(주),2017-12-14,영업,위탁,충청북도 청원군 오창읍 양청리 820-1 번지 메가시티 4층 메가박스 오창,02-1544-0070,http://www.megabox.co.kr/
충청북도,진천군,004037,메가박스진천점,4,593,0,4,0,0,0,상설,,가입,메가박스(주),2015-12-30,영업,위탁,충청북도 진천군 진천읍 읍내리 652 번지,1544-0070,http://www.megabox.co.kr/
충청북도,제천시,004001,메가박스 제천,7,"1,200",0,7,3,0,0,상설,,가입,메가박스(주),2004-12-16,영업,위탁,충북 제천시 남천동 1145번지,1544-0070,http://www.megabox.co.kr/
충청남도,홍성군,005058,메가박스 홍성내포,5,657,0,5,1,0,0,상설,,가입,메가박스(주),2017-09-27,영업,위탁,충청남도 홍성군 홍북면 신경리 555 번지,02-1544-0070,http://www.megabox.co.kr/
전라북도,전주시,008024,메가박스 전주(객사),10,"1,568",0,10,2,0,0,상설,,가입,메가박스(주),2004-12-18,영업,직영,전라북도 전주시 완산구 고사동 181 번지,1544-0070,http://www.megabox.co.kr/
전라남도,여수시,009060,메가박스 여수웅천,8,"1,064",0,8,1,0,0,상설,,가입,메가박스(주),2017-12-20,영업,위탁,전라남도 여수시 웅천동 1720-1 번지,02-1544-0070,http://www.megabox.co.kr/
인천시,중구,015061,메가박스 영종,6,677,0,6,0,0,0,상설,,가입,메가박스(주),2018-10-18,영업,위탁,인천광역시 중구 운서동 3088-3 번지 예스타워 영종 7~9층,02-1544-0070,http://www.megabox.co.kr/
인천시,연수구,015055,메가박스송도,8,"1,548",0,8,2,0,0,상설,,가입,메가박스(주),2017-04-28,영업,직영,인천광역시 연수구 송도동 170-1 번지,02-1544-0070,http://www.megabox.co.kr/
인천시,서구,015053,메가박스청라,7,869,0,7,1,0,0,상설,,가입,메가박스(주),2016-10-21,영업,직영,인천광역시 서구 청라동 162-2 번지,02-1544-0070,www.megabox.co.kr
인천시,서구,015051,메가박스검단,5,771,0,5,1,0,0,상설,,가입,메가박스(주),2015-09-21,영업,위탁,인천광역시 서구 당하동 1098-5 번지 4층 403호(당하동),032-565-5660,www.megabox.co.kr
경기도,성남시,002244,롯데시네마 성남중앙,9,"1,234",0,9,2,0,0,상설,,가입,롯데컬처웍스(주)롯데시네마,2018-12-27,영업,직영,경기도 성남시 수정구 신흥동 4124 번지 롯데시네마 성남중앙 사무실,,
인천시,남동구,015052,메가박스 인천논현,8,"1,221",0,8,0,0,0,상설,,가입,메가박스(주),2015-10-08,영업,위탁,인천광역시 남동구 논현동 747-3 번지 라피에스타6층 7층전체,1544-0070,http://www.megabox.co.kr/
울산시,중구,014009,메가박스 울산,8,"1,141",0,8,2,0,0,상설,,가입,메가박스(주),2004-12-23,영업,직영,울산광역시 중구 성남동 251-8 번지,1544-0070,http://www.megabox.co.kr/
서울시,중랑구,001159,메가박스 상봉,7,924,0,7,1,0,0,상설,,가입,메가박스(주),2009-10-01,영업,직영,서울특별시 중랑구 상봉동 130-3 번지,1544-0070,http://www.megabox.co.kr/
서울시,중구,001151,메가박스 동대문,8,"1,744",0,8,0,0,0,상설,,가입,메가박스(주),2008-09-11,영업,직영,서울 중구 을지로6가 18-21번지 굿모닝시티 9층,1544-0070,http://www.megabox.co.kr/
서울시,양천구,001112,메가박스 목동,9,"1,681",0,9,3,0,0,상설,,가입,메가박스(주),2006-04-27,영업,직영,서울 양천구 목1동 917-6 행복한백화점 6층,1544-0070,http://www.megabox.co.kr/
서울시,서초구,001030,메가박스 센트럴,5,680,0,5,2,0,0,상설,,가입,메가박스(주),2000-07-29,영업,직영,서울특별시 서초구 반포동 19-3 번지 센트럴시티 지하1층,1544-0070,www.megabox.co.kr
서울시,서대문구,001117,메가박스 신촌,8,"1,694",0,8,1,0,0,상설,,가입,메가박스(주),2006-09-22,영업,직영,서울특별시 서대문구 신촌동 74-12 번지,1544-0070,http://www.megabox.co.kr/
서울시,도봉구,001243,메가박스창동,5,680,0,5,0,0,0,상설,,가입,메가박스(주),2017-01-20,영업,위탁,서울특별시 도봉구 창동 715-14 번지,02-1544-0070,http://www.megabox.co.kr/
서울시,강서구,001246,메가박스 마곡,6,815,0,6,0,0,0,상설,,가입,메가박스(주),2017-09-25,영업,직영,서울특별시 강서구 마곡동 797-1 번지 퀸즈파크나인 B동 4층 메가박스 마곡지점,02-1544-0070,
서울시,강남구,001003,메가박스 코엑스,19,"3,601",0,19,3,0,0,상설,,가입,메가박스(주),2000-05-13,영업,직영,서울특별시 강남구 삼성동 159 번지,1544-0070,http://www.megabox.co.kr/
부산시,중구,011020,메가박스 부산극장,9,"1,371",0,9,2,0,0,상설,,가입,메가박스(주),2000-05-16,영업,위탁,부산광역시 중구 남포동5가 24-1 번지,1544-0070,http://www.megabox.co.kr/
부산시,기장군,011062,메가박스 정관,6,578,0,6,1,0,0,상설,,가입,메가박스(주),2017-12-07,영업,위탁,부산광역시 기장군 정관읍 777-1 번지 5층,02-1544-0070,http://www.megabox.co.kr/
부산시,금정구,011059,메가박스 부산대,7,"1,065",0,7,1,0,0,상설,,가입,메가박스(주),2016-05-02,영업,직영,"부산광역시 금정구 장전동 292-4 번지 (장전동,라퓨타아일랜드)",,http://www.megabox.co.kr
대구시,동구,012051,메가박스 대구신세계,6,901,0,6,2,0,0,상설,,가입,메가박스(주),2016-12-15,영업,직영,대구광역시 동구 신천동 1506 번지,02-1544-0070,http://www.megabox.co.kr/
경상북도,포항시,006075,메가박스 남포항,6,663,0,6,1,0,0,상설,,가입,메가박스(주),2017-09-26,영업,직영,경상북도 포항시 남구 오천읍 1134 번지,02-1544-0070,http://www.megabox.co.kr/
경상북도,문경시,006065,메가박스 문경,3,259,0,3,0,0,0,상설,,가입,메가박스(주),2015-09-24,영업,직영,"경상북도 문경시 모전동 859-2 번지 모전동, 홈플러스 문경점 1층",1544-0070,http://www.megabox.co.kr
경상북도,김천시,006039,메가박스 김천,4,851,0,4,3,0,0,상설,,가입,메가박스(주),2006-07-01,영업,위탁,경상북도 김천시 평화동 245-82 번지 한일빌딩 4-7층,1544-1122,http://www.primuscinema.com/
경상북도,경산시,006070,메가박스경산하양,5,561,0,5,1,0,0,상설,,가입,메가박스(주),2016-10-26,영업,위탁,경상북도 경산시 하양읍 97 번지,053-782-7458,http://www.megabox.co.kr/
경상남도,창원시 성산구,007036,메가박스 창원,7,"1,104",0,7,2,0,0,상설,,가입,메가박스(주),2005-07-02,영업,직영,경상남도 창원시 성산구 중앙동 99-1 번지,1544-0070,http://www.megabox.co.kr/
경상남도,양산시,007078,메가박스양산,6,933,0,6,2,0,0,상설,,가입,메가박스(주),2017-05-01,영업,위탁,경상남도 양산시 중부동 685-6 번지,02-1544-0070,http://www.megabox.co.kr/
경상남도,사천시,007071,메가박스 사천,6,607,0,4,1,0,0,상설,,가입,메가박스(주),2015-09-15,영업,위탁,경상남도 사천시 사천읍 111-2 번지,,
경상남도,거창군,007069,메가박스 거창,2,410,0,2,0,0,0,상설,,가입,메가박스(주),2015-07-24,영업,위탁,경상남도 거창군 거창읍 90-2 번지 (고센시티8층),010-6898-0806,http://www.megabox.co.kr
경기도,화성시,002072,메가박스 동탄,8,"1,350",0,8,2,0,0,상설,,가입,메가박스(주),2015-07-17,영업,위탁,경기도 화성시 반송동 93-2 번지 (반송동),,http://www.megabox.co.kr/
경기도,평택시,002127,메가박스 평택,8,"1,134",0,8,0,0,0,상설,,가입,메가박스(주),2007-06-28,영업,직영,경기도 평택시 평택동 35-3 6층,1544-0070,http://www.megabox.co.kr/
경기도,파주시,002226,메가박스파주운정,7,882,0,7,2,0,0,상설,,가입,메가박스(주),2017-01-11,영업,위탁,경기도 파주시 야당동 483-3 번지 에스비프라자 3층,02-1544-0070,http://www.megabox.co.kr/
경기도,파주시,002097,메가박스 파주출판도시,9,"1,649",0,9,2,0,0,상설,,가입,메가박스(주),2011-11-18,영업,직영,경기도 파주시 문발동 510-1 번지,1544-0070,http://www.megabox.co.kr/
경기도,파주시,002052,메가박스 파주금촌,6,688,0,6,1,0,0,상설,,가입,메가박스(주),2014-12-20,영업,위탁,"경기도 파주시 금촌동 329-158 번지 (금촌동,엠에이치타워4층)",1544-0070,http://www.megabox.co.kr/
경기도,의정부시,002218,메가박스의정부민락,6,"1,098",0,6,2,0,0,상설,,가입,메가박스(주),2016-05-15,영업,직영,경기도 의정부시 민락동 813-3 번지,1544-0070,www.megabox.co.kr
경기도,오산시,002114,메가박스 오산,6,823,0,6,1,0,0,상설,,가입,메가박스(주),2006-06-27,영업,위탁,"경기도 오산시 원동 300-8 번지 외 4 필지 씨네마아울렛 401호, 501호, 601호",1544-0070,http://www.primuscinema.com/
경기도,수원시,002007,메가박스 수원,5,"1,129",0,5,1,0,0,상설,,가입,메가박스(주),2001-11-10,영업,직영,경기도 수원시 권선구 권선동 1189 번지,1544-0070,http://www.megabox.co.kr/
경기도,남양주시,002054,메가박스 별내,6,454,0,6,0,0,0,상설,,가입,메가박스(주),2014-12-23,영업,위탁,"경기도 남양주시 별내동 936-4 번지 (별내동,황산빌딩)",1544-0070,http://www.megabox.co.kr/
경기도,남양주시,002122,메가박스 남양주,8,"1,149",0,8,3,0,0,상설,,가입,메가박스(주),2006-07-13,영업,위탁,경기 남양주시 호평동 640번지 메인씨네마타워 8층,1544-0070,http://www.megabox.co.kr/
경기도,김포시,002240,메가박스 김포한강신도시,5,712,0,5,0,0,0,상설,,가입,메가박스(주),2018-09-19,영업,직영,경기도 김포시 구래동 6882-4 번지,02-1544-0070,http://www.megabox.co.kr/
경기도,고양시,002180,메가박스 킨텍스,8,"1,720",0,8,4,0,0,상설,,가입,메가박스(주),2010-09-09,영업,직영,경기도 고양시 일산서구 대화동 2602 레이킨스몰 3층,1544-0070,http://www.megabox.co.kr
경기도,고양시,002128,메가박스 일산,8,"1,103",0,8,2,0,0,상설,,가입,메가박스(주),2007-07-11,영업,위탁,"경기 고양시 서구 덕이동 219-8 ,9.10 번지",1544-0070,http://www.megabox.co.kr/
경기도,고양시,002229,메가박스 고양스타필드,9,"1,214",0,9,1,0,0,상설,,가입,메가박스(주),2017-08-17,영업,직영,경기도 고양시 덕양구 동산동 370 번지,02-1544-0070,
강원도,춘천시,003206,메가박스 남춘천,7,"1,134",0,7,0,0,0,상설,,가입,메가박스(주),2017-03-16,영업,위탁,강원도 춘천시 온의동 587-8 번지,02-1544-0070,http://www.megabox.co.kr/
강원도,원주시,003204,메가박스 원주센트럴,9,"1,233",0,9,1,0,0,상설,,가입,메가박스(주),2016-09-28,영업,위탁,강원도 원주시 반곡동 1 번지,010-5189-1282,www.megabox.co.kr
서울시,강북구,001124,CGV 미아,6,692,0,6,3,0,0,상설,,가입,CJ올리브네트웍스(주),2007-04-01,영업,직영,서울특별시 강북구 미아동 35-4 번지 트레지오쇼핑몰 9층,1544-1122,http://www.cgv.co.kr/
경상남도,진주시,007082,롯데시네마 진주엠비씨네,8,675,0,8,4,0,0,상설,,가입,롯데컬처웍스(주)롯데시네마,2018-12-07,영업,위탁,경상남도 진주시 가좌동 700-1 번지 롯데시네마 진주엠비씨네,02-1544-8855,
세종시,연기군,005038,메가박스 세종,5,749,0,5,2,0,0,상설,,가입,메가박스(주),2011-03-09,영업,위탁,충청남도 연기군 조치원읍 교리 24-1 번지,1544-0070,http://www.megabox.co.kr/
서울시,강서구,001228,메가박스 화곡,5,851,0,5,0,0,0,상설,,가입,메가박스(주),2015-05-29,영업,직영,"서울특별시 강서구 화곡동 1073-10 번지 401,501호(화곡동)",1544-0070,www.megabox.co.kr
대구시,중구,012046,대구 그레이스 실버 영화관,1,139,0,1,0,0,0,상설,,가입,인터파크(주),2014-08-23,영업,직영,대구광역시 중구 포정동 5 번지 그레이스 실버 영화관,053-431-1573,
충청남도,천안시,005023,메가박스 천안,9,"1,306",0,9,0,0,0,상설,,가입,메가박스(주),2013-10-01,영업,직영,충청남도 천안시 서북구 두정동 68-16 번지,1544-0070,http://www.megabox.co.kr/
제주도,제주시,010017,롯데시네마 제주삼화,5,372,0,5,1,0,0,상설,,가입,롯데컬처웍스(주)롯데시네마,2018-10-24,영업,위탁,,064-755-5800,
인천시,동구,015044,추억극장미림,1,283,1,1,0,0,0,상설,,가입,인터파크(주),2013-10-02,영업,직영,인천광역시 동구 송현동 92-7 번지,032-764-6920,
경상북도,구미시,006064,메가박스 구미강동,6,976,0,6,2,0,0,상설,,가입,메가박스(주),2012-12-22,영업,직영,경상북도 구미시 진평동 1023-2 번지,1544-0070,http://www.megabox.co.kr/
서울시,중구,001196,롯데시네마 황학,2,118,0,2,2,0,0,상설,,가입,롯데컬처웍스(주)롯데시네마,2012-07-26,영업,직영,서울특별시 중구 황학동 2545 번지 롯데캐슬배니치아 1층,1544-8855,http://www.lottecinema.co.kr/
서울시,마포구,001144,롯데시네마 홍대입구,6,"1,104",0,6,4,0,0,상설,,가입,롯데컬처웍스(주)롯데시네마,2008-01-01,영업,직영,서울특별시 마포구 동교동 166-14 번지,1544-8855,http://www.lottecinema.co.kr/
경기도,화성시,002224,롯데시네마 향남,5,680,0,5,1,0,0,상설,,가입,롯데컬처웍스(주)롯데시네마,2016-09-26,영업,직영,경기도 화성시 향남읍 하길리 1410-1 번지 701호,02-1544-8855,http://www.lottecinema.co.kr
서울시,마포구,001195,롯데시네마 합정,4,733,0,4,2,0,0,상설,,가입,롯데컬처웍스(주)롯데시네마,2012-07-19,영업,직영,서울특별시 마포구 서교동 490 번지 메세나폴리스 2층 롯데시네마,1544-8855,http://www.lottecinema.co.kr/
경상북도,포항시,006036,롯데시네마 포항,8,"1,528",0,8,3,0,0,상설,,가입,롯데컬처웍스(주)롯데시네마,2009-04-21,영업,직영,경상북도 포항시 북구 대흥동 563-3 번지,1544-8855,http://www.lottecinema.co.kr/
경기도,안양시,002204,롯데시네마 평촌,7,"1,492",0,7,5,1,0,상설,,가입,롯데컬처웍스(주)롯데시네마,2012-03-29,영업,직영,경기도 안양시 동안구 호계동 1039 번지,1544-8855,http://www.lottecinema.co.kr/
경기도,파주시,002225,롯데시네마 파주운정,7,"1,238",0,7,2,0,0,상설,,가입,롯데컬처웍스(주)롯데시네마,2016-12-22,영업,직영,경기도 파주시 목동동 17 번지,02-3470-3499,www.lottecinema.co.kr
경기도,파주시,002203,롯데시네마 파주아울렛,7,"1,518",0,7,7,0,0,상설,,가입,롯데컬처웍스(주)롯데시네마,2011-12-01,영업,직영,"경기도 파주시 문발동 644 번지 롯데프리미엄아울렛파주점 B블럭 3,4층",1544-8855,http://www.lottecinema.co.kr/
충청북도,청주시,004039,롯데시네마 청주용암,8,"1,282",0,8,0,0,0,상설,,가입,롯데컬처웍스(주)롯데시네마,2016-11-25,영업,직영,충청북도 청주시 상당구 용암동 1703 번지,,
경기도,양주시,002242,장흥자동차극장,1,60,0,1,0,0,0,상설,,가입,,2014-05-20,영업,직영,경기도 양주시 장흥면 48 번지,,
경기도,용인시,002241,용인자동차극장,2,230,0,0,0,0,0,상설,,가입,,2018-02-08,영업,직영,경기도 용인시 기흥구 보라동 308 번지,031-284-1098,www.drivemovie.co.kr
강원도,인제군,003212,CGV 인제,3,513,0,0,0,0,0,상설,,가입,CJ올리브네트웍스(주),2018-09-22,영업,위탁,강원도 인제군 인제읍 388 번지,,
서울시,동대문구,001164,롯데시네마 청량리,8,"1,737",0,8,4,1,0,상설,,가입,롯데컬처웍스(주)롯데시네마,2010-08-20,영업,직영,서울특별시 동대문구 전농동 591-53 번지,1544-8855,www.lottecinema.co.kr
경상남도,창원시 성산구,007012,롯데시네마 창원,7,"1,319",0,7,6,0,0,상설,,가입,롯데컬처웍스(주)롯데시네마,2002-02-28,영업,직영,경상남도 창원시 성산구 상남동 79 번지,1544-8855,http://www.lottecinema.co.kr/
경상남도,창원시 진해구,007062,롯데시네마 진해,6,952,0,6,2,0,0,상설,,가입,롯데컬처웍스(주)롯데시네마,2012-12-21,영업,직영,경상남도 창원시 진해구 석동 543-3 번지,1544-8855,http://www.lottecinema.co.kr/
경상남도,진주시,007075,롯데시네마 진주혁신,7,"1,268",0,7,2,0,0,상설,,가입,롯데컬처웍스(주)롯데시네마,2016-09-08,영업,직영,경상남도 진주시 충무공동 35 번지 진주롯데몰,02-1544-8855,http://www.lottecinema.co.kr
경기도,남양주시,002184,롯데시네마 진접,3,328,0,3,2,0,0,상설,,가입,롯데컬처웍스(주)롯데시네마,2010-12-23,영업,직영,경기도 남양주시 진접읍 1081-2 번지,1544-8855,http://www.lottecinema.co.kr
경기도,고양시,002199,롯데시네마 주엽(일산),9,"1,241",0,9,2,0,0,상설,,가입,롯데컬처웍스(주)롯데시네마,2011-10-31,영업,직영,경기도 고양시 일산서구 주엽동 22 번지 그랜드백화점(주)일산점9~10층,1544-8855,http://www.lottecinema.co.kr/
전라북도,전주시,008034,롯데시네마 전주평화,6,"1,040",0,6,3,0,0,상설,,가입,롯데컬처웍스(주)롯데시네마,2012-09-27,영업,직영,전라북도 전주시 완산구 평화동1가 604-1 번지,1544-8855,http://www.lottecinema.co.kr/
전라북도,전주시,008020,롯데시네마 전주(롯데백화점),8,"1,632",0,8,6,0,0,상설,,가입,롯데컬처웍스(주)롯데시네마,2004-05-28,영업,직영,전라북도 전주시 완산구 서신동 971 번지 롯데백화점 7층,1544-8855,http://www.lottecinema.co.kr/
인천시,남구,015058,롯데시네마 인천터미널,4,538,0,4,4,0,0,상설,,가입,롯데컬처웍스(주)롯데시네마,2017-11-25,영업,직영,인천광역시 남구 관교동 15 번지 지하1층 롯데시네마,,
인천시,서구,015054,롯데시네마 인천아시아드,6,"1,155",0,6,2,0,0,상설,,가입,롯데컬처웍스(주)롯데시네마,2016-12-23,영업,직영,인천광역시 서구 연희동 378 번지,02-1544-8855,www.lottecinema.co.kr
경기도,안양시,002036,롯데시네마 인덕원,6,916,0,6,2,0,0,상설,,가입,롯데컬처웍스(주)롯데시네마,2013-10-29,영업,직영,경기도 안양시 동안구 관양동 1502-6 번지 (아이퍼스트건물 7~12층),1544-8855,www.lottetcinema.co.kr
경기도,부천시,002239,판타스틱 큐브,1,70,0,1,0,0,0,상설,,가입,인터파크(주),,영업,직영,경기도 부천시 원미구 상1동 394-2 번지 복사골문화센터,,
서울시,광진구,001268,메가박스군자,9,"1,127",0,9,0,0,0,상설,,가입,메가박스(주),2018-09-01,영업,위탁,서울특별시 광진구 군자동 477-12 번지,02-482-8746,
경기도,의정부시,002221,롯데시네마 의정부민락,7,902,0,7,2,0,0,상설,,가입,롯데컬처웍스(주)롯데시네마,2016-08-19,영업,직영,"경기도 의정부시 민락동 804-6 번지 해동타워 8,9층",02-1544-8855,http://www.lottecinema.co.kr
서울시,은평구,001239,롯데시네마 은평,8,"1,336",0,8,2,0,0,상설,,가입,롯데컬처웍스(주)롯데시네마,2016-12-01,영업,직영,서울특별시 은평구 진관동 63 번지,02-1544-8855,http://www.lottecinema.co.kr
대구시,동구,012032,롯데시네마 대구율하,6,"1,394",0,0,0,0,0,상설,,가입,롯데컬처웍스(주)롯데시네마,2010-07-15,영업,직영,대구광역시 동구 율하동 1117 번지,1544-8855,http://www.lottecinema.co.kr/
울산시,중구,014014,롯데시네마 울산성남,7,"1,123",0,7,2,0,0,상설,,가입,롯데컬처웍스(주)롯데시네마,2014-03-20,영업,직영,울산광역시 중구 성남동 256-24 번지,1544-8855,www.lottecinema.co.kr
서울시,용산구,001208,롯데시네마 용산(전자랜드),8,"1,468",0,8,5,0,0,상설,,가입,롯데컬처웍스(주)롯데시네마,2013-08-01,영업,직영,서울특별시 용산구 한강로3가 16-9 번지 용산전자랜드4~5F,1544-8855,http://www.lottecinema.co.kr/
서울시,영등포구,001104,롯데시네마 영등포,7,"1,328",0,7,6,0,0,상설,,가입,롯데컬처웍스(주)롯데시네마,2005-04-29,영업,직영,서울특별시 영등포구 영등포동 618-496 번지 A동 7~9층,1544-8855,http://www.lottecinema.co.kr/
서울시,중구,001102,롯데시네마 에비뉴엘(명동),4,676,0,4,4,0,0,상설,,가입,롯데컬처웍스(주)롯데시네마,2005-03-25,영업,직영,서울특별시 중구 남대문로2가 130 번지,1544-8855,http://www.lottecinema.co.kr/
경기도,안양시,002217,롯데시네마 안양일번가,8,858,0,8,2,0,0,상설,,가입,롯데컬처웍스(주)롯데시네마,2016-05-03,영업,직영,경기도 안양시 만안구 안양동 676-1 번지 9~13층,02-1544-8855,http://www.lottecinema.co.kr
경기도,안양시,002019,롯데시네마 안양(안양역),7,"1,114",0,7,6,0,0,상설,,가입,롯데컬처웍스(주)롯데시네마,2002-05-10,영업,직영,경기도 안양시 만안구 안양동 88-1 번지,1544-8855,http://www.lottecinema.co.kr/
경기도,안산시,002106,롯데시네마 안산(롯데마트),7,"1,575",0,7,5,0,0,상설,,가입,롯데컬처웍스(주)롯데시네마,2005-09-06,영업,직영,경기도 안산시 상록구 성포동 590 번지,1544-8855,http://www.lottecinema.co.kr/
서울시,관악구,001155,롯데시네마 신림,8,"1,494",0,8,6,0,0,상설,,가입,롯데컬처웍스(주)롯데시네마,2009-03-01,영업,직영,서울특별시 관악구 신림동 1641-2 번지 포도몰 10층,1544-8855,http://www.lottecinema.co.kr/
충청남도,아산시,005045,롯데시네마 아산터미널,6,"1,020",0,6,2,0,0,상설,,가입,롯데컬처웍스(주)롯데시네마,2014-01-24,영업,직영,충청남도 아산시 모종동 555-5 번지 아산터미널영화관 9~10층,1544-8855,www.lottecinema.co.kr
경기도,시흥시,002182,롯데시네마 시화,8,"1,140",0,8,2,0,0,상설,,가입,롯데컬처웍스(주)롯데시네마,2011-11-06,영업,직영,경기도 시흥시 정왕동 2327-2 번지,1544-8855,http://www.lottecinema.co.kr/
서울시,강북구,001244,롯데시네마 수유,6,852,0,6,2,0,0,상설,,가입,롯데컬처웍스(주)롯데시네마,2017-04-26,영업,직영,서울특별시 강북구 번동 449-1 번지 11~12층,02-1544-8855,http://www.lottecinema.co.kr
경기도,수원시,002049,롯데시네마 수원,8,"1,980",0,8,4,1,0,상설,,가입,롯데컬처웍스(주)롯데시네마,2014-11-27,영업,직영,경기도 수원시 권선구 서둔동 296-77 번지,1544-8855,
광주시,광산구,016036,롯데시네마 수완,7,"1,397",0,7,5,1,0,상설,,가입,롯데컬처웍스(주)롯데시네마,2012-02-24,영업,직영,광주광역시 광산구 장덕동 1678 번지,1544-8855,http://www.lottecinema.co.kr/
경기도,안산시,002124,롯데시네마 센트럴락(안산),9,"1,429",0,9,2,0,0,상설,,가입,롯데컬처웍스(주)롯데시네마,2007-02-01,영업,직영,경기도 안산시 단원구 고잔동 539-2 번지 7~10층,1544-8855,http://www.lottecinema.co.kr/
대구시,달서구,012014,롯데시네마 성서,9,"1,644",0,9,6,0,0,상설,,가입,롯데컬처웍스(주)롯데시네마,2006-01-19,영업,직영,대구광역시 달서구 이곡동 1244-1 번지,1544-8855,http://www.lottecinema.co.kr/
충청북도,청주시,004031,롯데시네마 서청주,6,"1,286",0,6,3,1,0,상설,,가입,롯데컬처웍스(주)롯데시네마,2012-11-09,영업,직영,충청북도 청주시 흥덕구 비하동 811 번지,1544-8855,http://www.lottecinema.co.kr/
서울시,관악구,001198,롯데시네마 서울대입구,5,687,0,5,2,0,0,상설,,가입,롯데컬처웍스(주)롯데시네마,2012-12-29,영업,직영,서울특별시 관악구 봉천동 862-1 번지 10~12층,1544-8855,http://www.lottecinema.co.kr/
부산시,부산진구,011008,롯데시네마 서면(디시티),7,"1,409",0,7,2,0,0,상설,,가입,롯데컬처웍스(주)롯데시네마,2010-09-01,영업,직영,부산광역시 부산진구 전포동 668-1 번지,1544-8855,http://www.lottecinema.co.kr/
대구시,달서구,012048,롯데시네마 상인,7,"1,276",0,7,2,0,0,상설,,가입,롯데컬처웍스(주)롯데시네마,2015-12-17,영업,직영,대구광역시 달서구 상인동 241 번지,1544-8855,http://www.lottecinema.co.kr
부산시,사상구,011024,롯데시네마 사상(애플아울렛),7,"1,550",0,7,5,0,0,상설,,가입,롯데컬처웍스(주)롯데시네마,2005-01-13,영업,직영,부산광역시 사상구 괘법동 534-2 번지 부산서부버스터미널 3~5층,1544-8855,http://www.lottecinema.co.kr/
인천시,부평구,015036,롯데시네마 부평역사,9,"1,290",0,9,4,0,0,상설,,가입,롯데컬처웍스(주)롯데시네마,2008-09-04,영업,직영,인천광역시 부평구 부평동 738-21 번지 7층,1544-8855,http://www.lottecinema.co.kr/
경기도,부천시,002187,롯데시네마 부천(신중동역),8,"1,298",0,8,3,0,0,상설,,가입,롯데컬처웍스(주)롯데시네마,2011-04-06,영업,직영,경기도 부천시 원미구 중동 1141-2 번지,1544-8855,http://www.lottecinema.co.kr/
부산시,부산진구,011009,롯데시네마 부산본점(백화점),11,"2,062",0,11,9,0,0,상설,,가입,롯데컬처웍스(주)롯데시네마,2001-06-16,영업,직영,부산광역시 부산진구 부전동 503-15 번지 롯데백화점 10층,1544-8855,http://www.lottecinema.co.kr/
경기도,화성시,002119,롯데시네마 병점,8,"1,098",0,8,2,0,0,상설,,가입,롯데컬처웍스(주)롯데시네마,2006-09-28,영업,직영,경기도 화성시 병점동 844-1 번지,1544-8855,http://www.lottecinema.co.kr/
경기도,남양주시,002035,롯데시네마 마석,2,172,0,2,2,0,0,상설,,가입,롯데컬처웍스(주)롯데시네마,2013-06-27,영업,직영,경기도 남양주시 화도읍 255-24 번지,1544-8855,www.lottecinema.co.kr
경기도,고양시,002059,롯데시네마 라페스타(일산),8,"1,490",0,8,5,0,0,상설,,가입,롯데컬처웍스(주)롯데시네마,2003-07-17,영업,직영,경기도 고양시 일산동구 장항동 764 번지 라페스타 C 3층,1544-8855,http://www.lottecinema.co.kr/
강원도,동해시,003042,롯데시네마 동해,5,719,0,5,2,0,0,상설,,가입,롯데컬처웍스(주)롯데시네마,2009-02-22,영업,직영,강원도 동해시 천곡동 864 번지,1544-8855,http://www.lottecinema.co.kr/
대구시,중구,012029,롯데시네마 동성로,8,"1,376",0,8,4,0,0,상설,,가입,롯데컬처웍스(주)롯데시네마,2008-05-16,영업,직영,대구광역시 중구 동성로2가 66-1 번지 더락 4층,1544-8855,http://www.lottecinema.co.kr/
부산시,기장군,011056,롯데시네마 동부산(아울렛),6,"1,014",0,6,2,0,0,상설,,가입,롯데컬처웍스(주)롯데시네마,2014-12-23,영업,직영,부산광역시 기장군 기장읍 당사리 64 번지 동부산 롯데몰 3층 롯데시네마 동부산,1544-8855,http://www.lottecinema.co.kr/
부산시,동래구,011040,롯데시네마 동래,9,"1,581",0,9,6,0,0,상설,,가입,롯데컬처웍스(주)롯데시네마,2008-06-01,영업,직영,부산광역시 동래구 온천동 502-3 번지,1544-8855,http://www.lottecinema.co.kr/
서울시,금천구,001226,롯데시네마 독산,8,"1,606",0,8,3,0,0,상설,,가입,롯데컬처웍스(주)롯데시네마,2014-11-07,영업,직영,서울특별시 금천구 독산동 291-5 번지,1544-8855,http://www.lottecinema.co.kr/
대전시,서구,013028,롯데시네마 대전둔산,10,"1,669",0,10,3,0,0,상설,,가입,롯데컬처웍스(주)롯데시네마,2014-05-31,영업,직영,대전광역시 서구 월평동 243 번지,1544-8855,http://www.lottecinema.co.kr/
경기도,용인시,002238,롯데시네마 용인기흥,7,"1,091",0,7,2,0,0,상설,,가입,롯데컬처웍스(주)롯데시네마,2018-09-12,영업,직영,경기도 용인시 기흥구 구갈동 234 번지,,
대전시,서구,013021,별빛영화마을 대전자동차극장,1,160,0,1,0,0,0,상설,,가입,,,영업,직영,대전광역시 서구 오동 181-1 번지,042-863-0104,
대전시,서구,013007,롯데시네마 대전(롯데백화점),8,"1,144",0,8,4,0,0,상설,,가입,롯데컬처웍스(주)롯데시네마,2000-05-05,영업,직영,대전광역시 서구 괴정동 423-1 번지,1544-8855,http://www.lottecinema.co.kr/
부산시,중구,011061,롯데시네마 대영,6,982,0,6,2,0,0,상설,,가입,롯데컬처웍스(주)롯데시네마,2017-03-16,영업,직영,부산광역시 중구 남포동5가 12-1 번지 대영시네마타운,02-1544-8855,www.lottecinema.co.kr
대구시,서구,012042,롯데시네마 대구광장,7,"1,300",0,7,2,0,0,상설,,가입,롯데컬처웍스(주)롯데시네마,2012-09-28,영업,직영,대구광역시 서구 내당동 463-62 번지 M프라자4층,1544-8855,http://www.lottecinema.co.kr/
서울시,노원구,001109,롯데시네마 노원,10,"1,868",0,10,9,1,0,상설,,가입,롯데컬처웍스(주)롯데시네마,2005-11-23,영업,직영,서울특별시 노원구 상계동 713 번지 롯데백화점 10층,1544-8855,http://www.lottecinema.co.kr/
강원도,원주시,003024,롯데시네마 남원주,7,"1,196",0,7,3,0,0,상설,,가입,롯데컬처웍스(주)롯데시네마,2005-10-28,영업,직영,"강원도 원주시 단구동 1511-2 번지 스타월드 5,6층",1544-8855,http://www.lottecinema.co.kr/
경상남도,김해시,007065,롯데시네마 김해아울렛,6,"1,023",0,6,3,0,0,상설,,가입,롯데컬처웍스(주)롯데시네마,2013-06-28,영업,직영,경상남도 김해시 신문동 1414 번지 롯데아울렛 신관 4층,1544-8855,http://www.lottecinema.co.kr
경상남도,김해시,007066,롯데시네마 김해부원,7,"1,121",0,7,2,0,0,상설,,가입,롯데컬처웍스(주)롯데시네마,2014-05-23,영업,직영,경상남도 김해시 부원동 901 번지,1544-8855,www.lottecinema.co.kr
서울시,강서구,001188,롯데시네마 김포공항,9,"2,095",0,9,6,1,0,상설,,가입,롯데컬처웍스(주)롯데시네마,2011-12-09,영업,직영,서울특별시 강서구 방화동 886 번지 외6필지,1544-8855,http://www.lottecinema.co.kr/
전라북도,군산시,008232,롯데시네마 군산몰,7,"1,014",0,7,2,0,0,상설,,가입,롯데컬처웍스(주)롯데시네마,2018-04-27,영업,직영,전라북도 군산시 조촌동 450-21 번지,02-1544-8855,www.lottecinema.co.kr
전라북도,군산시,008041,롯데시네마 군산나운,7,"1,085",0,7,0,0,0,상설,,가입,롯데컬처웍스(주)롯데시네마,2017-11-01,영업,직영,전라북도 군산시 나운동 114-34 번지 롯데시네마,,
경상북도,구미시,006038,롯데시네마 구미공단,8,"1,203",0,8,1,0,0,상설,,가입,롯데컬처웍스(주)롯데시네마,2006-04-27,영업,직영,"경상북도 구미시 공단동 253-2 번지 4층일부,5~7층전체",1544-8855,http://www.lottecinema.co.kr/
경기도,구리시,002055,롯데시네마 구리아울렛,7,"1,115",0,7,3,0,0,상설,,가입,롯데컬처웍스(주)롯데시네마,2014-12-24,영업,직영,경기도 구리시 인창동 419-7 번지 6~8층 롯데시네마,1544-8855,
경기도,광주시,002208,롯데시네마 광주터미널,3,231,0,3,2,0,0,상설,,가입,롯데컬처웍스(주)롯데시네마,2012-07-27,영업,직영,경기도 광주시 경안동 25-3 번지 광주버스터미널2층,1544-8855,http://www.lottecinema.co.kr/
광주시,동구,016014,롯데시네마 광주(롯데백화점),5,994,0,5,3,0,0,상설,,가입,롯데컬처웍스(주)롯데시네마,2000-07-01,영업,직영,광주광역시 동구 대인동 7-1 번지,1544-8855,http://www.lottecinema.co.kr/
경기도,광명시,002050,롯데시네마 광명아울렛,7,"1,218",0,7,2,0,0,상설,,가입,롯데컬처웍스(주)롯데시네마,2014-12-05,영업,직영,경기도 광명시 일직동 500 번지 롯데프리미엄아울렛 광명점 5층,1544-8855,
경기도,광명시,002063,롯데시네마 광명,6,"1,042",0,6,0,0,0,상설,,가입,롯데컬처웍스(주)롯데시네마,2015-01-08,영업,직영,경기도 광명시 광명동 150-19 번지,1544-8855,http://www.lottecinema.co.kr/
경기도,수원시,002085,롯데시네마 광교아울렛,6,889,0,6,0,0,0,상설,,가입,롯데컬처웍스(주)롯데시네마,2015-09-04,영업,직영,"경기도 수원시 영통구 이의동 1338 번지 롯데아울렛 광교점 4,5층",,
충청남도,금산군,005063,금산시네마,2,150,0,2,1,0,0,상설,,가입,인터파크(주),2018-09-01,영업,위탁,,041-751-7668,
서울시,송파구,001126,잠실자동차극장,2,400,2,0,0,0,0,상설,,가입,인터파크(주),2011-12-30,영업,직영,서울특별시 송파구 잠실동 1168-1 번지,02-3431-0450,http://
대전시,서구,013032,롯데시네마 대전센트럴,7,859,0,7,3,0,0,상설,,가입,롯데컬처웍스(주)롯데시네마,2018-07-19,영업,직영,대전광역시 서구 둔산동 1279 번지,1544-8855,www.lottecinema.co.kr
강원도,강릉시,003043,강릉독립예술극장 신영,1,200,1,1,0,0,0,상설,,가입,맥스무비(주),,영업,직영,강원도 강릉시 임당동 152-2 번지,033-645-7415,
경상북도,경산시,006063,롯데시네마 경산,8,"1,164",0,8,2,0,0,상설,,가입,롯데컬처웍스(주)롯데시네마,2012-11-30,영업,직영,경상북도 경산시 대평동 439-7 번지,1544-8855,http://www.lottecinema.co.kr/
서울시,광진구,001122,롯데시네마 건대입구_샤롯데,1,32,0,1,1,0,0,상설,,가입,롯데컬처웍스(주)롯데시네마,2007-01-26,영업,직영,서울특별시 광진구 자양동 227-7 번지,1544-8855,http://www.lottecinema.co.kr/
서울시,강서구,001234,롯데시네마 가양,6,839,0,6,0,0,0,상설,,가입,롯데컬처웍스(주)롯데시네마,2015-10-17,영업,직영,서울특별시 강서구 등촌동 73-1 번지 롯데시네마 가양,070-7434-4064,
서울시,금천구,001202,롯데시네마 가산디지털,6,"1,054",0,6,3,1,0,상설,,가입,롯데컬처웍스(주)롯데시네마,2013-03-21,영업,직영,서울특별시 금천구 가산동 60-8 번지,1544-8855,http://www.lottecinema.co.kr/
경기도,안성시,001207,롯데시네마 안성,2,164,0,2,2,0,0,상설,,가입,롯데컬처웍스(주)롯데시네마,2013-07-19,영업,직영,경기도 안성시 공도읍 양기리 306-번지 번지 롯데마트 안성점 1층,1544-8855,www.lottecinema.co.kr
경기도,안산시,002068,롯데시네마 안산고잔,7,"1,788",0,7,0,0,0,상설,,가입,롯데컬처웍스(주)롯데시네마,2015-07-17,영업,직영,경기도 안산시 단원구 고잔동 717-2 번지,,
서울시,노원구,001235,롯데시네마 수락산,5,634,0,5,0,0,0,상설,,가입,롯데컬처웍스(주)롯데시네마,2015-11-13,영업,직영,서울특별시 노원구 상계동 1132-35 번지 3~9층,1544-8855,www.lottecinema.co.kr
경기도,평택시,002175,롯데시네마 송탄,5,932,0,5,1,0,0,상설,,가입,롯데컬처웍스(주)롯데시네마,2008-09-06,영업,직영,경기도 평택시 서정동 818-36 번지 8층 (서정동),1544-8855,http://www.lottecinema.co.kr/
경기도,군포시,002216,롯데시네마 산본피트인,7,980,0,7,2,0,0,상설,,가입,롯데컬처웍스(주)롯데시네마,2016-05-02,영업,직영,경기도 군포시 산본동 1145-6 번지 10층 (산본동),02-1544-8855,http://www.lottecinema.co.kr
서울시,강동구,001258,메가박스강동,10,"1,352",0,10,0,0,0,상설,,가입,메가박스(주),2018-05-01,영업,위탁,서울특별시 강동구 성내동 549-1 번지,02-482-8746,
인천시,부평구,015060,씨네큐 부평,6,730,0,6,0,0,0,상설,,가입,(주)넥스트엔터테인먼트월드,2018-06-23,영업,위탁,인천광역시 부평구 부평동 159-15 번지,,www.cineq.co.kr
전라북도,완주군,008223,완주 휴 시네마,2,90,0,2,1,0,0,상설,,가입,인터파크(주),2014-09-18,영업,위탁,전라북도 완주군 봉동읍 881 번지,063-263-9012,
경기도,안성시,002236,CGV 안성,8,"1,001",0,8,2,0,0,상설,,가입,CJ올리브네트웍스(주),2018-05-28,영업,위탁,경기도 안성시 석정동 139-1 번지 CGV안성,031-677-3790,
부산시,남구,011065,부산예술관,1,142,0,1,0,0,0,상설,,가입,인터파크(주),,영업,직영,부산광역시 남구 대연동 965-2 번지 부산예술관,051-622-7711,http://cafe.naver.com/busanartcinema
대구시,북구,012031,롯데시네마 프리미엄칠곡,6,484,0,6,3,0,0,상설,,가입,롯데컬처웍스(주)롯데시네마,2013-09-05,영업,위탁,"대구광역시 북구 구암동 769-1 번지 5층 일부, 6~9층",1544-8855,http://www.lottecinema.co.kr/
광주시,광산구,016045,롯데시네마 광주광산,8,733,0,8,3,0,0,상설,,가입,롯데컬처웍스(주)롯데시네마,2018-04-19,영업,위탁,,,
경상남도,진주시,007030,롯데시네마 프리미엄 진주,9,994,0,9,2,0,0,상설,,가입,롯데컬처웍스(주)롯데시네마,2004-12-02,영업,위탁,경상남도 진주시 중안동 12-13 번지,1544-8855,http://www.lottecinema.co.kr/
광주시,동구,016040,롯데시네마 충장로,9,693,0,9,2,0,0,상설,,가입,롯데컬처웍스(주)롯데시네마,2013-12-19,영업,위탁,광주광역시 동구 황금동 12-2 번지,1544-8855,http://www.lottecinema.co.kr/
서울시,강동구,001096,롯데시네마 강동,10,"1,846",0,10,5,0,0,상설,,가입,롯데컬처웍스(주)롯데시네마,2008-04-24,영업,위탁,서울특별시 강동구 성내동 44-1 번지,1544-8855,http://www.lottecinema.co.kr/
서울시,송파구,001225,롯데시네마 월드타워_샤롯데,3,72,0,3,0,0,0,상설,,가입,롯데컬처웍스(주)롯데시네마,2014-10-15,영업,직영,"서울특별시 송파구 신천동 29 번지 신천동,엔터동롯데시네마(5~11F)",1544-8855,http://www.lottecinema.co.kr/
전라남도,여수시,009028,메가박스 여수,8,793,0,8,3,0,0,상설,,가입,메가박스(주),2005-07-07,영업,위탁,전라남도 여수시 신기동 11 번지,1544-0070,http://www.megabox.co.kr/
광주시,동구,016037,롯데시네마 광주(롯데백화점)_샤롯데,1,30,0,1,0,0,0,상설,,가입,롯데컬처웍스(주)롯데시네마,2000-07-01,영업,직영,광주광역시 동구 대인동 7-1 번지,1544-8855,http://www.lottecinema.co.kr/
서울시,강서구,001189,롯데시네마 김포공항_샤롯데,1,32,0,1,1,0,0,상설,,가입,롯데컬처웍스(주)롯데시네마,2011-12-01,영업,직영,서울특별시 강서구 방화동 886 번지,1544-8855,http://www.lottecinema.co.kr/
충청남도,부여군,005026,금성시네마,2,108,0,2,1,0,0,상설,,가입,맥스무비(주),2009-02-10,영업,직영,충청남도 부여군 부여읍 구아리 209-1 번지,041-833-9999,http://
부산시,중구,011003,CGV 남포,2,236,0,2,0,0,0,상설,,가입,CJ올리브네트웍스(주),2001-11-10,영업,위탁,부산광역시 중구 남포동6가 91 번지,1544-1122,http://www.cgv.co.kr/
대구시,북구,012022,CGV 칠곡,7,"1,099",0,7,3,0,0,상설,,가입,CJ올리브네트웍스(주),2007-10-31,영업,위탁,대구광역시 북구 동천동 894-1 번지,1544-1122,http://www.cgv.co.kr/
충청남도,논산시,005012,논산시네마,5,262,0,5,0,0,0,상설,,가입,맥스무비(주),2003-09-10,영업,직영,충청남도 논산시 반월동 68-19 번지,041-734-7051,http://
서울시,마포구,001146,Cinema상상마당,1,77,1,1,0,0,0,상설,,가입,맥스무비(주),2011-12-05,영업,직영,서울특별시 마포구 서교동 367-5 번지 KT&G 시네마 상상마당,02-330-6243,
대구시,중구,012047,대구독립영화전용관 오오극장,1,55,0,1,0,0,0,상설,,가입,인터파크(주),2015-02-05,영업,직영,대구광역시 중구 수동 1-6 번지 1층,053-425-3553,
인천시,중구,015017,애관극장(인천),5,809,0,5,0,0,0,상설,,가입,맥스무비(주),2004-01-16,영업,직영,인천광역시 중구 경동 238 번지,032-761-7177,http://aekwan.co.kr/
광주시,동구,016013,광주극장,1,824,1,1,0,0,0,상설,,가입,인터파크(주),2004-03-26,영업,직영,광주 동구 충장로5가 62,062-224-5858,http://
강원도,춘천시,003198,CGV 춘천명동,6,698,0,6,1,0,0,상설,,가입,CJ올리브네트웍스(주),2014-05-01,영업,위탁,강원도 춘천시 죽림동 189 번지 (죽림동),1544-1122,
경기도,광명시,002038,CGV 광명철산,6,476,0,6,0,0,0,상설,,가입,CJ올리브네트웍스(주),2014-01-24,영업,위탁,경기도 광명시 철산동 436 번지 덕수빌딩 4층,1544-1122,
경기도,안산시,002211,명화극장,1,212,0,1,0,0,0,상설,,가입,인터파크(주),2012-12-31,영업,직영,경기도 안산시 단원구 고잔동 541-1 번지,031-480-3827,
경기도,양주시,002206,롯데시네마 양주고읍,3,339,0,3,3,0,0,상설,,가입,롯데컬처웍스(주)롯데시네마,2012-04-19,영업,위탁,경기도 양주시 광사동 651-6 번지 광장프라자5층,1544-8855,
제주도,서귀포시,010010,롯데시네마 서귀포,6,649,0,7,2,0,0,상설,,가입,롯데컬처웍스(주)롯데시네마,2005-12-28,영업,위탁,제주특별자치도 서귀포시 법환동 914 번지 월드컵경기장내,1544-8855,http://www.lottecinema.co.kr/
경상남도,거제시,007037,CGV 거제,7,"1,223",0,7,2,0,0,상설,,가입,CJ올리브네트웍스(주),2006-09-28,영업,직영,경상남도 거제시 신현읍 고현리 958-15,1544-1122,http://www.cgv.co.kr/
경기도,광주시,002231,CGV 경기광주,8,"1,202",0,8,2,0,0,상설,,가입,CJ올리브네트웍스(주),2017-09-30,영업,위탁,경기도 광주시 역동 16-1 번지,,
인천시,연수구,015043,CGV 인천연수,6,"1,213",0,6,2,0,0,상설,,가입,CJ올리브네트웍스(주),2012-10-05,영업,직영,인천광역시 연수구 동춘동 926 번지 스퀘어원 쇼핑몰 4층,1544-1122,http://www.cgv.co.kr/
경상남도,통영시,007064,CGV 통영,6,735,0,6,0,0,0,상설,,가입,CJ올리브네트웍스(주),2013-03-29,영업,위탁,경상남도 통영시 북신동 698-1 번지 월드지브이존,1544-1122,http://www.cgv.co.kr/
강원도,강릉시,003209,강릉자동차극장,1,30,0,1,0,0,0,상설,,가입,맥스무비(주),2017-07-19,영업,직영,강원도 강릉시 구정면 어단리 478-132 번지,033-645-7200,www.강릉자동차극장.채ㅡ
대구시,중구,012045,CGV 대구아카데미,7,"1,166",0,7,2,0,0,상설,,가입,CJ올리브네트웍스(주),2014-01-24,영업,직영,대구광역시 중구 남일동 65-1 번지 아카데미시네마 3층-8층,1544-1122,
서울시,중구,001105,롯데시네마 에비뉴엘(명동)_샤롯데,1,34,0,1,1,0,0,상설,,가입,롯데컬처웍스(주)롯데시네마,2005-03-25,영업,직영,서울특별시 중구 남대문로2가 130 번지,1544-8855,http://www.lottecinema.co.kr/
전라남도,여수시,009055,여수자동차극장,1,0,0,0,0,0,0,상설,,가입,,2017-03-29,영업,직영,전라남도 여수시 소호동 928 번지,061-691-6263,http://www.yeosudit.com
경기도,화성시,002227,화성시문화재단 모두누림센터 누림아트홀,1,286,0,1,1,0,0,상설,,가입,인터파크(주),2017-03-15,영업,직영,경기도 화성시 반송동 108 번지 동탄복합문화센터 (반송동),031-357-5254,http://www.hcf.or.kr/
충청남도,예산군,005056,예산시네마,2,99,0,2,1,0,0,상설,,가입,인터파크(주),,영업,위탁,충청남도 예산군 예산읍 247-11 번지,041-333-2441,
광주시,북구,016039,광주자동차극장,2,320,0,2,1,0,0,상설,,가입,맥스무비(주),2017-02-22,영업,직영,광주광역시 북구 생용동 90 번지,062-575-5717,http://www.cinemapark.kr
경기도,양주시,002202,메가박스 양주,4,550,0,4,2,0,0,상설,,가입,메가박스(주),2011-12-27,영업,위탁,경기 양주시 광사동 651 해동월드타워 10F,1544-0070,http://www.megabox.co.kr
광주시,동구,016042,CGV 광주충장로,5,719,0,5,0,0,0,상설,,가입,CJ올리브네트웍스(주),2017-01-26,영업,위탁,광주광역시 동구 충장로4가 29-2 번지 충장로 4가 CGV광주충장로,,
경상북도,경주시,006062,롯데시네마 경주,2,373,0,2,0,0,0,상설,,가입,롯데컬처웍스(주)롯데시네마,2012-01-13,영업,위탁,경상북도 경주시 노동동 73-2 번지 2층,1544-8855,http://www.lottecinema.co.kr/
전라북도,전주시,008022,메가박스 송천,8,"1,180",0,8,6,0,0,상설,,가입,메가박스(주),2004-09-24,영업,위탁,전라북도 전주시 덕진구 송천동2가 661-15 번지 메가월드 A동 3층,1544-0070,http://www.megabox.co.kr/
충청남도,홍성군,005034,용봉산시네마자동차극장,1,70,0,0,0,0,0,상설,,가입,맥스무비(주),,영업,직영,충청남도 홍성군 홍북면 상하리 88-22 번지,041-631-8123,http://
경기도,안성시,002133,무비마운틴자동차극장,2,100,0,2,0,0,0,상설,,가입,맥스무비(주),2011-02-07,영업,직영,경기도 안성시 원곡면 449-1 번지,031-655-4895,http://
경기도,파주시,002149,자유로자동차극장(파주),2,250,0,2,0,0,0,상설,,가입,맥스무비(주),2002-06-20,영업,직영,경기 파주시 탄현면 성동리 646,031-945-0609,http://
대구시,동구,012018,씨네80자동차극장,1,350,0,1,0,0,0,상설,,가입,맥스무비(주),,영업,직영,대구광역시 동구 용수동 50-1 번지,053-984-8008,
서울시,동대문구,001107,롯데시네마 장안,7,"1,085",0,7,2,0,0,상설,,가입,롯데컬처웍스(주)롯데시네마,2012-12-22,영업,위탁,서울특별시 동대문구 장안동 368-1 번지,1544-8855,http://www.primuscinema.com/
서울시,강남구,001169,메가박스 씨티(강남대로),4,719,0,4,2,0,0,상설,,가입,메가박스(주),2016-06-09,영업,위탁,서울특별시 강남구 역삼동 816 번지,,
경기도,수원시,002037,메가박스 수원남문,4,607,0,4,1,0,0,상설,,가입,메가박스(주),2013-12-20,영업,위탁,경기도 수원시 팔달구 팔달로3가 84-5 번지,1544-0070,http://www.megabox.co.kr/
서울시,종로구,001099,CGV 피카디리 1958,8,"1,244",0,8,4,0,0,상설,,가입,CJ올리브네트웍스(주),2015-12-03,영업,직영,서울특별시 종로구 돈의동 137 번지,1544-1122,http://www.thepicca.co.kr/
경상남도,밀양시,007020,밀양시네마,2,300,0,2,0,0,0,상설,,가입,인터파크(주),2010-08-30,영업,직영,경상남도 밀양시 내이동 1565-16 번지,055-356-3606,http://
경기도,부천시,002186,한국만화영상진흥원,1,386,1,1,1,0,0,상설,,가입,인터파크(주),2009-08-13,영업,직영,경기도 부천시 원미구 상동 529-2 번지 한국만화영상진흥원,032-310-3093,http://www.komacon.kr
전라북도,전주시,008042,전주디지털독립영화관,1,98,1,1,0,0,0,상설,,가입,맥스무비(주),,영업,직영,전북 전주시 완산구 고사동 객사 3길 18 전주영화제작소 4층,063-231-3377,http://www.jiff.or.kr
세종시,연기군,01739,세종자동차극장,2,120,0,2,0,0,0,상설,,가입,,2013-12-30,영업,직영,세종특별자치시 대평동 261-4 번지,,
경기도,양평군,00432,양평자동차극장,1,0,0,0,0,0,0,상설,,가입,,2013-05-06,영업,직영,경기도 양평군 양평읍 오빈리 365-9 번지,031-773-7893,
경기도,동두천시,002074,동광극장(구 문화극장3관),1,283,1,1,0,0,0,상설,,가입,맥스무비(주),1986-07-01,영업,직영,경기도 동두천시 생연동 828-2 번지,031-867-3030,http://
경상남도,거제시,007063,거제 엠파크 씨네세븐,6,814,0,6,0,0,0,상설,,가입,인터파크(주),,영업,직영,경상남도 거제시 고현동 961-57 번지,055-638-2091,
인천시,부평구,015010,인천대한극장,2,245,0,2,1,0,0,상설,,가입,맥스무비(주),1973-07-01,영업,직영,인천광역시 부평구 부평동 534-27 번지,032-503-3330,http://
서울시,성북구,001191,KU시네마트랩,1,144,1,1,0,0,0,상설,,가입,맥스무비(주),2012-02-10,영업,직영,서울특별시 성북구 안암동5가 1-2 번지 고려대학교 미디어관 4층,02-924-6579,www.kucineamatrap.kr
대구시,중구,012013,동성아트홀,1,126,1,1,0,0,0,상설,,가입,인터파크(주),1992-10-01,영업,직영,대구 중구 동성로1가 22-1,053-425-2845,http://
경기도,성남시,002151,롯데시네마 성남신흥,6,"1,104",0,6,0,0,0,상설,,가입,롯데컬처웍스(주)롯데시네마,2007-09-17,영업,위탁,경기도 성남시 수정구 신흥동 2463-4 번지,1544-8855,http://www.lottecinema.co.kr/
경기도,성남시,002112,롯데시네마 성남,6,714,0,6,0,0,0,상설,,가입,롯데컬처웍스(주)롯데시네마,2005-12-29,영업,위탁,경기도 성남시 중원구 성남동 3499 번지 니즈몰 9층,1544-8855,http://www.lottecinema.co.kr/
충청남도,서산시,005039,롯데시네마 서산,7,"1,036",0,7,6,0,0,상설,,가입,롯데컬처웍스(주)롯데시네마,2011-04-28,영업,위탁,충청남도 서산시 동문동 193-1 번지,1544-8855,http://www.lottecinema.co.kr/
경기도,오산시,002141,롯데시네마 오산,6,578,0,6,2,0,0,상설,,가입,롯데컬처웍스(주)롯데시네마,2007-07-11,영업,위탁,경기도 오산시 원동 763-21 번지 오산시네마타운 5층 사무실,1544-8855,http://
경기도,양평군,002189,양평시네마,1,152,0,1,0,0,0,상설,,가입,인터파크(주),1994-10-29,영업,직영,경기도 양평군 양평읍 양근리 422-2 번지,031-771-2154,
서울시,종로구,001193,인디스페이스,1,210,0,1,0,0,0,상설,,가입,맥스무비(주),,영업,직영,서울특별시 종로구 관수동 59-7 번지,02-738-0366,
대전시,동구,013027,CGV 대전가오,7,"1,163",0,7,3,0,0,상설,,가입,CJ올리브네트웍스(주),2013-03-07,영업,직영,대전광역시 동구 가오동 557 번지 4층,1544-1122,http://www.cgv.co.kr/
서울시,중구,001165,청춘극장,1,260,0,1,0,0,0,상설,,가입,인터파크(주),2010-10-02,영업,직영,서울특별시 중구 충정로1가 68 번지 문화일보사건물,02-3672-4235,http://
부산시,해운대구,011039,롯데시네마 센텀시티(백화점)_샤롯데,1,30,0,1,1,0,0,상설,,가입,롯데컬처웍스(주)롯데시네마,2007-12-07,영업,직영,부산광역시 해운대구 우동 1496 번지,1544-8855,http://www.lottecinema.co.kr/
대구시,중구,012030,롯데시네마 동성로_샤롯데,1,36,0,1,1,0,0,상설,,가입,롯데컬처웍스(주)롯데시네마,2008-05-16,영업,직영,대구광역시 중구 동성로2가 66-1 번지 (동성로 2가),1544-8855,http://www.lottecinema.co.kr/
경기도,안양시,002205,롯데시네마 평촌_샤롯데,1,30,0,1,1,0,0,상설,,가입,롯데컬처웍스(주)롯데시네마,2012-03-29,영업,직영,경기도 안양시 동안구 호계동 1039 번지,1544-8855,http://www.lottecinema.co.kr/
경기도,안산시,002107,롯데시네마 안산(롯데마트)_샤롯데,1,32,0,1,1,0,0,상설,,가입,롯데컬처웍스(주)롯데시네마,2005-09-07,영업,직영,경기도 안산시 상록구 성포동 590 번지 롯데마트 안산점 4층,1544-8855,http://www.lottecinema.co.kr/
충청남도,공주시,005021,메가박스 공주,7,802,0,7,3,0,0,상설,,가입,메가박스(주),2009-07-01,영업,위탁,충청남도 공주시 신관동 248-11 번지,1544-0070,http://www.megabox.co.kr/
전라남도,목포시,009047,메가박스 목포,3,374,0,3,0,0,0,상설,,가입,메가박스(주),2014-12-23,영업,위탁,전라남도 목포시 죽동 22-3 번지 3~5층,1544-0070,http://www.megabox.co.kr/
경상남도,창원시 마산회원구,007056,롯데시네마 마산터미널,7,"1,091",0,7,1,0,0,상설,,가입,롯데컬처웍스(주)롯데시네마,2010-12-15,영업,위탁,경상남도 창원시 마산회원구 합성2동 267 번지,1544-8855,http://www.lottecinema.co.kr/
충청남도,서천군,005033,로드시네마자동차극장,2,200,0,2,0,0,0,상설,,가입,맥스무비(주),,영업,직영,충남 서천군 마서면 도삼리 69-1,041-956-5564,
전라남도,구례군,009048,구례자연드림시네마,2,140,0,2,2,0,0,상설,,가입,인터파크(주),2014-04-23,영업,직영,전라남도 구례군 용방면 931 번지,061-783-8993,
울산시,북구,014012,블루마씨네자동차극장,1,90,0,1,0,0,0,상설,,가입,,,영업,직영,울산광역시 북구 산하동 166-1 번지,052-298-6622,
서울시,광진구,001166,KU시네마테크,1,152,1,1,0,0,0,상설,,가입,맥스무비(주),2010-12-28,영업,직영,서울특별시 광진구 화양동 1 번지 건국대학교 예술디자인대학 B108호 KU시네마테크,02-446-6579,www.kucine.kr
부산시,사하구,011031,부산시네마(을숙도자동차극장),1,100,0,1,0,0,0,상설,,가입,,,영업,직영,부산광역시 사하구 하단동 1149-5 번지,051-208-5200,
대전시,동구,013019,대전아트시네마,1,150,1,1,0,0,0,상설,,가입,맥스무비(주),2006-04-01,영업,직영,대전광역시 동구 중동 27-12 번지 3층,042-472-1138,http://
대구시,수성구,012007,시네마M,1,520,0,1,1,0,0,상설,,가입,인터파크(주),2000-12-01,영업,직영,대구광역시 수성구 범어동 1 번지,053-740-9924,http://
경상북도,영주시,006020,예당시네마,1,95,0,1,0,0,0,상설,,가입,맥스무비(주),2011-11-09,영업,직영,경상북도 영주시 영주동 377-18 번지,054-634-8855,http://
부산시,중구,011055,롯데시네마 광복_샤롯데,1,40,0,1,1,0,0,상설,,가입,롯데컬처웍스(주)롯데시네마,2014-08-28,영업,직영,부산광역시 중구 중앙동7가 20-1 번지 중앙동 7가 롯데몰 광복마트,1544-8855,http://www.lottecinema.co.kr/
인천시,중구,015042,CGV 인천공항,2,245,0,2,2,0,0,상설,,가입,CJ올리브네트웍스(주),2012-01-14,영업,직영,인천광역시 중구 운서동 2840 번지 인천공항교통센터 지하1층,1544-1122,http://www.cgv.co.kr
경기도,동두천시,002073,문화극장,2,293,0,2,1,0,0,상설,,가입,맥스무비(주),1972-01-01,영업,직영,경기도 동두천시 생연동 616-2 번지,031-865-2480,http://
경기도,남양주시,002142,파랑새자동차극장,1,100,0,1,0,0,0,상설,,가입,,2012-02-20,영업,직영,경기도 남양주시 와부읍 109-4 번지,031-591-4000,
대구시,중구,012043,CGV 대구한일,5,832,0,5,2,0,0,상설,,가입,CJ올리브네트웍스(주),2012-12-28,영업,직영,대구광역시 중구 동성로2가 88-22 번지 엑슨밀라노 7층,1544-1122,http://www.cgv.co.kr
대구시,수성구,012044,CGV 대구수성,4,804,0,4,2,0,0,상설,,가입,CJ올리브네트웍스(주),2013-05-23,영업,직영,대구광역시 수성구 범물동 1273 번지,1544-1122,
강원도,원주시,003026,원주벤허자동차극장,1,50,1,0,0,0,0,상설,,가입,,,영업,직영,강원도 원주시 흥업면 사제리 1652 번지,033-731-0595,http://
경기도,의정부시,002040,CGV 의정부태흥,9,"1,362",0,9,2,0,0,상설,,가입,CJ올리브네트웍스(주),2014-01-23,영업,직영,"경기도 의정부시 의정부동 494 번지 센트럴타워 14,15층",1544-1122,
경기도,용인시,002188,CGV 동백,8,"1,144",0,8,3,0,0,상설,,가입,CJ올리브네트웍스(주),2011-05-18,영업,위탁,경기도 용인시 기흥구 중동 833 번지 쥬네브썬월드 6008,1544-1122,http://www.cgv.co.kr
경기도,시흥시,002169,CGV 시흥,4,563,0,4,0,0,0,상설,,가입,CJ올리브네트웍스(주),2008-01-24,영업,위탁,경기도 시흥시 대야동 568-1 번지,1544-1122,http://www.cgv.co.kr/
인천시,서구,015025,롯데시네마 검단,6,624,0,6,2,0,0,상설,,가입,롯데컬처웍스(주)롯데시네마,2006-09-28,영업,직영,인천광역시 서구 왕길동 662-1 번지,1544-8855,http://www.lottecinema.co.kr/
경기도,김포시,002190,CGV 김포풍무,2,192,0,2,1,0,0,상설,,가입,CJ올리브네트웍스(주),2011-09-06,영업,직영,경기도 김포시 풍무동 38-1 번지 지하2층,1544-1122,http://www.cgv.co.kr
경기도,고양시,002209,CGV 화정,8,886,0,8,3,0,0,상설,,가입,CJ올리브네트웍스(주),2012-09-13,영업,위탁,경기도 고양시 덕양구 화정동 966-1 번지 시네마플러스 401호,1544-1122,http://www.cgv.co.kr/
전라북도,남원시,008023,메가박스 남원,4,615,0,4,0,0,0,상설,,가입,메가박스(주),2008-06-26,영업,위탁,전라북도 남원시 쌍교동 82-1 번지,1544-0070,http://www.megabox.co.kr/
서울시,은평구,001027,메가박스 은평,6,711,0,6,2,0,0,상설,,가입,메가박스(주),2006-12-30,영업,위탁,서울특별시 은평구 불광2동 304-2 번지 파레제페 빌딩 5층-8층,1544-0070,http://www.megabox.co.kr/
경상남도,통영시,007055,롯데시네마 통영줌아울렛,7,"1,269",0,7,0,0,0,상설,,가입,롯데컬처웍스(주)롯데시네마,2010-04-02,영업,위탁,"경상남도 통영시 무전동 986 번지 3,4층",1544-8855,http://www.lottecinema.co.kr/
경기도,파주시,002046,CGV 파주문산,3,341,0,3,2,0,0,상설,,가입,CJ올리브네트웍스(주),2014-07-23,영업,직영,경기도 파주시 문산읍 892 번지 (3층),1544-1122,
경기도,김포시,002048,CGV 김포운양,4,424,0,4,2,0,0,상설,,가입,CJ올리브네트웍스(주),2014-10-31,영업,직영,경기도 김포시 운양동 1296-9 번지,1544-1122,
전라북도,김제시,001210,지평선시네마,2,99,0,2,1,0,0,상설,,가입,인터파크(주),2013-08-26,영업,직영,전라북도 김제시 검산동 산62-1 번지 김제시 지평선 시네마,063-547-1501,
서울시,종로구,001103,허리우드클래식,1,300,1,1,0,0,0,상설,,가입,인터파크(주),2005-04-01,영업,직영,서울 종로구 낙원동 284-6 낙원상가4층,02-3672-4232,
경기도,여주군,002096,월드시네마(경기여주),3,325,0,3,0,0,0,상설,,가입,인터파크(주),2008-01-14,영업,직영,경기도 여주군 여주읍 홍문리 273월드피아 5층,031-886-2603,http://wdcinema.co.kr